customerID,RiskScore,RiskTier,tenure,MonthlyCharges,Contract,InternetService,PaymentMethod
2424-WVHPL,8,call this week,1,74.7,Month-to-month,Fiber optic,Electronic check
0021-IKXGC,8,call this week,1,72.1,Month-to-month,Fiber optic,Electronic check
8775-ERLNB,8,call this week,1,74.3,Month-to-month,Fiber optic,Electronic check
9603-OAIHC,8,call this week,1,70.05,Month-to-month,Fiber optic,Electronic check
3878-AVSOQ,8,call this week,1,71.25,Month-to-month,Fiber optic,Electronic check
9605-WGJVW,8,call this week,1,70.2,Month-to-month,Fiber optic,Electronic check
2545-EBUPK,8,call this week,2,84.05,Month-to-month,Fiber optic,Electronic check
9799-CAYJJ,8,call this week,2,69.3,Month-to-month,Fiber optic,Electronic check
2880-FPNAE,8,call this week,2,74.2,Month-to-month,Fiber optic,Electronic check
5119-NZPTV,8,call this week,2,70.1,Month-to-month,Fiber optic,Electronic check
4854-CIDCF,8,call this week,3,73.85,Month-to-month,Fiber optic,Electronic check
5150-ITWWB,8,call this week,3,94.85,Month-to-month,Fiber optic,Electronic check
0221-WMXNQ,8,call this week,4,75.35,Month-to-month,Fiber optic,Electronic check
6630-UJZMY,8,call this week,4,83.25,Month-to-month,Fiber optic,Electronic check
1251-STYSZ,8,call this week,4,80.25,Month-to-month,Fiber optic,Electronic check
3223-DWFIO,8,call this week,4,69.35,Month-to-month,Fiber optic,Electronic check
1197-BVMVG,8,call this week,4,74.45,Month-to-month,Fiber optic,Electronic check
0581-BXBUB,8,call this week,4,72.75,Month-to-month,Fiber optic,Electronic check
7044-YAACC,8,call this week,4,70.2,Month-to-month,Fiber optic,Electronic check
6350-XFYGW,8,call this week,4,94.75,Month-to-month,Fiber optic,Electronic check
0644-OQMDK,8,call this week,4,70.65,Month-to-month,Fiber optic,Electronic check
2799-ARNLO,8,call this week,5,69.35,Month-to-month,Fiber optic,Electronic check
6705-LXORM,8,call this week,5,70.05,Month-to-month,Fiber optic,Electronic check
8242-SOQUO,8,call this week,5,84.7,Month-to-month,Fiber optic,Electronic check
4395-PZMSN,8,call this week,5,85.55,Month-to-month,Fiber optic,Electronic check
6458-CYIDZ,8,call this week,5,80.7,Month-to-month,Fiber optic,Electronic check
4847-TAJYI,8,call this week,6,89.35,Month-to-month,Fiber optic,Electronic check
9957-YODKZ,8,call this week,6,80.8,Month-to-month,Fiber optic,Electronic check
1658-TJVOA,8,call this week,6,74.1,Month-to-month,Fiber optic,Electronic check
6229-LSCKB,8,call this week,6,79.7,Month-to-month,Fiber optic,Electronic check
4115-NZRKS,8,call this week,7,89.15,Month-to-month,Fiber optic,Electronic check
2123-AGEEN,8,call this week,7,84.35,Month-to-month,Fiber optic,Electronic check
0187-QSXOE,8,call this week,7,89,Month-to-month,Fiber optic,Electronic check
9334-GWGOW,8,call this week,7,74.85,Month-to-month,Fiber optic,Electronic check
2077-MPJQO,8,call this week,7,75.4,Month-to-month,Fiber optic,Electronic check
1016-DJTSV,8,call this week,8,69.7,Month-to-month,Fiber optic,Electronic check
1200-TUZHR,8,call this week,8,85.2,Month-to-month,Fiber optic,Electronic check
4884-ZTHVF,8,call this week,8,87.1,Month-to-month,Fiber optic,Electronic check
6860-YRJZP,8,call this week,9,74.05,Month-to-month,Fiber optic,Electronic check
2688-BHGOG,8,call this week,9,79.55,Month-to-month,Fiber optic,Electronic check
6969-MVBAI,8,call this week,9,90.1,Month-to-month,Fiber optic,Electronic check
9518-XXBXE,8,call this week,10,75.3,Month-to-month,Fiber optic,Electronic check
5701-YVSVF,8,call this week,11,82.9,Month-to-month,Fiber optic,Electronic check
3292-PBZEJ,8,call this week,11,111.4,Month-to-month,Fiber optic,Electronic check
7206-PQBBZ,8,call this week,11,70.2,Month-to-month,Fiber optic,Electronic check
5288-AHOUP,8,call this week,11,78.5,Month-to-month,Fiber optic,Electronic check
1452-VOQCH,7,call this week,1,75.1,Month-to-month,Fiber optic,Electronic check
7439-DKZTW,7,call this week,1,80.55,Month-to-month,Fiber optic,Electronic check
2018-QKYGT,7,call this week,1,81.05,Month-to-month,Fiber optic,Electronic check
8309-IEYJD,7,call this week,1,70.6,Month-to-month,Fiber optic,Mailed check
1393-IMKZG,7,call this week,1,95.85,Month-to-month,Fiber optic,Electronic check
2262-SLNVK,7,call this week,1,70.1,Month-to-month,Fiber optic,Electronic check
5542-TBBWB,7,call this week,1,69.9,Month-to-month,Fiber optic,Electronic check
5043-TRZWM,7,call this week,1,75.55,Month-to-month,Fiber optic,Electronic check
1640-PLFMP,7,call this week,1,70.25,Month-to-month,Fiber optic,Electronic check
8687-BAFGU,7,call this week,1,74,Month-to-month,Fiber optic,Electronic check
7465-ZZRVX,7,call this week,1,70.35,Month-to-month,Fiber optic,Electronic check
7577-SWIFR,7,call this week,1,89.25,Month-to-month,Fiber optic,Electronic check
9840-EFJQB,7,call this week,1,74.35,Month-to-month,Fiber optic,Electronic check
1941-HOSAM,7,call this week,1,90.1,Month-to-month,Fiber optic,Electronic check
4273-MBHYA,7,call this week,1,89.35,Month-to-month,Fiber optic,Electronic check
4912-PIGUY,7,call this week,1,84.6,Month-to-month,Fiber optic,Electronic check
1628-BIZYP,7,call this week,1,85,Month-to-month,Fiber optic,Electronic check
4929-XIHVW,7,call this week,2,95.5,Month-to-month,Fiber optic,Credit card (automatic)
4482-EWFMI,7,call this week,2,69.7,Month-to-month,Fiber optic,Electronic check
4234-XTNEA,7,call this week,2,79.95,Month-to-month,Fiber optic,Electronic check
6923-JHPMP,7,call this week,2,80.45,Month-to-month,Fiber optic,Electronic check
0139-IVFJG,7,call this week,2,90.35,Month-to-month,Fiber optic,Electronic check
4741-WWJQZ,7,call this week,2,80.15,Month-to-month,Fiber optic,Electronic check
7321-VGNKU,7,call this week,2,70.35,Month-to-month,Fiber optic,Electronic check
6407-UTSLV,7,call this week,2,83.8,Month-to-month,Fiber optic,Bank transfer (automatic)
5091-HFAZW,7,call this week,2,91.15,Month-to-month,Fiber optic,Electronic check
9050-IKDZA,7,call this week,2,81.5,Month-to-month,Fiber optic,Mailed check
4927-WWOOZ,7,call this week,2,91.45,Month-to-month,Fiber optic,Electronic check
6645-MXQJT,7,call this week,2,97.1,Month-to-month,Fiber optic,Electronic check
4770-UEZOX,7,call this week,2,74.75,Month-to-month,Fiber optic,Electronic check
2897-DOVND,7,call this week,2,69.8,Month-to-month,Fiber optic,Electronic check
3489-HHPFY,7,call this week,2,84.05,Month-to-month,Fiber optic,Electronic check
0508-OOLTO,7,call this week,2,71.65,Month-to-month,Fiber optic,Electronic check
7394-LWLYN,7,call this week,2,70.15,Month-to-month,Fiber optic,Electronic check
9717-QEBGU,7,call this week,2,70.3,Month-to-month,Fiber optic,Electronic check
3420-YJLQT,7,call this week,2,79.55,Month-to-month,Fiber optic,Electronic check
7379-FNIUJ,7,call this week,2,100.2,Month-to-month,Fiber optic,Electronic check
3295-YVUSR,7,call this week,2,72.6,Month-to-month,Fiber optic,Mailed check
2080-GKCWQ,7,call this week,2,74.95,Month-to-month,Fiber optic,Electronic check
3422-GALYP,7,call this week,2,79.45,Month-to-month,Fiber optic,Electronic check
5442-BHQNG,7,call this week,2,70.35,Month-to-month,Fiber optic,Electronic check
3071-VBYPO,7,call this week,3,89.85,Month-to-month,Fiber optic,Electronic check
3966-HRMZA,7,call this week,3,75.05,Month-to-month,Fiber optic,Mailed check
0455-XFASS,7,call this week,3,69.55,Month-to-month,Fiber optic,Electronic check
6077-BDPXA,7,call this week,3,70.15,Month-to-month,Fiber optic,Electronic check
2984-AFWNC,7,call this week,3,95.4,Month-to-month,Fiber optic,Electronic check
2081-VEYEH,7,call this week,3,107.95,Month-to-month,Fiber optic,Electronic check
7398-SKNQZ,7,call this week,3,94.9,Month-to-month,Fiber optic,Electronic check
3318-NMQXL,7,call this week,3,92,Month-to-month,Fiber optic,Electronic check
7245-NIIWQ,7,call this week,3,69.85,Month-to-month,Fiber optic,Electronic check
2789-HQBOU,7,call this week,3,80.35,Month-to-month,Fiber optic,Electronic check
0258-NOKBL,7,call this week,3,90.4,Month-to-month,Fiber optic,Electronic check
9643-AVVWI,7,call this week,3,80,Month-to-month,Fiber optic,Electronic check
6357-JJPQT,7,call this week,3,80.5,Month-to-month,Fiber optic,Electronic check
4090-KPJIP,7,call this week,3,74.95,Month-to-month,Fiber optic,Electronic check
0225-ZORZP,7,call this week,3,84.3,Month-to-month,Fiber optic,Electronic check
9633-XQABV,7,call this week,3,70.25,Month-to-month,Fiber optic,Electronic check
3370-HXOPH,7,call this week,3,76.1,Month-to-month,Fiber optic,Electronic check
2325-NBPZG,7,call this week,3,74.55,Month-to-month,Fiber optic,Electronic check
7823-JSOAG,7,call this week,3,74.5,Month-to-month,Fiber optic,Electronic check
3411-WLRSQ,7,call this week,3,74.6,Month-to-month,Fiber optic,Bank transfer (automatic)
3191-CSNMG,7,call this week,3,80.7,Month-to-month,Fiber optic,Electronic check
8266-VBFQL,7,call this week,4,90.4,Month-to-month,Fiber optic,Electronic check
0793-TWELN,7,call this week,4,80.15,Month-to-month,Fiber optic,Electronic check
2038-OEQZH,7,call this week,4,86.05,Month-to-month,Fiber optic,Electronic check
3496-LFSZU,7,call this week,4,70.5,Month-to-month,Fiber optic,Electronic check
3904-UKFRE,7,call this week,4,80.1,Month-to-month,Fiber optic,Electronic check
4749-OJKQU,7,call this week,4,75.65,Month-to-month,Fiber optic,Electronic check
5339-PXDVH,7,call this week,4,90.65,Month-to-month,Fiber optic,Electronic check
6786-OBWQR,7,call this week,5,80.85,Month-to-month,Fiber optic,Electronic check
6198-ZFIOJ,7,call this week,5,75.6,Month-to-month,Fiber optic,Electronic check
6435-SRWBJ,7,call this week,5,82.75,Month-to-month,Fiber optic,Electronic check
3420-ZDBMA,7,call this week,5,71.45,Month-to-month,Fiber optic,Mailed check
8739-XNIKG,7,call this week,5,84,Month-to-month,Fiber optic,Electronic check
6734-GMPVK,7,call this week,5,105.3,Month-to-month,Fiber optic,Electronic check
0018-NYROU,7,call this week,5,68.95,Month-to-month,Fiber optic,Electronic check
6918-UMQCG,7,call this week,5,80.2,Month-to-month,Fiber optic,Electronic check
5399-ZIMKF,7,call this week,5,74.65,Month-to-month,Fiber optic,Electronic check
4853-OITSN,7,call this week,5,89.15,Month-to-month,Fiber optic,Electronic check
4566-NECEV,7,call this week,5,96.55,Month-to-month,Fiber optic,Electronic check
8622-ZLFKO,7,call this week,6,90.75,Month-to-month,Fiber optic,Electronic check
3453-RTHJQ,7,call this week,6,69.1,Month-to-month,Fiber optic,Electronic check
5760-FXFVO,7,call this week,6,78.95,Month-to-month,Fiber optic,Electronic check
7326-RIGQZ,7,call this week,6,69.8,Month-to-month,Fiber optic,Electronic check
8035-PWSEV,7,call this week,6,89.25,Month-to-month,Fiber optic,Electronic check
3462-BJQQA,7,call this week,6,89.75,Month-to-month,Fiber optic,Electronic check
4291-SHSBH,7,call this week,7,69.55,Month-to-month,Fiber optic,Electronic check
7905-NJMXS,7,call this week,7,64.2,Month-to-month,DSL,Electronic check
7351-KYHQH,7,call this week,7,64.95,Month-to-month,DSL,Electronic check
1475-VWVDO,7,call this week,7,74.9,Month-to-month,Fiber optic,Electronic check
0722-SVSFK,7,call this week,7,100.4,Month-to-month,Fiber optic,Electronic check
8325-QRPZR,7,call this week,7,75.15,Month-to-month,Fiber optic,Electronic check
0840-DFEZH,7,call this week,7,75.35,Month-to-month,Fiber optic,Electronic check
1077-HUUJM,7,call this week,7,71.05,Month-to-month,Fiber optic,Electronic check
8161-QYMTT,7,call this week,7,94.1,Month-to-month,Fiber optic,Electronic check
4060-LDNLU,7,call this week,7,96.2,Month-to-month,Fiber optic,Electronic check
5168-MSWXT,7,call this week,8,94.75,Month-to-month,Fiber optic,Electronic check
8584-KMVXD,7,call this week,8,75.6,Month-to-month,Fiber optic,Electronic check
3030-YDNRM,7,call this week,8,74.85,Month-to-month,Fiber optic,Electronic check
2754-SDJRD,7,call this week,8,100.15,Month-to-month,Fiber optic,Credit card (automatic)
4813-HQMGZ,7,call this week,8,90.25,Month-to-month,Fiber optic,Electronic check
9796-BPKIW,7,call this week,8,69.95,Month-to-month,Fiber optic,Credit card (automatic)
3199-XGZCY,7,call this week,8,75.25,Month-to-month,Fiber optic,Electronic check
4480-QQRHC,7,call this week,8,74.05,Month-to-month,Fiber optic,Bank transfer (automatic)
8541-QVFKM,7,call this week,8,73.5,Month-to-month,Fiber optic,Electronic check
8270-RKSAP,7,call this week,9,70.5,Month-to-month,Fiber optic,Electronic check
7363-QTBIW,7,call this week,9,79.75,Month-to-month,Fiber optic,Electronic check
1219-NNDDO,7,call this week,9,76.85,Month-to-month,Fiber optic,Electronic check
7020-OZKXZ,7,call this week,9,75.5,Month-to-month,Fiber optic,Credit card (automatic)
8087-LGYHQ,7,call this week,9,94.05,Month-to-month,Fiber optic,Electronic check
3987-KQDDU,7,call this week,9,75.6,Month-to-month,Fiber optic,Electronic check
0570-BFQHT,7,call this week,9,80.55,Month-to-month,Fiber optic,Electronic check
2018-PZKMU,7,call this week,9,103.1,Month-to-month,Fiber optic,Electronic check
4123-DVHPH,7,call this week,9,88.05,Month-to-month,Fiber optic,Electronic check
8118-TJAFG,7,call this week,9,101.5,Month-to-month,Fiber optic,Electronic check
7354-OIJLX,7,call this week,9,75.85,Month-to-month,Fiber optic,Electronic check
5928-QLDHB,7,call this week,9,76.25,Month-to-month,Fiber optic,Electronic check
4299-SIMNS,7,call this week,9,81.15,Month-to-month,Fiber optic,Electronic check
8990-ZXLSU,7,call this week,9,69.05,Month-to-month,Fiber optic,Electronic check
5022-JNQEQ,7,call this week,9,75.85,Month-to-month,Fiber optic,Electronic check
8778-LMWTJ,7,call this week,9,74.85,Month-to-month,Fiber optic,Electronic check
6339-YPSAH,7,call this week,9,73.8,Month-to-month,Fiber optic,Electronic check
2215-ZAFGX,7,call this week,9,85.5,Month-to-month,Fiber optic,Electronic check
3914-FDRHP,7,call this week,9,86.25,Month-to-month,Fiber optic,Electronic check
8734-DKSTZ,7,call this week,10,85.95,Month-to-month,Fiber optic,Electronic check
1960-UYCNN,7,call this week,10,95.25,Month-to-month,Fiber optic,Electronic check
6818-DJXAA,7,call this week,10,91.1,Month-to-month,Fiber optic,Electronic check
9773-PEQBZ,7,call this week,10,79.85,Month-to-month,Fiber optic,Electronic check
2657-VPXTA,7,call this week,10,88.85,Month-to-month,Fiber optic,Electronic check
9494-MRNYX,7,call this week,10,75.05,Month-to-month,Fiber optic,Electronic check
2501-XWWTZ,7,call this week,11,70.2,Month-to-month,Fiber optic,Electronic check
5879-SESNB,7,call this week,11,75.25,Month-to-month,Fiber optic,Electronic check
2460-NGXBJ,7,call this week,11,75.2,Month-to-month,Fiber optic,Credit card (automatic)
1391-UBDAR,7,call this week,11,72.9,Month-to-month,Fiber optic,Electronic check
7928-VJYAB,7,call this week,11,90.6,Month-to-month,Fiber optic,Electronic check
9093-FPDLG,7,call this week,11,94.2,Month-to-month,Fiber optic,Electronic check
0315-LVCRK,7,call this week,11,84.8,Month-to-month,Fiber optic,Electronic check
3969-GYXEL,7,call this week,11,76.4,Month-to-month,Fiber optic,Electronic check
3797-FKOGQ,7,call this week,11,86.2,Month-to-month,Fiber optic,Electronic check
7072-MBHEV,7,call this week,11,78.1,Month-to-month,Fiber optic,Credit card (automatic)
5271-DBYSJ,7,call this week,11,79.15,Month-to-month,Fiber optic,Credit card (automatic)
1173-XZPYF,7,call this week,11,89.2,Month-to-month,Fiber optic,Electronic check
5348-CAGXB,7,call this week,12,89.55,Month-to-month,Fiber optic,Electronic check
7145-FEJWU,7,call this week,12,105.3,Month-to-month,Fiber optic,Electronic check
7517-LDMPS,7,call this week,12,84.6,Month-to-month,Fiber optic,Electronic check
8800-JOOCF,7,call this week,12,84.05,Month-to-month,Fiber optic,Electronic check
1508-DFXCU,7,call this week,12,81.45,Month-to-month,Fiber optic,Electronic check
8104-OSKWT,7,call this week,12,79.8,Month-to-month,Fiber optic,Electronic check
7858-GTZSP,7,call this week,12,86.55,Month-to-month,Fiber optic,Electronic check
8224-DWCKX,7,call this week,12,73.3,Month-to-month,Fiber optic,Credit card (automatic)
1319-YLZJG,7,call this week,12,84.6,Month-to-month,Fiber optic,Electronic check
5429-LWCMV,7,call this week,12,89.15,Month-to-month,Fiber optic,Electronic check
3338-CVVEH,7,call this week,12,94.55,Month-to-month,Fiber optic,Electronic check
1689-YQBYY,7,call this week,12,76.6,Month-to-month,Fiber optic,Electronic check
9290-SHCMB,7,call this week,13,96.85,Month-to-month,Fiber optic,Electronic check
0916-QOFDP,7,call this week,14,95.8,Month-to-month,Fiber optic,Electronic check
8107-KNCIM,7,call this week,14,75.1,Month-to-month,Fiber optic,Electronic check
3320-VEOYC,7,call this week,14,95.6,Month-to-month,Fiber optic,Electronic check
6646-JPPHA,7,call this week,14,78.85,Month-to-month,Fiber optic,Electronic check
9402-ORRAH,7,call this week,15,91.5,Month-to-month,Fiber optic,Electronic check
6583-KQJLK,7,call this week,15,94.65,Month-to-month,Fiber optic,Electronic check
5937-EORGB,7,call this week,15,96.5,Month-to-month,Fiber optic,Electronic check
6557-BZXLQ,7,call this week,16,69.65,Month-to-month,Fiber optic,Electronic check
4583-PARNH,7,call this week,16,91.55,Month-to-month,Fiber optic,Electronic check
1226-IENZN,7,call this week,16,78.75,Month-to-month,Fiber optic,Electronic check
5935-FCCNB,7,call this week,17,94.2,Month-to-month,Fiber optic,Electronic check
3629-ZNKXA,7,call this week,17,101.8,Month-to-month,Fiber optic,Electronic check
7225-CBZPL,7,call this week,17,94.8,Month-to-month,Fiber optic,Electronic check
7668-XCFYV,7,call this week,17,92.55,Month-to-month,Fiber optic,Electronic check
0650-BWOZN,7,call this week,18,73.55,Month-to-month,Fiber optic,Electronic check
9208-OLGAQ,7,call this week,18,84.95,Month-to-month,Fiber optic,Electronic check
0439-IFYUN,7,call this week,18,74.7,Month-to-month,Fiber optic,Electronic check
3452-GWUIN,7,call this week,19,94.95,Month-to-month,Fiber optic,Electronic check
1580-BMCMR,7,call this week,19,87.3,Month-to-month,Fiber optic,Electronic check
4716-HHKQH,7,call this week,20,107.05,Month-to-month,Fiber optic,Electronic check
4612-SSVHJ,7,call this week,20,81.45,Month-to-month,Fiber optic,Electronic check
1302-UHBDD,7,call this week,20,89.95,Month-to-month,Fiber optic,Electronic check
8875-AKBYH,7,call this week,20,84.35,Month-to-month,Fiber optic,Electronic check
5956-YHHRX,7,call this week,21,104.35,Month-to-month,Fiber optic,Electronic check
4824-GUCBY,7,call this week,22,81.7,Month-to-month,Fiber optic,Electronic check
2504-DSHIH,7,call this week,23,86.8,Month-to-month,Fiber optic,Electronic check
6242-MBHPK,7,call this week,23,95.1,Month-to-month,Fiber optic,Electronic check
6507-ZJSUR,7,call this week,23,90.45,Month-to-month,Fiber optic,Electronic check
5995-SNNEW,7,call this week,23,104.45,Month-to-month,Fiber optic,Electronic check
2322-VCZHZ,7,call this week,23,90,Month-to-month,Fiber optic,Electronic check
7278-CKDNC,7,call this week,24,80.5,Month-to-month,Fiber optic,Electronic check
0537-QYZZN,7,call this week,24,79.85,Month-to-month,Fiber optic,Electronic check
8040-MNRTF,6,call this week,1,71.1,Month-to-month,Fiber optic,Mailed check
1866-OBPNR,6,call this week,1,74.6,Month-to-month,Fiber optic,Credit card (automatic)
0817-HSUSE,6,call this week,1,75.5,Month-to-month,DSL,Electronic check
4706-DGAHW,6,call this week,1,45.2,Month-to-month,DSL,Electronic check
2792-LSHWX,6,call this week,1,83.4,Month-to-month,Fiber optic,Mailed check
2468-SJFLM,6,call this week,1,74.3,Month-to-month,Fiber optic,Mailed check
9617-INGJY,6,call this week,1,70.6,Month-to-month,Fiber optic,Mailed check
2254-DLXRI,6,call this week,1,79.15,Month-to-month,Fiber optic,Mailed check
6185-TASNN,6,call this week,1,46.3,Month-to-month,DSL,Electronic check
8720-RQSBJ,6,call this week,1,44,Month-to-month,DSL,Electronic check
2920-RNCEZ,6,call this week,1,69.95,Month-to-month,Fiber optic,Credit card (automatic)
5032-MIYKT,6,call this week,1,70.7,Month-to-month,Fiber optic,Mailed check
1928-BXYIV,6,call this week,1,61.15,Month-to-month,DSL,Electronic check
1746-TGTWV,6,call this week,1,75.35,Month-to-month,Fiber optic,Credit card (automatic)
0224-RLWWD,6,call this week,2,44.3,Month-to-month,DSL,Electronic check
3234-VKACU,6,call this week,2,70.3,Month-to-month,DSL,Electronic check
3717-OEAUQ,6,call this week,2,70.7,Month-to-month,Fiber optic,Mailed check
4137-BTIKL,6,call this week,2,90.75,Month-to-month,Fiber optic,Mailed check
3995-WFCSM,6,call this week,2,60.85,Month-to-month,DSL,Electronic check
9137-NOQKA,6,call this week,2,19.2,Month-to-month,No,Electronic check
3130-ICDUP,6,call this week,2,80.55,Month-to-month,Fiber optic,Credit card (automatic)
4450-DLLMH,6,call this week,2,71.3,Month-to-month,Fiber optic,Credit card (automatic)
5600-KTXFM,6,call this week,2,69.95,Month-to-month,Fiber optic,Mailed check
2905-KFQUV,6,call this week,2,70.4,Month-to-month,Fiber optic,Credit card (automatic)
6856-RAURS,6,call this week,2,74.9,Month-to-month,Fiber optic,Mailed check
3798-EPWRR,6,call this week,2,43.95,Month-to-month,DSL,Electronic check
5122-CYFXA,6,call this week,3,75.3,Month-to-month,DSL,Electronic check
2800-VEQXM,6,call this week,3,74.75,Month-to-month,Fiber optic,Mailed check
5760-IFJOZ,6,call this week,3,107.95,Month-to-month,Fiber optic,Mailed check
0411-EZJZE,6,call this week,3,60.25,Month-to-month,DSL,Electronic check
3916-NRPAP,6,call this week,3,85.7,Month-to-month,Fiber optic,Credit card (automatic)
5356-CSVSQ,6,call this week,3,64.6,Month-to-month,DSL,Electronic check
8543-MSDMF,6,call this week,3,77.4,Month-to-month,DSL,Electronic check
1212-GLHMD,6,call this week,3,86.05,Month-to-month,Fiber optic,Mailed check
8617-ENBDS,6,call this week,3,73.6,Month-to-month,Fiber optic,Credit card (automatic)
0432-CAJZV,6,call this week,3,90.7,Month-to-month,Fiber optic,Mailed check
0641-EVBOJ,6,call this week,3,82.3,Month-to-month,Fiber optic,Mailed check
4029-HPFVY,6,call this week,3,70.3,Month-to-month,Fiber optic,Mailed check
1078-TDCRN,6,call this week,3,30.75,Month-to-month,DSL,Electronic check
4983-CCWMC,6,call this week,3,69.6,Month-to-month,Fiber optic,Mailed check
7952-OBOYL,6,call this week,3,89.85,Month-to-month,Fiber optic,Mailed check
9398-MMQTO,6,call this week,3,74.45,Month-to-month,Fiber optic,Credit card (automatic)
8120-JDCAM,6,call this week,4,69.55,Month-to-month,Fiber optic,Mailed check
8714-CTZJW,6,call this week,4,82.85,Month-to-month,Fiber optic,Credit card (automatic)
2674-MIAHT,6,call this week,4,80.3,Month-to-month,Fiber optic,Mailed check
0928-JMXNP,6,call this week,4,29.9,Month-to-month,DSL,Electronic check
4132-KALRO,6,call this week,4,100.85,Month-to-month,Fiber optic,Mailed check
8404-GFGCZ,6,call this week,4,65.6,Month-to-month,DSL,Electronic check
8313-KTIHG,6,call this week,4,61.3,Month-to-month,DSL,Electronic check
9714-EDSUC,6,call this week,4,94.9,Month-to-month,Fiber optic,Mailed check
3855-ONCAR,6,call this week,4,78.9,Month-to-month,Fiber optic,Mailed check
7905-TVXTA,6,call this week,5,64.35,Month-to-month,DSL,Electronic check
2135-DQWAQ,6,call this week,5,85.3,Month-to-month,Fiber optic,Mailed check
2041-JIJCI,6,call this week,5,64,Month-to-month,DSL,Electronic check
6175-IRFIT,6,call this week,5,78.75,Month-to-month,Fiber optic,Mailed check
6034-YMTOB,6,call this week,5,75.65,Month-to-month,Fiber optic,Mailed check
9389-ACWBI,6,call this week,5,69.95,Month-to-month,Fiber optic,Credit card (automatic)
9696-RMYBA,6,call this week,5,80.1,Month-to-month,Fiber optic,Mailed check
8212-DJRCH,6,call this week,5,90.35,Month-to-month,Fiber optic,Mailed check
9620-ENEJV,6,call this week,6,70.55,Month-to-month,Fiber optic,Credit card (automatic)
6137-NICCO,6,call this week,6,94.05,Month-to-month,Fiber optic,Mailed check
9741-YLNTD,6,call this week,6,87.95,Month-to-month,Fiber optic,Bank transfer (automatic)
8132-YPVBX,6,call this week,6,85.95,Month-to-month,Fiber optic,Mailed check
8873-GLDMH,6,call this week,6,73.85,Month-to-month,Fiber optic,Mailed check
2235-DWLJU,6,call this week,6,44.4,Month-to-month,DSL,Electronic check
5605-IYGFG,6,call this week,7,69.85,Month-to-month,Fiber optic,Bank transfer (automatic)
4431-EDMIQ,6,call this week,7,75.7,Month-to-month,DSL,Electronic check
4059-IIEBK,6,call this week,7,78.55,Month-to-month,Fiber optic,Bank transfer (automatic)
2272-UOINI,6,call this week,7,78.5,Month-to-month,DSL,Electronic check
8160-HOWOX,6,call this week,7,66.85,Month-to-month,DSL,Electronic check
0015-UOCOJ,6,call this week,7,48.2,Month-to-month,DSL,Electronic check
0567-GGCAC,6,call this week,7,61.4,Month-to-month,DSL,Electronic check
5533-NHFRF,6,call this week,7,44.4,Month-to-month,DSL,Electronic check
0958-YHXGP,6,call this week,7,69.9,Month-to-month,Fiber optic,Mailed check
8993-IZEUX,6,call this week,7,69.15,Month-to-month,Fiber optic,Bank transfer (automatic)
5044-LRQAQ,6,call this week,7,69.2,Month-to-month,Fiber optic,Bank transfer (automatic)
4343-EJVQB,6,call this week,7,74.35,Month-to-month,Fiber optic,Mailed check
3780-YVMFA,6,call this week,8,68.55,Month-to-month,DSL,Electronic check
6496-JDSSB,6,call this week,8,80,Month-to-month,Fiber optic,Bank transfer (automatic)
9489-UTFKA,6,call this week,8,60.9,Month-to-month,DSL,Bank transfer (automatic)
1907-YLNYW,6,call this week,8,66.7,Month-to-month,DSL,Electronic check
2373-NTKOD,6,call this week,8,66.25,Month-to-month,DSL,Electronic check
5405-ZMYXQ,6,call this week,8,74.6,Month-to-month,Fiber optic,Credit card (automatic)
7967-HYCDE,6,call this week,8,70.7,Month-to-month,Fiber optic,Bank transfer (automatic)
1465-LNTLJ,6,call this week,8,64.4,Month-to-month,DSL,Credit card (automatic)
7994-UYIVZ,6,call this week,8,85.65,Month-to-month,Fiber optic,Bank transfer (automatic)
1849-RJYIG,6,call this week,8,60,Month-to-month,DSL,Electronic check
9552-TGUZV,6,call this week,8,75,Month-to-month,Fiber optic,Mailed check
4226-KKDON,6,call this week,8,66.65,Month-to-month,DSL,Electronic check
5568-DMXZS,6,call this week,8,65.45,Month-to-month,DSL,Electronic check
4445-ZJNMU,6,call this week,9,99.3,Month-to-month,Fiber optic,Credit card (automatic)
7426-RHZGU,6,call this week,9,95.9,Month-to-month,Fiber optic,Bank transfer (automatic)
0196-JTUQI,6,call this week,9,75.2,Month-to-month,Fiber optic,Credit card (automatic)
5141-ZUVBH,6,call this week,9,93,Month-to-month,Fiber optic,Bank transfer (automatic)
4633-MKHYU,6,call this week,9,88.4,Month-to-month,Fiber optic,Mailed check
2252-ISRNH,6,call this week,9,90.35,One year,Fiber optic,Electronic check
5895-QSXOD,6,call this week,9,70.05,Month-to-month,Fiber optic,Mailed check
2959-FENLU,6,call this week,9,85.3,Month-to-month,Fiber optic,Credit card (automatic)
9547-ITEFG,6,call this week,9,102.6,Month-to-month,Fiber optic,Credit card (automatic)
7410-OIEDU,6,call this week,10,79.85,Month-to-month,Fiber optic,Mailed check
5183-SNMJQ,6,call this week,10,95.1,Month-to-month,Fiber optic,Credit card (automatic)
9272-LSVYH,6,call this week,10,70.15,Month-to-month,Fiber optic,Mailed check
5652-MSDEY,6,call this week,10,75.75,Month-to-month,Fiber optic,Mailed check
5606-AMZBO,6,call this week,10,78.15,Month-to-month,Fiber optic,Credit card (automatic)
9700-ISPUP,6,call this week,10,65.5,Month-to-month,DSL,Electronic check
3587-PMCOY,6,call this week,10,98.9,One year,Fiber optic,Electronic check
8981-FJGLA,6,call this week,11,78,Month-to-month,Fiber optic,Mailed check
6416-YJTTB,6,call this week,11,79.5,Month-to-month,Fiber optic,Bank transfer (automatic)
5035-BVCXS,6,call this week,11,75.9,Month-to-month,Fiber optic,Mailed check
1399-UBQIU,6,call this week,11,69.35,Month-to-month,DSL,Electronic check
1089-HDMKP,6,call this week,11,54.55,Month-to-month,DSL,Electronic check
6652-YFFJO,6,call this week,11,64.9,Month-to-month,DSL,Electronic check
4680-KUTAJ,6,call this week,11,55.6,Month-to-month,DSL,Electronic check
7446-YPODE,6,call this week,11,60.25,Month-to-month,DSL,Bank transfer (automatic)
3088-LHEFH,6,call this week,11,79,Month-to-month,Fiber optic,Bank transfer (automatic)
1353-LJWEM,6,call this week,11,60.9,Month-to-month,DSL,Electronic check
7077-XJMET,6,call this week,12,74.15,Month-to-month,DSL,Electronic check
4672-FOTSD,6,call this week,12,67.25,Month-to-month,DSL,Electronic check
8272-ONJLV,6,call this week,12,95.7,One year,Fiber optic,Electronic check
2187-PKZAY,6,call this week,12,79.95,Month-to-month,Fiber optic,Bank transfer (automatic)
4536-PLEQY,6,call this week,12,85.05,Month-to-month,Fiber optic,Credit card (automatic)
4415-WNGVR,6,call this week,12,79.2,One year,DSL,Electronic check
2694-CIUMO,6,call this week,12,79.55,Month-to-month,Fiber optic,Credit card (automatic)
2876-GZYZC,6,call this week,13,85.95,Month-to-month,Fiber optic,Electronic check
9506-UXUSK,6,call this week,13,70.15,Month-to-month,Fiber optic,Electronic check
7852-LECYP,6,call this week,13,93.8,Month-to-month,Fiber optic,Credit card (automatic)
6078-VESFR,6,call this week,13,70.45,Month-to-month,Fiber optic,Bank transfer (automatic)
3644-QXEHN,6,call this week,13,97,Month-to-month,Fiber optic,Electronic check
7315-WYOAW,6,call this week,13,100.75,Month-to-month,Fiber optic,Electronic check
0928-XUTSN,6,call this week,13,80.5,Month-to-month,Fiber optic,Electronic check
7296-PIXQY,6,call this week,14,70.2,Month-to-month,Fiber optic,Electronic check
9314-IJWSQ,6,call this week,14,84.8,Month-to-month,Fiber optic,Electronic check
4559-UWIHT,6,call this week,14,82.65,Month-to-month,Fiber optic,Electronic check
7901-HXJVA,6,call this week,14,76.45,Month-to-month,Fiber optic,Electronic check
6986-IXNDM,6,call this week,14,92.9,Month-to-month,Fiber optic,Electronic check
5599-HVLTW,6,call this week,14,80.35,Month-to-month,Fiber optic,Bank transfer (automatic)
3317-VLGQT,6,call this week,14,78.1,Month-to-month,Fiber optic,Electronic check
9094-AZPHK,6,call this week,15,100.15,Month-to-month,Fiber optic,Electronic check
7508-SMHXL,6,call this week,15,89,Month-to-month,Fiber optic,Credit card (automatic)
1379-FRVEB,6,call this week,15,91,Month-to-month,Fiber optic,Electronic check
8903-WMRNW,6,call this week,15,101.75,Month-to-month,Fiber optic,Electronic check
4298-OYIFC,6,call this week,15,103.45,Month-to-month,Fiber optic,Electronic check
2507-QZPQS,6,call this week,15,95.7,Month-to-month,Fiber optic,Electronic check
6719-OXYBR,6,call this week,15,85.3,Month-to-month,Fiber optic,Electronic check
6215-NQCPY,6,call this week,15,99.7,Month-to-month,Fiber optic,Electronic check
0771-WLCLA,6,call this week,16,112.95,Month-to-month,Fiber optic,Electronic check
4301-VVZKA,6,call this week,16,75.4,Month-to-month,Fiber optic,Electronic check
5989-PGKJB,6,call this week,16,86.25,Month-to-month,Fiber optic,Electronic check
9121-PHQSR,6,call this week,16,85.05,Month-to-month,Fiber optic,Credit card (automatic)
0577-WHMEV,6,call this week,16,90.7,Month-to-month,Fiber optic,Electronic check
3703-KBKZP,6,call this week,16,74.45,Month-to-month,Fiber optic,Bank transfer (automatic)
2739-CACDQ,6,call this week,17,82.65,Month-to-month,Fiber optic,Credit card (automatic)
7126-RBHSD,6,call this week,17,78.9,Month-to-month,Fiber optic,Electronic check
6198-RTPMF,6,call this week,17,92.6,Month-to-month,Fiber optic,Electronic check
3365-SAIGS,6,call this week,17,83.55,Month-to-month,Fiber optic,Electronic check
0365-BZUWY,6,call this week,17,102.55,Month-to-month,Fiber optic,Electronic check
9432-VOFYX,6,call this week,17,70.8,Month-to-month,Fiber optic,Electronic check
9903-LYSAB,6,call this week,18,73.15,Month-to-month,Fiber optic,Electronic check
1769-GRUIK,6,call this week,18,71.1,Month-to-month,Fiber optic,Electronic check
7268-IGMFD,6,call this week,18,93.9,Month-to-month,Fiber optic,Bank transfer (automatic)
7801-KICAO,6,call this week,18,74.15,Month-to-month,Fiber optic,Electronic check
4465-VDKIQ,6,call this week,18,77.8,Month-to-month,Fiber optic,Electronic check
4521-YEEHE,6,call this week,18,88.85,Month-to-month,Fiber optic,Electronic check
8630-FJLIB,6,call this week,18,69.8,Month-to-month,Fiber optic,Electronic check
0365-GXEZS,6,call this week,18,78.2,Month-to-month,Fiber optic,Electronic check
8490-BXHEO,6,call this week,18,80.55,Month-to-month,Fiber optic,Credit card (automatic)
3096-GKWEB,6,call this week,18,94.75,Month-to-month,Fiber optic,Electronic check
7401-RUBNK,6,call this week,18,74.8,Month-to-month,Fiber optic,Electronic check
2122-YWVYA,6,call this week,18,75.4,Month-to-month,Fiber optic,Electronic check
2027-CWDNU,6,call this week,18,85.6,Month-to-month,Fiber optic,Electronic check
9129-UXERG,6,call this week,18,103.6,Month-to-month,Fiber optic,Credit card (automatic)
3197-ARFOY,6,call this week,19,105,Month-to-month,Fiber optic,Mailed check
2916-BQZLN,6,call this week,19,84.75,Month-to-month,Fiber optic,Electronic check
0480-BIXDE,6,call this week,19,96.8,Month-to-month,Fiber optic,Electronic check
0168-XZKBB,6,call this week,19,86.85,Month-to-month,Fiber optic,Electronic check
3427-GGZZI,6,call this week,19,89.1,Month-to-month,Fiber optic,Electronic check
2604-IJPDU,6,call this week,20,96.55,Month-to-month,Fiber optic,Electronic check
4468-KAZHE,6,call this week,20,60,Month-to-month,DSL,Electronic check
6729-GDNGC,6,call this week,20,80.7,Month-to-month,Fiber optic,Bank transfer (automatic)
3955-JBZZM,6,call this week,20,78.8,Month-to-month,Fiber optic,Electronic check
4183-MYFRB,6,call this week,21,90.05,Month-to-month,Fiber optic,Electronic check
5628-FCGYG,6,call this week,21,84.1,Month-to-month,Fiber optic,Electronic check
7855-DIWPO,6,call this week,21,68.65,Month-to-month,Fiber optic,Electronic check
9919-KNPOO,6,call this week,21,94.3,Month-to-month,Fiber optic,Electronic check
0491-KAPQG,6,call this week,21,73.7,Month-to-month,Fiber optic,Electronic check
9279-CJEOJ,6,call this week,21,95.4,Month-to-month,Fiber optic,Bank transfer (automatic)
7964-VEXDG,6,call this week,21,80.35,Month-to-month,Fiber optic,Electronic check
7658-UYUQS,6,call this week,21,86.55,Month-to-month,Fiber optic,Bank transfer (automatic)
0682-USIXD,6,call this week,21,86.05,Month-to-month,Fiber optic,Electronic check
7277-OZCGZ,6,call this week,22,89.05,Month-to-month,Fiber optic,Electronic check
5382-SOYZL,6,call this week,22,95.1,Month-to-month,Fiber optic,Electronic check
1845-CSBRZ,6,call this week,22,85.35,Month-to-month,Fiber optic,Bank transfer (automatic)
9779-DPNEJ,6,call this week,22,80.15,Month-to-month,Fiber optic,Electronic check
7392-YYPYJ,6,call this week,22,100.65,Month-to-month,Fiber optic,Electronic check
5934-RMPOV,6,call this week,22,84.75,Month-to-month,Fiber optic,Electronic check
9054-FOWNV,6,call this week,22,88.75,Month-to-month,Fiber optic,Electronic check
0921-OHLVP,6,call this week,22,83.05,Month-to-month,Fiber optic,Electronic check
9927-DSWDF,6,call this week,22,104.6,Month-to-month,Fiber optic,Electronic check
1754-GKYPY,6,call this week,22,89.75,Month-to-month,Fiber optic,Bank transfer (automatic)
5016-IBERQ,6,call this week,23,84.25,Month-to-month,Fiber optic,Electronic check
3956-CJUST,6,call this week,23,75.4,Month-to-month,Fiber optic,Bank transfer (automatic)
2811-POVEX,6,call this week,23,88.45,Month-to-month,Fiber optic,Bank transfer (automatic)
2070-XYMFH,6,call this week,23,79.35,Month-to-month,Fiber optic,Mailed check
7892-QVYKW,6,call this week,23,85.6,Month-to-month,Fiber optic,Electronic check
0027-KWYKW,6,call this week,23,83.75,Month-to-month,Fiber optic,Electronic check
2985-FMWYF,6,call this week,23,93.5,Month-to-month,Fiber optic,Electronic check
8313-NDOIA,6,call this week,24,104.15,Month-to-month,Fiber optic,Electronic check
3509-GWQGF,6,call this week,24,70,Month-to-month,Fiber optic,Credit card (automatic)
7030-NJVDP,6,call this week,24,89.25,Month-to-month,Fiber optic,Electronic check
3569-EDBPQ,6,call this week,24,84.35,Month-to-month,Fiber optic,Electronic check
2960-NKRSO,6,call this week,24,85.95,Month-to-month,Fiber optic,Electronic check
1307-ATKGB,6,call this week,24,89.55,Month-to-month,Fiber optic,Electronic check
9360-OMDZZ,6,call this week,24,94.1,Month-to-month,Fiber optic,Electronic check
9058-MJLZC,6,call this week,24,94.6,Month-to-month,Fiber optic,Electronic check
2371-JQHZZ,6,call this week,24,93,Month-to-month,Fiber optic,Electronic check
5666-CYCYZ,6,call this week,24,89.55,Month-to-month,Fiber optic,Electronic check
7924-GJZFI,6,call this week,25,69.3,Month-to-month,Fiber optic,Electronic check
7402-EYFXX,6,call this week,26,93.6,Month-to-month,Fiber optic,Electronic check
9355-NPPFS,6,call this week,26,78.8,Month-to-month,Fiber optic,Electronic check
9365-SRSZE,6,call this week,27,70.55,Month-to-month,Fiber optic,Electronic check
6030-REHUX,6,call this week,28,110.85,Month-to-month,Fiber optic,Electronic check
1104-TNLZA,6,call this week,28,105.8,Month-to-month,Fiber optic,Electronic check
5117-IFGPS,6,call this week,29,84.3,Month-to-month,Fiber optic,Electronic check
3001-UNBTL,6,call this week,29,103.95,Month-to-month,Fiber optic,Electronic check
3312-ZWLGF,6,call this week,29,79.3,Month-to-month,Fiber optic,Electronic check
6267-DCFFZ,6,call this week,30,90.05,Month-to-month,Fiber optic,Electronic check
7748-UMTRK,6,call this week,30,101.3,Month-to-month,Fiber optic,Electronic check
2107-FBPTK,6,call this week,30,104.1,Month-to-month,Fiber optic,Electronic check
1028-FFNJK,6,call this week,30,101.5,Month-to-month,Fiber optic,Electronic check
5692-ICXLW,6,call this week,31,90.7,Month-to-month,Fiber optic,Electronic check
2675-OTVVJ,6,call this week,31,89.45,Month-to-month,Fiber optic,Electronic check
5216-WASFJ,6,call this week,31,84.85,Month-to-month,Fiber optic,Electronic check
1641-RQDAY,6,call this week,32,100.4,Month-to-month,Fiber optic,Electronic check
0674-DGMAQ,6,call this week,32,93.5,Month-to-month,Fiber optic,Electronic check
1730-ZMAME,6,call this week,32,79.5,Month-to-month,Fiber optic,Electronic check
8189-XRIKE,6,call this week,32,90.95,Month-to-month,Fiber optic,Electronic check
9508-ILZDG,6,call this week,34,96.35,Month-to-month,Fiber optic,Electronic check
8695-ARGXZ,6,call this week,34,75.55,Month-to-month,Fiber optic,Electronic check
9971-ZWPBF,6,call this week,34,108.9,Month-to-month,Fiber optic,Electronic check
6851-WEFYX,6,call this week,35,100.8,Month-to-month,Fiber optic,Electronic check
6522-YRBXD,6,call this week,35,94.55,Month-to-month,Fiber optic,Electronic check
9112-WSNPU,6,call this week,35,70.55,Month-to-month,Fiber optic,Electronic check
3588-WSTTJ,6,call this week,35,99.05,Month-to-month,Fiber optic,Electronic check
2207-QPJED,6,call this week,37,90,Month-to-month,Fiber optic,Electronic check
3167-SNQPL,6,call this week,38,101.15,Month-to-month,Fiber optic,Electronic check
2439-LYPMQ,6,call this week,38,102.6,Month-to-month,Fiber optic,Electronic check
5144-TVGLP,6,call this week,38,94.75,Month-to-month,Fiber optic,Electronic check
2921-XWDJH,6,call this week,38,83.45,Month-to-month,Fiber optic,Electronic check
9281-OFDMF,6,call this week,39,90.7,Month-to-month,Fiber optic,Electronic check
0420-HLGXF,6,call this week,39,99.75,Month-to-month,Fiber optic,Electronic check
0147-ESWWR,6,call this week,39,101.25,Month-to-month,Fiber optic,Electronic check
0093-EXYQL,6,call this week,40,91.55,Month-to-month,Fiber optic,Electronic check
5439-WIKXB,6,call this week,41,94.55,Month-to-month,Fiber optic,Electronic check
2080-CAZNM,6,call this week,41,104.4,Month-to-month,Fiber optic,Electronic check
3951-NJCVI,6,call this week,42,95.05,Month-to-month,Fiber optic,Electronic check
4690-PKDQG,6,call this week,42,95.55,Month-to-month,Fiber optic,Electronic check
8012-SOUDQ,6,call this week,43,90.25,Month-to-month,Fiber optic,Electronic check
5461-QKNTN,6,call this week,43,94.3,Month-to-month,Fiber optic,Electronic check
5019-GQVCR,6,call this week,43,84.85,Month-to-month,Fiber optic,Electronic check
9699-UBQFS,6,call this week,43,94.5,Month-to-month,Fiber optic,Electronic check
6896-SRVYQ,6,call this week,44,73.85,Month-to-month,Fiber optic,Electronic check
9168-INPSZ,6,call this week,44,104.15,Month-to-month,Fiber optic,Electronic check
5857-TYBCJ,6,call this week,44,89.2,Month-to-month,Fiber optic,Electronic check
1394-SUIUH,6,call this week,44,85.15,Month-to-month,Fiber optic,Electronic check
7460-ITWWP,6,call this week,45,86.1,Month-to-month,Fiber optic,Electronic check
3898-GUYTS,6,call this week,45,97.05,Month-to-month,Fiber optic,Electronic check
1751-NCDLI,6,call this week,46,98.85,Month-to-month,Fiber optic,Electronic check
8818-DOPVL,6,call this week,46,104.45,Month-to-month,Fiber optic,Electronic check
7576-JMYWV,6,call this week,46,110.2,Month-to-month,Fiber optic,Electronic check
4128-ETESU,6,call this week,47,99.7,Month-to-month,Fiber optic,Electronic check
8552-OBVRU,6,call this week,48,104.5,Month-to-month,Fiber optic,Electronic check
9681-KYGYB,6,call this week,49,88.2,Month-to-month,Fiber optic,Electronic check
5371-VYLSX,6,call this week,50,83.4,Month-to-month,Fiber optic,Electronic check
2786-GCDPI,6,call this week,50,104.95,Month-to-month,Fiber optic,Electronic check
1320-REHCS,6,call this week,52,110.75,Month-to-month,Fiber optic,Electronic check
9278-VZKCD,6,call this week,52,109.1,Month-to-month,Fiber optic,Electronic check
8058-DMYRU,6,call this week,54,90.05,Month-to-month,Fiber optic,Electronic check
4918-FYJNT,6,call this week,55,90.45,Month-to-month,Fiber optic,Electronic check
0531-ZZJWQ,6,call this week,55,74,Month-to-month,Fiber optic,Electronic check
8016-NCFVO,6,call this week,55,116.5,Month-to-month,Fiber optic,Electronic check
7901-TBKJX,6,call this week,56,101.05,Month-to-month,Fiber optic,Electronic check
4840-ORQXB,6,call this week,56,104.75,Month-to-month,Fiber optic,Electronic check
4007-NHVHI,6,call this week,56,96.85,Month-to-month,Fiber optic,Electronic check
7529-ZDFXI,6,call this week,57,89.85,Month-to-month,Fiber optic,Electronic check
2675-DHUTR,6,call this week,58,98.9,Month-to-month,Fiber optic,Electronic check
6917-YACBP,6,call this week,59,89.75,Month-to-month,Fiber optic,Electronic check
4250-WAROZ,6,call this week,60,93.25,Month-to-month,Fiber optic,Electronic check
7426-WEIJX,6,call this week,60,80.95,Month-to-month,Fiber optic,Electronic check
0924-BJCRC,6,call this week,60,89.45,Month-to-month,Fiber optic,Electronic check
2277-DJJDL,6,call this week,60,99,Month-to-month,Fiber optic,Electronic check
5647-FXOTP,6,call this week,60,105.9,Month-to-month,Fiber optic,Electronic check
4238-HFHSN,6,call this week,61,82.15,Month-to-month,Fiber optic,Electronic check
5828-DWPIL,6,call this week,62,89.1,Month-to-month,Fiber optic,Electronic check
1035-IPQPU,6,call this week,63,103.5,Month-to-month,Fiber optic,Electronic check
1728-CXQBE,6,call this week,64,94.25,Month-to-month,Fiber optic,Electronic check
9058-HRZSV,6,call this week,65,94.4,Month-to-month,Fiber optic,Electronic check
3982-DQLUS,6,call this week,65,85.75,Month-to-month,Fiber optic,Electronic check
2378-VTKDH,6,call this week,65,104.35,Month-to-month,Fiber optic,Electronic check
1013-QCWAM,6,call this week,66,100.8,Month-to-month,Fiber optic,Electronic check
4098-NAUKP,6,call this week,68,84.65,Month-to-month,Fiber optic,Electronic check
4989-LIXVT,6,call this week,68,95.9,Month-to-month,Fiber optic,Electronic check
2988-GBIVW,6,call this week,70,90.85,Month-to-month,Fiber optic,Electronic check
2615-YVMYX,6,call this week,71,107.5,Month-to-month,Fiber optic,Electronic check
7590-VHVEG,5,call this month,1,29.85,Month-to-month,DSL,Electronic check
3413-BMNZE,5,call this month,1,45.25,Month-to-month,DSL,Bank transfer (automatic)
3679-XASPY,5,call this month,1,19.45,Month-to-month,No,Electronic check
4195-NZGTA,5,call this month,1,25.25,Month-to-month,DSL,Electronic check
8705-WZCYL,5,call this month,1,44.8,Month-to-month,DSL,Electronic check
5522-JBWMO,5,call this month,1,44,Month-to-month,DSL,Electronic check
3716-UVSPD,5,call this month,1,49.3,Month-to-month,DSL,Electronic check
1536-HBSWP,5,call this month,1,49.9,Month-to-month,DSL,Electronic check
3807-XHCJH,5,call this month,1,20,Month-to-month,No,Electronic check
4065-JJAVA,5,call this month,1,49.5,Month-to-month,DSL,Electronic check
8992-CEUEN,5,call this month,1,18.85,Month-to-month,No,Electronic check
7617-EYGLW,5,call this month,1,19.45,Month-to-month,No,Electronic check
6260-ONULR,5,call this month,1,62.8,Month-to-month,DSL,Mailed check
8445-DNBAE,5,call this month,1,50.05,Month-to-month,DSL,Electronic check
1478-VPOAD,5,call this month,1,43.8,Month-to-month,DSL,Electronic check
8286-AFUYI,5,call this month,1,47.95,Month-to-month,DSL,Electronic check
8356-WUAOJ,5,call this month,1,45,Month-to-month,DSL,Electronic check
0248-IPDFW,5,call this month,1,50.1,Month-to-month,DSL,Electronic check
8064-RAVOH,5,call this month,1,49.85,Month-to-month,DSL,Electronic check
4373-VVHQL,5,call this month,1,44.75,Month-to-month,DSL,Electronic check
2712-SYWAY,5,call this month,1,25.7,Month-to-month,No,Electronic check
9822-OAOVB,5,call this month,1,55.45,Month-to-month,DSL,Electronic check
2585-KTFRE,5,call this month,1,70.45,Month-to-month,DSL,Bank transfer (automatic)
1942-OQFRW,5,call this month,1,44,Month-to-month,DSL,Electronic check
2740-TVLFN,5,call this month,1,50.15,Month-to-month,DSL,Electronic check
1406-PUQVY,5,call this month,1,49.9,Month-to-month,DSL,Electronic check
5501-TVMGM,5,call this month,1,55.25,Month-to-month,DSL,Electronic check
7365-BVCJH,5,call this month,1,24.4,Month-to-month,DSL,Electronic check
4232-JGKIY,5,call this month,1,19.2,Month-to-month,No,Electronic check
2903-YYTBW,5,call this month,1,44.55,Month-to-month,DSL,Electronic check
0374-AACSZ,5,call this month,1,50.15,Month-to-month,DSL,Electronic check
8620-RJPZN,5,call this month,1,20.7,Month-to-month,No,Electronic check
1156-ZFYDO,5,call this month,1,19.75,Month-to-month,No,Electronic check
6907-FLBER,5,call this month,1,54.3,Month-to-month,DSL,Electronic check
7246-ZGQDF,5,call this month,1,54.5,Month-to-month,DSL,Electronic check
5088-QZLRL,5,call this month,1,20.65,Month-to-month,No,Electronic check
9752-ZNQUT,5,call this month,1,48.6,Month-to-month,DSL,Electronic check
7312-XSBAT,5,call this month,1,49.75,Month-to-month,DSL,Electronic check
9103-CXVOK,5,call this month,1,19.75,Month-to-month,No,Electronic check
3841-CONLJ,5,call this month,1,35,Month-to-month,DSL,Electronic check
2862-PFNIK,5,call this month,1,24.7,Month-to-month,DSL,Electronic check
9374-YOLBJ,5,call this month,1,19.25,Month-to-month,No,Electronic check
0674-EYYZV,5,call this month,1,54.65,Month-to-month,DSL,Electronic check
6127-IYJOZ,5,call this month,1,45.85,Month-to-month,DSL,Mailed check
1471-GIQKQ,5,call this month,1,49.95,Month-to-month,DSL,Electronic check
2181-UAESM,5,call this month,2,53.45,Month-to-month,DSL,Electronic check
6778-YSNIH,5,call this month,2,59,Month-to-month,DSL,Electronic check
5173-WXOQV,5,call this month,2,64.2,Month-to-month,DSL,Mailed check
6519-CFDBX,5,call this month,2,45.4,Month-to-month,DSL,Electronic check
3090-LETTY,5,call this month,2,60.95,Month-to-month,DSL,Bank transfer (automatic)
9588-OZDMQ,5,call this month,2,45,Month-to-month,DSL,Electronic check
4236-UJPWO,5,call this month,2,24.5,Month-to-month,DSL,Electronic check
0541-FITGH,5,call this month,2,62.15,Month-to-month,DSL,Mailed check
1728-BQDMA,5,call this month,2,44.45,Month-to-month,DSL,Electronic check
4223-WOZCM,5,call this month,2,49.95,Month-to-month,DSL,Mailed check
1791-PQHBB,5,call this month,2,61.2,Month-to-month,DSL,Credit card (automatic)
2832-SCUCO,5,call this month,2,19.9,Month-to-month,No,Electronic check
4537-DKTAL,5,call this month,2,45.55,Month-to-month,DSL,Electronic check
8903-XEBGX,5,call this month,2,55.3,Month-to-month,DSL,Electronic check
2969-QWUBZ,5,call this month,2,51.4,Month-to-month,DSL,Electronic check
3845-FXCYS,5,call this month,2,19.65,Month-to-month,No,Electronic check
6048-QBXKL,5,call this month,2,56.55,Month-to-month,DSL,Credit card (automatic)
7729-JTEEC,5,call this month,2,44.5,Month-to-month,DSL,Electronic check
5916-QEWPT,5,call this month,2,69,Month-to-month,DSL,Credit card (automatic)
5630-AHZIL,5,call this month,3,64.5,Month-to-month,DSL,Bank transfer (automatic)
8167-GJLRN,5,call this month,3,30.4,Month-to-month,DSL,Electronic check
4957-TREIR,5,call this month,3,64.4,Month-to-month,DSL,Credit card (automatic)
3195-TQDZX,5,call this month,3,20.25,Month-to-month,No,Electronic check
2988-PLAHS,5,call this month,3,69.95,One year,DSL,Electronic check
2792-VPPET,5,call this month,3,20.5,Month-to-month,No,Electronic check
3744-ZBHON,5,call this month,3,20.2,Month-to-month,No,Electronic check
9743-DQKQW,5,call this month,3,25.1,Month-to-month,DSL,Electronic check
3043-TYBNO,5,call this month,3,60.65,Month-to-month,DSL,Mailed check
5960-MVTUK,5,call this month,3,29.75,Month-to-month,DSL,Electronic check
7159-FVYPK,5,call this month,3,69.15,Month-to-month,DSL,Bank transfer (automatic)
7404-JLKQG,5,call this month,3,57.55,Month-to-month,DSL,Electronic check
4693-VWVBO,5,call this month,3,19.55,Month-to-month,No,Electronic check
0988-JRWWP,5,call this month,3,54.2,Month-to-month,DSL,Electronic check
1230-QAJDW,5,call this month,3,65.25,Month-to-month,DSL,Mailed check
0734-OXWBT,5,call this month,3,70.7,Month-to-month,DSL,Mailed check
0374-IOEGQ,5,call this month,3,44.6,Month-to-month,DSL,Electronic check
9572-WUKSB,5,call this month,3,29.9,Month-to-month,DSL,Electronic check
5172-MIGPM,5,call this month,4,65.55,Month-to-month,DSL,Mailed check
5543-QDCRY,5,call this month,4,56.4,Month-to-month,DSL,Electronic check
8388-FYNPZ,5,call this month,4,56.75,Month-to-month,DSL,Electronic check
3748-FVMZZ,5,call this month,4,40.05,Month-to-month,DSL,Electronic check
5071-FBJFS,5,call this month,4,50.3,Month-to-month,DSL,Electronic check
1636-NTNCO,5,call this month,4,50.95,Month-to-month,DSL,Credit card (automatic)
3097-PYWXL,5,call this month,4,19.95,Month-to-month,No,Electronic check
1855-CFULU,5,call this month,4,20.05,Month-to-month,No,Mailed check
1575-KRZZE,5,call this month,4,55.2,Month-to-month,DSL,Electronic check
1564-HJUVY,5,call this month,4,63.75,Month-to-month,DSL,Bank transfer (automatic)
3345-JHUEO,5,call this month,4,20.2,Month-to-month,No,Electronic check
2831-EBWRN,5,call this month,4,45.9,Month-to-month,DSL,Electronic check
7339-POGZN,5,call this month,4,50.7,Month-to-month,DSL,Electronic check
2277-VWCNI,5,call this month,4,48.75,Month-to-month,DSL,Mailed check
2480-SQIOB,5,call this month,4,44.8,Month-to-month,DSL,Electronic check
3137-LUPIX,5,call this month,4,64.4,Month-to-month,DSL,Mailed check
8676-OOQEJ,5,call this month,4,30.5,Month-to-month,DSL,Electronic check
4396-KLSEH,5,call this month,4,19.85,Month-to-month,No,Electronic check
6469-QJKZW,5,call this month,4,20.15,Month-to-month,No,Electronic check
4815-GBTCD,5,call this month,4,25.15,Month-to-month,DSL,Electronic check
6994-KERXL,5,call this month,4,55.9,Month-to-month,DSL,Electronic check
7853-OETYL,5,call this month,4,29.05,Month-to-month,DSL,Electronic check
4785-NKHCX,5,call this month,5,20.05,Month-to-month,No,Bank transfer (automatic)
0295-QVKPB,5,call this month,5,63.95,Month-to-month,DSL,Credit card (automatic)
7129-ACFOG,5,call this month,5,53.8,Month-to-month,DSL,Electronic check
6637-KYRCV,5,call this month,5,30.5,Month-to-month,DSL,Electronic check
5882-CMAZQ,5,call this month,5,34.25,Month-to-month,DSL,Electronic check
8250-ZNGGW,5,call this month,5,59.9,Month-to-month,DSL,Credit card (automatic)
0867-LDTTC,5,call this month,5,75.15,Month-to-month,DSL,Bank transfer (automatic)
5404-GGUKR,5,call this month,5,51.35,Month-to-month,DSL,Electronic check
9708-HPXWZ,5,call this month,5,45.4,Month-to-month,DSL,Credit card (automatic)
9761-XUJWD,5,call this month,5,65.6,Month-to-month,DSL,Bank transfer (automatic)
4482-FTFFX,5,call this month,5,56.15,Month-to-month,DSL,Electronic check
4710-NKCAW,5,call this month,5,64.4,Month-to-month,DSL,Credit card (automatic)
6806-YDEUL,5,call this month,6,19.5,Month-to-month,No,Bank transfer (automatic)
0096-BXERS,5,call this month,6,50.35,Month-to-month,DSL,Electronic check
0311-QYWSS,5,call this month,6,49.45,Month-to-month,DSL,Electronic check
0856-NAOES,5,call this month,6,60.9,Month-to-month,DSL,Mailed check
1356-MKYSK,5,call this month,6,78.65,Month-to-month,DSL,Credit card (automatic)
6599-SFQVE,5,call this month,6,55,Month-to-month,DSL,Electronic check
6218-KNUBD,5,call this month,6,59.45,Month-to-month,DSL,Electronic check
3258-SANFR,5,call this month,6,44.7,Month-to-month,DSL,Credit card (automatic)
9644-UMGQA,5,call this month,6,49.15,Month-to-month,DSL,Electronic check
9332-GYWLO,5,call this month,6,54.85,Month-to-month,DSL,Electronic check
3701-SFMUH,5,call this month,7,69.7,Month-to-month,DSL,Credit card (automatic)
7319-VENRZ,5,call this month,7,64.3,Month-to-month,DSL,Bank transfer (automatic)
1410-RSCMR,5,call this month,7,71.35,Month-to-month,DSL,Credit card (automatic)
2826-DXLQO,5,call this month,7,29.8,Month-to-month,DSL,Bank transfer (automatic)
4646-QZXTF,5,call this month,7,81.25,Month-to-month,DSL,Bank transfer (automatic)
0999-QXNSA,5,call this month,7,45.75,Month-to-month,DSL,Mailed check
5816-SCGFC,5,call this month,7,51.3,Month-to-month,DSL,Mailed check
2969-WGHQO,5,call this month,7,69.45,One year,DSL,Electronic check
1919-RTPQD,5,call this month,7,44.75,Month-to-month,DSL,Electronic check
5215-LNLDJ,5,call this month,7,24.7,Month-to-month,DSL,Electronic check
1355-KUSBG,5,call this month,7,48.8,Month-to-month,DSL,Electronic check
6135-OZQVA,5,call this month,7,53.65,Month-to-month,DSL,Electronic check
5309-TAIKL,5,call this month,7,62.8,Month-to-month,DSL,Bank transfer (automatic)
9979-RGMZT,5,call this month,7,94.05,One year,Fiber optic,Mailed check
7318-EIVKO,5,call this month,8,59.25,Month-to-month,DSL,Electronic check
5780-INQIK,5,call this month,8,49.4,Month-to-month,DSL,Electronic check
2761-XECQW,5,call this month,8,43.35,Month-to-month,DSL,Mailed check
3629-WEAAM,5,call this month,8,64.1,Month-to-month,DSL,Mailed check
1767-TGTKO,5,call this month,8,45.45,Month-to-month,DSL,Electronic check
7634-WSWDB,5,call this month,8,38.5,Month-to-month,DSL,Electronic check
7797-EJMDP,5,call this month,8,66.05,Month-to-month,DSL,Bank transfer (automatic)
9415-TPKRV,5,call this month,8,55.75,Month-to-month,DSL,Electronic check
0277-BKSQP,5,call this month,8,54.4,Month-to-month,DSL,Electronic check
6854-EXGSF,5,call this month,8,65.5,Month-to-month,DSL,Bank transfer (automatic)
1304-BCCFO,5,call this month,9,70.05,Month-to-month,DSL,Mailed check
6549-YMFAW,5,call this month,9,21.25,Month-to-month,No,Mailed check
0013-MHZWF,5,call this month,9,69.4,Month-to-month,DSL,Credit card (automatic)
5624-RYAMH,5,call this month,9,19.5,Month-to-month,No,Electronic check
6439-LAJXL,5,call this month,9,68.95,Month-to-month,DSL,Mailed check
4283-IVYCI,5,call this month,9,64.95,Month-to-month,DSL,Mailed check
1335-NTIUC,5,call this month,9,24.95,Month-to-month,DSL,Electronic check
9643-YBLUR,5,call this month,9,69.05,Month-to-month,DSL,Credit card (automatic)
9026-LHEVG,5,call this month,9,40.75,Month-to-month,DSL,Electronic check
5186-EJEGL,5,call this month,9,69.5,Month-to-month,DSL,Mailed check
4570-QHXHL,5,call this month,9,43.75,Month-to-month,DSL,Electronic check
0701-TJSEF,5,call this month,9,68.25,Month-to-month,DSL,Bank transfer (automatic)
0423-UDIJQ,5,call this month,9,49.2,Month-to-month,DSL,Mailed check
8344-WFMFH,5,call this month,9,50.1,Month-to-month,DSL,Electronic check
8229-MYEJZ,5,call this month,10,51.2,Month-to-month,DSL,Electronic check
4881-JVQOD,5,call this month,10,34.55,Month-to-month,DSL,Bank transfer (automatic)
7143-BQIBA,5,call this month,10,62.25,Month-to-month,DSL,Bank transfer (automatic)
1436-ZMJAN,5,call this month,10,67.8,Month-to-month,DSL,Credit card (automatic)
4307-KWMXE,5,call this month,10,35.75,Month-to-month,DSL,Electronic check
4860-YZGZM,5,call this month,10,20,Month-to-month,No,Electronic check
3604-WLABM,5,call this month,10,54.25,Month-to-month,DSL,Electronic check
4439-YRNVD,5,call this month,10,36.25,Month-to-month,DSL,Electronic check
7766-CLTIC,5,call this month,10,60.95,Month-to-month,DSL,Mailed check
8003-EWNDZ,5,call this month,10,21.2,Month-to-month,No,Electronic check
8049-WJCLQ,5,call this month,10,60.2,Month-to-month,DSL,Mailed check
3468-DRVQJ,5,call this month,10,70.3,One year,DSL,Electronic check
2740-JFBOK,5,call this month,10,24,Month-to-month,No,Electronic check
8108-UXRQN,5,call this month,11,50.55,Month-to-month,DSL,Electronic check
0774-IFUVM,5,call this month,11,65.15,Month-to-month,DSL,Bank transfer (automatic)
7266-GSSJX,5,call this month,11,20.45,Month-to-month,No,Electronic check
8158-WPEZG,5,call this month,11,35.65,Month-to-month,DSL,Electronic check
5527-ACHSO,5,call this month,11,70.5,Month-to-month,DSL,Mailed check
9314-QDMDW,5,call this month,11,61.25,One year,DSL,Electronic check
0804-XBFBV,5,call this month,11,25.2,Month-to-month,DSL,Electronic check
2458-EOMRE,5,call this month,11,64.05,Month-to-month,DSL,Bank transfer (automatic)
1596-OQSPS,5,call this month,11,51.1,Month-to-month,DSL,Electronic check
4801-JZAZL,5,call this month,11,29.6,Month-to-month,DSL,Electronic check
6789-HJBWG,5,call this month,12,49.4,Month-to-month,DSL,Electronic check
6625-UTXEW,5,call this month,12,51.25,Month-to-month,DSL,Electronic check
8205-MQUGY,5,call this month,12,49.2,Month-to-month,DSL,Electronic check
1803-BGNBD,5,call this month,12,54.3,Month-to-month,DSL,Electronic check
7285-KLOTR,5,call this month,12,78.85,One year,DSL,Electronic check
7636-OWBPG,5,call this month,12,29.35,Month-to-month,DSL,Credit card (automatic)
9817-APLHW,5,call this month,12,25,Month-to-month,No,Electronic check
0603-OLQDC,5,call this month,12,69.85,Month-to-month,DSL,Mailed check
9169-BSVIN,5,call this month,12,74.75,Month-to-month,DSL,Bank transfer (automatic)
7596-LDUXP,5,call this month,12,85.15,One year,Fiber optic,Credit card (automatic)
8044-BGWPI,5,call this month,12,21.15,Month-to-month,No,Electronic check
0282-NVSJS,5,call this month,12,29.3,Month-to-month,DSL,Mailed check
5392-AKEMH,5,call this month,12,45.05,Month-to-month,DSL,Electronic check
9837-FWLCH,5,call this month,12,19.2,Month-to-month,No,Electronic check
7750-EYXWZ,5,call this month,12,60.65,One year,DSL,Electronic check
4080-IIARD,5,call this month,13,76.2,Month-to-month,DSL,Electronic check
7018-WBJNK,5,call this month,13,78.3,Month-to-month,Fiber optic,Credit card (automatic)
4522-AKYLR,5,call this month,13,54.8,Month-to-month,DSL,Electronic check
1346-UFHAX,5,call this month,13,80,Month-to-month,Fiber optic,Credit card (automatic)
5924-IFQTT,5,call this month,13,72.8,Month-to-month,DSL,Electronic check
4931-TRZWN,5,call this month,13,71.95,Month-to-month,DSL,Electronic check
4860-IJUDE,5,call this month,13,73.75,Month-to-month,Fiber optic,Credit card (automatic)
0620-DLSLK,5,call this month,13,81.9,Month-to-month,Fiber optic,Mailed check
2971-SGAFL,5,call this month,13,78.75,Month-to-month,DSL,Electronic check
2931-FSOHN,5,call this month,13,59.9,Month-to-month,DSL,Electronic check
0708-LGSMF,5,call this month,13,65.85,Month-to-month,DSL,Electronic check
0749-IRGQE,5,call this month,13,45.3,Month-to-month,DSL,Electronic check
7562-UXTPG,5,call this month,13,70.15,Month-to-month,Fiber optic,Mailed check
6551-GNYDG,5,call this month,14,80.9,Month-to-month,Fiber optic,Bank transfer (automatic)
8544-GOQSH,5,call this month,14,80.05,Month-to-month,Fiber optic,Credit card (automatic)
5433-KYGHE,5,call this month,14,86,Month-to-month,Fiber optic,Mailed check
8648-PFRMP,5,call this month,14,46.35,Month-to-month,DSL,Electronic check
7798-JVXYM,5,call this month,14,69.65,Month-to-month,DSL,Electronic check
5947-SGKCL,5,call this month,15,105.35,Month-to-month,Fiber optic,Bank transfer (automatic)
6967-QIQRV,5,call this month,15,101.9,One year,Fiber optic,Electronic check
3733-LSYCE,5,call this month,15,75.35,Month-to-month,Fiber optic,Bank transfer (automatic)
5609-IMCGG,5,call this month,15,84.35,Month-to-month,Fiber optic,Credit card (automatic)
7993-NQLJE,5,call this month,15,75.1,Month-to-month,Fiber optic,Mailed check
9274-UARKJ,5,call this month,15,83.2,Month-to-month,Fiber optic,Bank transfer (automatic)
6833-JMZYP,5,call this month,15,94,Month-to-month,Fiber optic,Credit card (automatic)
7718-RXDGG,5,call this month,15,68.6,Month-to-month,Fiber optic,Bank transfer (automatic)
9529-OFXHY,5,call this month,15,87.75,Month-to-month,Fiber optic,Bank transfer (automatic)
3351-NGXYI,5,call this month,16,54.1,Month-to-month,DSL,Electronic check
7916-VCCPB,5,call this month,16,73.25,Month-to-month,Fiber optic,Bank transfer (automatic)
5839-SUYVZ,5,call this month,16,74.55,Month-to-month,Fiber optic,Credit card (automatic)
5146-CBVOE,5,call this month,16,75.1,Month-to-month,Fiber optic,Bank transfer (automatic)
4546-FOKWR,5,call this month,16,74.75,Month-to-month,Fiber optic,Credit card (automatic)
3466-WAESX,5,call this month,16,69.1,Month-to-month,DSL,Electronic check
6692-YQHXC,5,call this month,16,69.95,Month-to-month,Fiber optic,Credit card (automatic)
6473-ULUHT,5,call this month,16,84.9,Month-to-month,DSL,Electronic check
0848-ZGQIJ,5,call this month,16,94.65,Month-to-month,Fiber optic,Bank transfer (automatic)
0265-PSUAE,5,call this month,16,100.7,Month-to-month,Fiber optic,Bank transfer (automatic)
1384-RCUXW,5,call this month,16,80.55,Month-to-month,Fiber optic,Mailed check
4828-FAZPK,5,call this month,16,79.95,Month-to-month,Fiber optic,Credit card (automatic)
0112-QAWRZ,5,call this month,16,90.8,Month-to-month,Fiber optic,Bank transfer (automatic)
3842-QTGDL,5,call this month,16,80.75,Month-to-month,Fiber optic,Bank transfer (automatic)
5686-CMAWK,5,call this month,17,86.75,One year,Fiber optic,Electronic check
8563-OYMQY,5,call this month,17,90.95,Month-to-month,Fiber optic,Credit card (automatic)
3853-LYGAM,5,call this month,17,95.65,Month-to-month,Fiber optic,Bank transfer (automatic)
5453-AXEPF,5,call this month,17,80.5,Month-to-month,Fiber optic,Bank transfer (automatic)
2074-GUHPQ,5,call this month,17,92.7,Month-to-month,Fiber optic,Credit card (automatic)
6591-QGOYB,5,call this month,17,106.65,Month-to-month,Fiber optic,Bank transfer (automatic)
7129-CAKJW,5,call this month,17,80.05,Month-to-month,Fiber optic,Bank transfer (automatic)
9584-EXCDZ,5,call this month,17,70.5,Month-to-month,Fiber optic,Bank transfer (automatic)
3583-KRKMD,5,call this month,18,75.9,Month-to-month,Fiber optic,Bank transfer (automatic)
4360-PNRQB,5,call this month,18,75.6,Month-to-month,Fiber optic,Bank transfer (automatic)
2937-FTHUR,5,call this month,18,64.8,Month-to-month,DSL,Electronic check
4660-IRIBM,5,call this month,18,87.9,Month-to-month,Fiber optic,Mailed check
2911-WDXMV,5,call this month,18,80.55,Month-to-month,Fiber optic,Credit card (automatic)
7799-DSEWS,5,call this month,18,68.35,Month-to-month,DSL,Electronic check
5950-AAAGJ,5,call this month,18,84.3,Month-to-month,Fiber optic,Bank transfer (automatic)
4647-MUZON,5,call this month,18,95.95,Month-to-month,Fiber optic,Credit card (automatic)
6693-FRIRW,5,call this month,18,101.3,Month-to-month,Fiber optic,Credit card (automatic)
7989-VCQOH,5,call this month,18,83.25,Month-to-month,DSL,Electronic check
3094-JOJAI,5,call this month,18,74.15,Month-to-month,Fiber optic,Mailed check
2823-LKABH,5,call this month,18,95.05,Month-to-month,Fiber optic,Bank transfer (automatic)
2139-FQHLM,5,call this month,19,89.95,Month-to-month,Fiber optic,Mailed check
3639-XJHKQ,5,call this month,19,60.6,Month-to-month,DSL,Electronic check
1169-WCVAK,5,call this month,19,88.8,Month-to-month,Fiber optic,Credit card (automatic)
1697-NVVGY,5,call this month,19,66.4,Month-to-month,DSL,Bank transfer (automatic)
8456-QDAVC,5,call this month,19,78.7,Month-to-month,Fiber optic,Bank transfer (automatic)
4332-MUOEZ,5,call this month,20,94.3,One year,Fiber optic,Credit card (automatic)
7929-DMBCV,5,call this month,20,81,Month-to-month,Fiber optic,Mailed check
1047-NNCBF,5,call this month,20,70.55,Month-to-month,Fiber optic,Credit card (automatic)
3211-AAPKX,5,call this month,20,98.55,Month-to-month,Fiber optic,Mailed check
0564-MUUQK,5,call this month,20,95.5,Month-to-month,Fiber optic,Bank transfer (automatic)
3771-PZOBW,5,call this month,20,90.7,Month-to-month,Fiber optic,Credit card (automatic)
0829-XXPLX,5,call this month,20,89.4,Month-to-month,Fiber optic,Bank transfer (automatic)
4329-YPDDQ,5,call this month,20,108.2,Month-to-month,Fiber optic,Bank transfer (automatic)
0599-XNYDO,5,call this month,20,69.8,Month-to-month,Fiber optic,Bank transfer (automatic)
9909-IDLEK,5,call this month,20,96.8,Month-to-month,Fiber optic,Mailed check
4619-EVPHY,5,call this month,20,91,One year,Fiber optic,Bank transfer (automatic)
5626-MGTUK,5,call this month,20,89.1,Month-to-month,Fiber optic,Bank transfer (automatic)
3179-GBRWV,5,call this month,21,64.95,Month-to-month,DSL,Bank transfer (automatic)
4692-NNQRU,5,call this month,21,79.2,One year,Fiber optic,Electronic check
2227-JRSJX,5,call this month,21,99.15,Month-to-month,Fiber optic,Bank transfer (automatic)
7181-OQCUT,5,call this month,21,103.85,Month-to-month,Fiber optic,Mailed check
4686-UXDML,5,call this month,21,99.85,Month-to-month,Fiber optic,Credit card (automatic)
1228-ZLNBX,5,call this month,21,75.3,Month-to-month,Fiber optic,Mailed check
1452-KIOVK,5,call this month,22,89.1,Month-to-month,Fiber optic,Credit card (automatic)
9167-APMXZ,5,call this month,22,84.15,Month-to-month,Fiber optic,Bank transfer (automatic)
5760-WRAHC,5,call this month,22,69.75,Month-to-month,DSL,Mailed check
5175-WLYXL,5,call this month,22,78.85,Month-to-month,Fiber optic,Mailed check
6234-PFPXL,5,call this month,22,95.9,Month-to-month,Fiber optic,Credit card (automatic)
2178-PMGCJ,5,call this month,22,69.7,Month-to-month,Fiber optic,Mailed check
3402-XRIUO,5,call this month,22,63.55,Month-to-month,DSL,Mailed check
4391-LNRXK,5,call this month,22,94.95,Month-to-month,Fiber optic,Bank transfer (automatic)
0428-IKYCP,5,call this month,22,87,Month-to-month,Fiber optic,Bank transfer (automatic)
5482-VXSXJ,5,call this month,22,93.2,Month-to-month,Fiber optic,Mailed check
8212-CRQXP,5,call this month,22,80,Month-to-month,Fiber optic,Credit card (automatic)
7611-YKYTC,5,call this month,22,75,Month-to-month,Fiber optic,Bank transfer (automatic)
9800-ONTFE,5,call this month,22,75.8,Month-to-month,Fiber optic,Bank transfer (automatic)
7850-VWJUU,5,call this month,23,75,Month-to-month,Fiber optic,Bank transfer (automatic)
9793-WECQC,5,call this month,23,95.3,Month-to-month,Fiber optic,Mailed check
5934-TSSAU,5,call this month,23,75.3,Month-to-month,Fiber optic,Credit card (automatic)
7299-GNVPL,5,call this month,23,84.4,Month-to-month,Fiber optic,Mailed check
6288-LBEAR,5,call this month,23,79.1,Month-to-month,Fiber optic,Mailed check
9133-AYJZG,5,call this month,23,98.7,Month-to-month,Fiber optic,Credit card (automatic)
9921-QFQUL,5,call this month,23,90.15,Month-to-month,Fiber optic,Mailed check
3323-CPBWR,5,call this month,23,96.9,Month-to-month,Fiber optic,Credit card (automatic)
6633-SYEUS,5,call this month,23,83.2,Month-to-month,Fiber optic,Bank transfer (automatic)
7567-ECMCM,5,call this month,24,79.85,Month-to-month,Fiber optic,Credit card (automatic)
3737-XBQDD,5,call this month,24,84.85,Month-to-month,Fiber optic,Bank transfer (automatic)
0447-RXSGD,5,call this month,24,99.65,Month-to-month,Fiber optic,Bank transfer (automatic)
0581-MDMPW,5,call this month,24,88.95,Month-to-month,Fiber optic,Credit card (automatic)
2203-GHNWN,5,call this month,24,79.65,Month-to-month,Fiber optic,Mailed check
7826-VVKWT,5,call this month,24,96.55,Two year,Fiber optic,Electronic check
5129-JLPIS,5,call this month,25,105.5,Month-to-month,Fiber optic,Electronic check
3003-CMDUU,5,call this month,25,95.15,Month-to-month,Fiber optic,Electronic check
1216-JWVUX,5,call this month,25,75.5,Month-to-month,Fiber optic,Electronic check
5522-NYKPB,5,call this month,25,85.9,Month-to-month,Fiber optic,Electronic check
7978-DKUQH,5,call this month,25,74.6,Month-to-month,Fiber optic,Electronic check
4526-ZJJTM,5,call this month,25,88.4,Month-to-month,Fiber optic,Bank transfer (automatic)
7504-UWHNB,5,call this month,25,69.75,Month-to-month,Fiber optic,Electronic check
6103-BOCOU,5,call this month,26,80.7,Month-to-month,Fiber optic,Electronic check
2208-NQBCT,5,call this month,26,81.95,Month-to-month,Fiber optic,Electronic check
8623-ULFNQ,5,call this month,26,66.05,Month-to-month,DSL,Electronic check
0869-PAPRP,5,call this month,26,85.7,Month-to-month,Fiber optic,Credit card (automatic)
5226-NOZFC,5,call this month,26,85.75,Month-to-month,Fiber optic,Electronic check
2665-NPTGL,5,call this month,26,98.1,Month-to-month,Fiber optic,Bank transfer (automatic)
6559-PDZLR,5,call this month,26,98.65,Month-to-month,Fiber optic,Electronic check
0118-JPNOY,5,call this month,26,85.8,Month-to-month,Fiber optic,Credit card (automatic)
0141-YEAYS,5,call this month,27,86.45,Month-to-month,Fiber optic,Bank transfer (automatic)
7587-AOVVU,5,call this month,27,100.75,Month-to-month,Fiber optic,Electronic check
1818-ESQMW,5,call this month,27,89.2,Month-to-month,Fiber optic,Electronic check
6726-WEXXK,5,call this month,27,85.9,One year,Fiber optic,Electronic check
0822-QGCXA,5,call this month,27,83.85,Month-to-month,DSL,Electronic check
5022-KVDQT,5,call this month,27,81.3,Month-to-month,Fiber optic,Electronic check
2523-EWWZL,5,call this month,27,76.1,Month-to-month,Fiber optic,Electronic check
5213-TWWJU,5,call this month,28,91,Month-to-month,Fiber optic,Electronic check
3956-MGXOG,5,call this month,28,80.6,Month-to-month,Fiber optic,Electronic check
1785-BPHTP,5,call this month,28,85.45,Month-to-month,Fiber optic,Electronic check
5233-AOZUF,5,call this month,29,74.95,Month-to-month,Fiber optic,Electronic check
1766-GKNMI,5,call this month,29,84.9,Month-to-month,Fiber optic,Electronic check
9885-AIBVB,5,call this month,29,85.8,Month-to-month,Fiber optic,Electronic check
2692-BUCFV,5,call this month,29,101.45,Month-to-month,Fiber optic,Bank transfer (automatic)
0082-OQIQY,5,call this month,29,94.2,Month-to-month,Fiber optic,Electronic check
3002-WQZWT,5,call this month,29,74.2,Month-to-month,Fiber optic,Electronic check
0191-ZHSKZ,5,call this month,30,74.75,Month-to-month,DSL,Electronic check
8800-ZKRFW,5,call this month,30,107.5,Month-to-month,Fiber optic,Electronic check
6741-EGCBI,5,call this month,30,90.5,Month-to-month,Fiber optic,Credit card (automatic)
5419-JKZNQ,5,call this month,30,77.9,Month-to-month,Fiber optic,Mailed check
3370-GQEAL,5,call this month,30,85.45,Month-to-month,Fiber optic,Electronic check
4998-IKFSE,5,call this month,30,100.45,Month-to-month,Fiber optic,Electronic check
1421-HCERK,5,call this month,30,105.7,Month-to-month,Fiber optic,Bank transfer (automatic)
5898-IGSLP,5,call this month,31,89.3,Month-to-month,Fiber optic,Electronic check
5899-OUVKV,5,call this month,31,94.5,Month-to-month,Fiber optic,Electronic check
8819-IMISP,5,call this month,31,80.45,Month-to-month,Fiber optic,Electronic check
6486-LHTMA,5,call this month,31,90.7,One year,Fiber optic,Electronic check
6360-SVNWV,5,call this month,31,73.55,Month-to-month,Fiber optic,Credit card (automatic)
1550-EENBN,5,call this month,31,104.35,Month-to-month,Fiber optic,Electronic check
2603-HVKCG,5,call this month,31,101.4,Month-to-month,Fiber optic,Electronic check
5650-YLIBA,5,call this month,31,81.15,Month-to-month,Fiber optic,Electronic check
7813-ZGGAW,5,call this month,31,96.6,Month-to-month,Fiber optic,Bank transfer (automatic)
8486-AYEQH,5,call this month,31,76.05,Month-to-month,Fiber optic,Electronic check
4673-KKSLS,5,call this month,31,87.6,Month-to-month,Fiber optic,Electronic check
0111-KLBQG,5,call this month,32,93.95,Month-to-month,Fiber optic,Mailed check
6259-WJQLC,5,call this month,32,81.1,Month-to-month,Fiber optic,Credit card (automatic)
9904-EHEVJ,5,call this month,32,91.35,Month-to-month,Fiber optic,Mailed check
5651-YLPRD,5,call this month,32,86.1,Month-to-month,Fiber optic,Electronic check
6088-BXMRG,5,call this month,32,98.85,Month-to-month,Fiber optic,Electronic check
4821-SJHJV,5,call this month,32,89.6,Month-to-month,Fiber optic,Electronic check
9029-FEGVJ,5,call this month,32,79.3,Month-to-month,Fiber optic,Mailed check
5222-IMUKT,5,call this month,32,91.05,Month-to-month,Fiber optic,Electronic check
2809-ZMYOQ,5,call this month,32,101.35,Month-to-month,Fiber optic,Electronic check
0177-PXBAT,5,call this month,33,109.9,Month-to-month,Fiber optic,Bank transfer (automatic)
7422-WNBTY,5,call this month,33,93.35,Month-to-month,Fiber optic,Electronic check
8166-ORCHU,5,call this month,33,93.55,One year,Fiber optic,Electronic check
8059-UDZFY,5,call this month,33,105.35,Month-to-month,Fiber optic,Bank transfer (automatic)
8849-AYPTR,5,call this month,33,91.25,Month-to-month,Fiber optic,Electronic check
0114-PEGZZ,5,call this month,33,107.55,Month-to-month,Fiber optic,Electronic check
2495-KZNFB,5,call this month,33,90.65,Month-to-month,Fiber optic,Electronic check
1932-UEDCX,5,call this month,33,100.6,Month-to-month,Fiber optic,Bank transfer (automatic)
8709-KRDVL,5,call this month,33,100,Month-to-month,Fiber optic,Electronic check
5153-RTHKF,5,call this month,34,85.35,Month-to-month,Fiber optic,Electronic check
0380-NEAVX,5,call this month,34,99.85,One year,Fiber optic,Electronic check
7682-AZNDK,5,call this month,34,89.85,Month-to-month,Fiber optic,Electronic check
2874-YXVVA,5,call this month,34,105.1,Month-to-month,Fiber optic,Electronic check
8910-LEDAG,5,call this month,34,71.55,Month-to-month,Fiber optic,Credit card (automatic)
2697-NQBPF,5,call this month,34,105.35,Month-to-month,Fiber optic,Electronic check
6116-RFVHN,5,call this month,34,100.45,Month-to-month,Fiber optic,Electronic check
7594-LZNWR,5,call this month,34,69.15,Month-to-month,Fiber optic,Credit card (automatic)
0899-LIIBW,5,call this month,34,100.85,Month-to-month,Fiber optic,Electronic check
0666-UXTJO,5,call this month,34,85.2,Month-to-month,Fiber optic,Credit card (automatic)
3780-DDGSE,5,call this month,35,76.05,Month-to-month,DSL,Electronic check
9450-TRJUU,5,call this month,35,83.15,Month-to-month,Fiber optic,Electronic check
5302-BDJNT,5,call this month,35,95.5,Month-to-month,Fiber optic,Electronic check
4238-JSSWH,5,call this month,35,102.05,Month-to-month,Fiber optic,Bank transfer (automatic)
2378-HTWFW,5,call this month,35,91,Month-to-month,Fiber optic,Credit card (automatic)
9137-UIYPG,5,call this month,35,106.9,Month-to-month,Fiber optic,Electronic check
3174-RKMOW,5,call this month,35,109.95,Month-to-month,Fiber optic,Electronic check
5981-ZVXOT,5,call this month,35,108.35,One year,Fiber optic,Electronic check
1910-FMXJM,5,call this month,36,80.4,Month-to-month,Fiber optic,Electronic check
0396-YCHWO,5,call this month,36,95.4,Month-to-month,Fiber optic,Electronic check
4948-WBBKL,5,call this month,36,74.9,Month-to-month,Fiber optic,Bank transfer (automatic)
1472-TNCWL,5,call this month,36,94.7,Month-to-month,Fiber optic,Electronic check
2974-GGUXS,5,call this month,36,91.95,Month-to-month,Fiber optic,Credit card (automatic)
0376-OIWME,5,call this month,36,93.6,Month-to-month,Fiber optic,Electronic check
2672-TGEFF,5,call this month,37,88.8,Month-to-month,Fiber optic,Electronic check
9469-WEJBT,5,call this month,37,90.35,Month-to-month,Fiber optic,Electronic check
7483-IQWIB,5,call this month,37,92.95,Month-to-month,Fiber optic,Electronic check
1666-JXLKU,5,call this month,37,100.05,Month-to-month,Fiber optic,Electronic check
9576-SYUHJ,5,call this month,37,91.15,Month-to-month,Fiber optic,Electronic check
9819-FBNSV,5,call this month,37,72.25,Month-to-month,Fiber optic,Bank transfer (automatic)
5982-FPVQN,5,call this month,37,95.15,Month-to-month,Fiber optic,Electronic check
2824-MYYBN,5,call this month,37,95.25,Month-to-month,Fiber optic,Electronic check
3865-QBWSJ,5,call this month,38,80.45,Month-to-month,Fiber optic,Mailed check
2832-KJCRD,5,call this month,38,103.65,Month-to-month,Fiber optic,Electronic check
7048-GXDAY,5,call this month,39,106.4,Month-to-month,Fiber optic,Electronic check
0585-EGDDA,5,call this month,40,80,Month-to-month,Fiber optic,Electronic check
7586-ZATGZ,5,call this month,40,84.9,Month-to-month,Fiber optic,Electronic check
6080-TCMYC,5,call this month,40,81.2,Month-to-month,Fiber optic,Electronic check
8728-SKJLR,5,call this month,41,74.25,Month-to-month,Fiber optic,Electronic check
3481-JHUZH,5,call this month,41,80.25,Month-to-month,Fiber optic,Electronic check
9822-WMWVG,5,call this month,41,106.5,Month-to-month,Fiber optic,Electronic check
9053-EJUNL,5,call this month,41,89.2,Month-to-month,Fiber optic,Electronic check
1307-TVUFB,5,call this month,42,79.35,Month-to-month,Fiber optic,Bank transfer (automatic)
2800-QQUSO,5,call this month,42,100.3,Month-to-month,Fiber optic,Electronic check
4879-GZLFH,5,call this month,42,92.15,Month-to-month,Fiber optic,Electronic check
2347-WKKAE,5,call this month,42,94.4,Month-to-month,Fiber optic,Electronic check
9003-CPATH,5,call this month,42,79.9,Month-to-month,Fiber optic,Electronic check
5712-AHQNN,5,call this month,43,91.65,Month-to-month,Fiber optic,Electronic check
3503-TYDAY,5,call this month,43,80.45,Month-to-month,Fiber optic,Electronic check
4760-THGOT,5,call this month,43,94.1,Month-to-month,Fiber optic,Electronic check
2587-EKXTS,5,call this month,44,111.5,Month-to-month,Fiber optic,Electronic check
9408-HRXRK,5,call this month,45,105.15,Month-to-month,Fiber optic,Electronic check
9659-QEQSY,5,call this month,45,115.65,Month-to-month,Fiber optic,Electronic check
1768-HNVGJ,5,call this month,45,70.05,Month-to-month,DSL,Electronic check
1608-GMEWB,5,call this month,45,93.9,Month-to-month,Fiber optic,Bank transfer (automatic)
6563-VNPMN,5,call this month,45,85.7,Month-to-month,Fiber optic,Bank transfer (automatic)
6199-IWKGC,5,call this month,46,100.25,One year,Fiber optic,Electronic check
8631-WUXGY,5,call this month,46,99.8,Month-to-month,Fiber optic,Electronic check
0434-CSFON,5,call this month,47,100.5,Month-to-month,Fiber optic,Electronic check
3452-ABWRL,5,call this month,47,86.05,Month-to-month,Fiber optic,Credit card (automatic)
0178-SZBHO,5,call this month,47,87.2,Month-to-month,Fiber optic,Electronic check
5630-IXDXV,5,call this month,47,106.35,Month-to-month,Fiber optic,Electronic check
3154-CFSZG,5,call this month,47,90.05,Month-to-month,Fiber optic,Electronic check
3384-CTMSF,5,call this month,47,104.1,Month-to-month,Fiber optic,Electronic check
1996-DBMUS,5,call this month,48,70.65,Month-to-month,Fiber optic,Bank transfer (automatic)
7064-FRRSW,5,call this month,48,99,One year,Fiber optic,Electronic check
2038-LLMLM,5,call this month,48,103.85,Month-to-month,Fiber optic,Electronic check
2573-GYRUU,5,call this month,48,91.05,Month-to-month,Fiber optic,Credit card (automatic)
4724-WXVWF,5,call this month,48,95.4,Month-to-month,Fiber optic,Electronic check
3714-NTNFO,5,call this month,49,84.5,Month-to-month,Fiber optic,Electronic check
5628-RKIFK,5,call this month,49,101.55,Month-to-month,Fiber optic,Credit card (automatic)
6988-CJEYV,5,call this month,49,98.7,Month-to-month,Fiber optic,Electronic check
9732-EQMWY,5,call this month,49,99.4,Month-to-month,Fiber optic,Electronic check
3545-CNWRG,5,call this month,49,98.35,Month-to-month,Fiber optic,Electronic check
8152-UOBNY,5,call this month,50,106.8,One year,Fiber optic,Electronic check
6212-ATMLK,5,call this month,50,95.7,Month-to-month,Fiber optic,Electronic check
2144-BFDSO,5,call this month,50,108.75,Month-to-month,Fiber optic,Bank transfer (automatic)
5671-UUNXD,5,call this month,50,100.65,One year,Fiber optic,Electronic check
5973-EJGDP,5,call this month,51,87.35,Month-to-month,Fiber optic,Electronic check
3062-ICYZQ,5,call this month,51,93.8,Month-to-month,Fiber optic,Electronic check
3404-JNXAX,5,call this month,51,80.75,Month-to-month,Fiber optic,Electronic check
5649-RXQTV,5,call this month,51,99,Month-to-month,Fiber optic,Electronic check
7693-QPEFS,5,call this month,52,72.95,Month-to-month,Fiber optic,Bank transfer (automatic)
3692-JHONH,5,call this month,52,106.5,One year,Fiber optic,Electronic check
3657-COGMW,5,call this month,52,108.1,Month-to-month,Fiber optic,Credit card (automatic)
4062-HBMOS,5,call this month,52,103.05,Month-to-month,Fiber optic,Electronic check
8189-HBVRW,5,call this month,53,90.8,Month-to-month,Fiber optic,Electronic check
3162-ZJZFU,5,call this month,53,92.55,Month-to-month,Fiber optic,Electronic check
3055-OYMSE,5,call this month,53,73.8,Month-to-month,Fiber optic,Credit card (automatic)
9972-VAFJJ,5,call this month,53,94,One year,Fiber optic,Electronic check
4176-FXYBO,5,call this month,54,109.55,Month-to-month,Fiber optic,Electronic check
1360-JYXKQ,5,call this month,54,99.1,One year,Fiber optic,Electronic check
5188-HGMLP,5,call this month,54,74,Month-to-month,Fiber optic,Bank transfer (automatic)
5331-RGMTT,5,call this month,54,99.05,Month-to-month,Fiber optic,Credit card (automatic)
6968-GMKPR,5,call this month,55,81.55,Month-to-month,Fiber optic,Electronic check
3162-KKZXO,5,call this month,55,100.15,One year,Fiber optic,Electronic check
7148-XZPHA,5,call this month,55,79.4,Month-to-month,Fiber optic,Electronic check
2101-RANCD,5,call this month,55,73.1,Month-to-month,Fiber optic,Electronic check
3541-ZNUHK,5,call this month,55,85.1,Month-to-month,Fiber optic,Electronic check
2673-CXQEU,5,call this month,56,110.5,One year,Fiber optic,Electronic check
0880-FVFWF,5,call this month,56,86.4,Month-to-month,Fiber optic,Electronic check
2208-UGTGR,5,call this month,56,98.6,Month-to-month,Fiber optic,Electronic check
7629-WFGLW,5,call this month,56,95.65,One year,Fiber optic,Electronic check
1020-JPQOW,5,call this month,56,90.55,Month-to-month,Fiber optic,Electronic check
8023-QHAIO,5,call this month,56,76.85,Month-to-month,Fiber optic,Bank transfer (automatic)
1427-VERSM,5,call this month,56,98.7,Month-to-month,Fiber optic,Electronic check
5198-EFNBM,5,call this month,57,90.65,One year,Fiber optic,Electronic check
8384-FZBJK,5,call this month,57,100.6,Month-to-month,Fiber optic,Electronic check
2883-ILGWO,5,call this month,57,104.9,Month-to-month,Fiber optic,Bank transfer (automatic)
8468-EHYJA,5,call this month,57,99.65,Month-to-month,Fiber optic,Electronic check
4188-FRABG,5,call this month,57,103.05,Month-to-month,Fiber optic,Electronic check
8421-WZOOW,5,call this month,57,95.3,Month-to-month,Fiber optic,Credit card (automatic)
8647-SDTWQ,5,call this month,57,74.3,Month-to-month,Fiber optic,Electronic check
2267-WTPYD,5,call this month,57,94,Month-to-month,Fiber optic,Credit card (automatic)
2386-OWURY,5,call this month,58,95.3,Month-to-month,Fiber optic,Electronic check
4001-TSBTV,5,call this month,58,91.55,Month-to-month,Fiber optic,Electronic check
6847-KJLTS,5,call this month,58,100.4,Month-to-month,Fiber optic,Bank transfer (automatic)
1930-WNXSB,5,call this month,58,92.85,Month-to-month,Fiber optic,Electronic check
6168-YBYNP,5,call this month,59,111.35,Month-to-month,Fiber optic,Electronic check
2931-VUVJN,5,call this month,59,94.05,One year,Fiber optic,Electronic check
7346-MEDWM,5,call this month,59,83.25,Month-to-month,Fiber optic,Electronic check
0060-FUALY,5,call this month,59,94.75,Month-to-month,Fiber optic,Electronic check
3349-ANQNH,5,call this month,59,99.5,One year,Fiber optic,Electronic check
1658-XUHBX,5,call this month,59,88.75,Month-to-month,Fiber optic,Credit card (automatic)
6300-BWMJX,5,call this month,59,93.35,Month-to-month,Fiber optic,Electronic check
8785-CJSHH,5,call this month,60,99.8,Month-to-month,Fiber optic,Electronic check
2519-LBNQL,5,call this month,60,104.35,One year,Fiber optic,Electronic check
0575-CUQOV,5,call this month,60,97.95,One year,Fiber optic,Electronic check
6377-WHAOX,5,call this month,60,106.15,Month-to-month,Fiber optic,Electronic check
8535-SFUTN,5,call this month,61,106.45,Month-to-month,Fiber optic,Electronic check
4220-TINQT,5,call this month,61,106.35,Month-to-month,Fiber optic,Electronic check
9705-IOVQQ,5,call this month,61,99,One year,Fiber optic,Electronic check
6710-HSJRD,5,call this month,61,114.1,Month-to-month,Fiber optic,Electronic check
1548-FEHVL,5,call this month,61,106.2,Month-to-month,Fiber optic,Electronic check
7789-CRUVC,5,call this month,61,94.2,Month-to-month,Fiber optic,Credit card (automatic)
9544-PYPSJ,5,call this month,62,96.1,Month-to-month,Fiber optic,Credit card (automatic)
4553-DVPZG,5,call this month,62,101.35,Month-to-month,Fiber optic,Electronic check
5339-TJFEK,5,call this month,62,105.5,Month-to-month,Fiber optic,Electronic check
0471-ARVMX,5,call this month,62,104.85,One year,Fiber optic,Electronic check
4462-CYWMH,5,call this month,62,89.8,Month-to-month,Fiber optic,Bank transfer (automatic)
2957-JIRMN,5,call this month,62,84.45,One year,Fiber optic,Electronic check
4191-XOVOM,5,call this month,63,105.4,Month-to-month,Fiber optic,Electronic check
2027-WKXMW,5,call this month,63,108.75,Month-to-month,Fiber optic,Electronic check
0929-PECLO,5,call this month,63,89.6,Month-to-month,Fiber optic,Bank transfer (automatic)
7233-DRTRF,5,call this month,63,102.4,Month-to-month,Fiber optic,Electronic check
7537-CBQUZ,5,call this month,63,109.4,Month-to-month,Fiber optic,Bank transfer (automatic)
8495-LJDFO,5,call this month,64,108.95,Month-to-month,Fiber optic,Bank transfer (automatic)
2250-IVBWA,5,call this month,64,81.05,Month-to-month,Fiber optic,Electronic check
0595-ITUDF,5,call this month,64,91.8,Month-to-month,Fiber optic,Electronic check
8979-CAMGB,5,call this month,64,102.1,One year,Fiber optic,Electronic check
2067-QYTCF,5,call this month,64,111.15,Month-to-month,Fiber optic,Electronic check
7426-GSWPO,5,call this month,64,103.5,Month-to-month,Fiber optic,Bank transfer (automatic)
9052-VKDUW,5,call this month,65,109.4,Month-to-month,Fiber optic,Credit card (automatic)
3761-FLYZI,5,call this month,65,108.8,Month-to-month,Fiber optic,Bank transfer (automatic)
6908-VVYHM,5,call this month,65,90.65,Month-to-month,Fiber optic,Electronic check
9776-OJUZI,5,call this month,65,95.45,Month-to-month,Fiber optic,Bank transfer (automatic)
3756-VNWDH,5,call this month,65,100.75,One year,Fiber optic,Electronic check
8065-BVEPF,5,call this month,65,99.1,Month-to-month,Fiber optic,Bank transfer (automatic)
2360-RDGRO,5,call this month,65,104.25,Month-to-month,Fiber optic,Electronic check
5336-UFNZP,5,call this month,65,107.45,One year,Fiber optic,Electronic check
5055-MGMGF,5,call this month,65,105.05,Month-to-month,Fiber optic,Electronic check
5067-XJQFU,5,call this month,66,108.45,One year,Fiber optic,Electronic check
1469-LBJQJ,5,call this month,66,105.2,Month-to-month,Fiber optic,Electronic check
5553-AOINX,5,call this month,66,104.9,One year,Fiber optic,Electronic check
4868-AADLV,5,call this month,66,116.25,One year,Fiber optic,Electronic check
2452-KDRRH,5,call this month,67,101.4,Month-to-month,Fiber optic,Credit card (automatic)
5897-ZYEKH,5,call this month,67,105.6,One year,Fiber optic,Electronic check
6173-GOLSU,5,call this month,67,94.65,Month-to-month,Fiber optic,Credit card (automatic)
9943-VSZUV,5,call this month,67,75.7,Month-to-month,Fiber optic,Mailed check
4833-QTJNO,5,call this month,67,83.85,Month-to-month,Fiber optic,Bank transfer (automatic)
6952-OMNWB,5,call this month,68,80.35,Month-to-month,Fiber optic,Credit card (automatic)
7821-DPRQE,5,call this month,68,107.7,Month-to-month,Fiber optic,Electronic check
8755-IWJHN,5,call this month,69,95.35,Month-to-month,Fiber optic,Bank transfer (automatic)
3865-ZYKAD,5,call this month,69,84.9,Month-to-month,Fiber optic,Credit card (automatic)
5804-HYIEZ,5,call this month,70,106.05,Month-to-month,Fiber optic,Electronic check
9844-FELAJ,5,call this month,70,107.9,One year,Fiber optic,Electronic check
0100-DUVFC,5,call this month,70,104.8,One year,Fiber optic,Electronic check
8752-GHJFU,5,call this month,71,92,One year,Fiber optic,Electronic check
2172-EJXVF,5,call this month,71,105.9,One year,Fiber optic,Electronic check
2674-MLXMN,5,call this month,71,99.65,Month-to-month,Fiber optic,Credit card (automatic)
9481-IEBZY,5,call this month,72,112.9,Month-to-month,Fiber optic,Credit card (automatic)
0129-KPTWJ,5,call this month,72,94.65,Month-to-month,Fiber optic,Electronic check
7310-EGVHZ,4,call this month,1,20.2,Month-to-month,No,Bank transfer (automatic)
2273-QCKXA,4,call this month,1,49.05,Month-to-month,DSL,Mailed check
6380-ARCEH,4,call this month,1,20.2,Month-to-month,No,Mailed check
3930-ZGWVE,4,call this month,1,19.75,Month-to-month,No,Mailed check
6582-OIVSP,4,call this month,1,45.3,Month-to-month,DSL,Mailed check
3645-DEYGF,4,call this month,1,20.75,Month-to-month,No,Mailed check
6469-MRVET,4,call this month,1,20.2,One year,No,Electronic check
2080-SRCDE,4,call this month,1,25.4,Month-to-month,No,Mailed check
8203-XJZRC,4,call this month,1,20.25,Month-to-month,No,Mailed check
1098-TDVUQ,4,call this month,1,19.25,Month-to-month,No,Bank transfer (automatic)
7302-ZHMHP,4,call this month,1,19.15,Month-to-month,No,Mailed check
6158-HDPXZ,4,call this month,1,25.35,Month-to-month,DSL,Mailed check
3577-AMVUX,4,call this month,1,55.05,Month-to-month,DSL,Mailed check
6579-JPICP,4,call this month,1,20.4,Month-to-month,No,Mailed check
1135-LMECX,4,call this month,1,19.85,Month-to-month,No,Mailed check
2866-IKBTM,4,call this month,1,19.55,Month-to-month,No,Mailed check
2654-VBVPB,4,call this month,1,19.9,Month-to-month,No,Bank transfer (automatic)
1423-BMPBQ,4,call this month,1,19,Month-to-month,No,Mailed check
9244-ZVAPM,4,call this month,1,45.6,Month-to-month,DSL,Mailed check
3030-ZKIWL,4,call this month,1,20.05,Month-to-month,No,Mailed check
8262-COGGB,4,call this month,1,20.45,Month-to-month,No,Mailed check
2480-JZOSN,4,call this month,1,20.65,Month-to-month,No,Mailed check
4013-GUXND,4,call this month,1,20.8,Month-to-month,No,Mailed check
4661-NJEUX,4,call this month,1,20.05,Month-to-month,No,Mailed check
3717-OFRTN,4,call this month,1,19.75,Month-to-month,No,Bank transfer (automatic)
2111-DWYHN,4,call this month,1,21.1,Month-to-month,No,Mailed check
8985-OOPOS,4,call this month,1,74.1,One year,DSL,Credit card (automatic)
7537-RBWEA,4,call this month,1,25.15,Month-to-month,DSL,Mailed check
4291-HPAXL,4,call this month,1,19.85,Month-to-month,No,Mailed check
2592-YKDIF,4,call this month,1,20.35,Month-to-month,No,Mailed check
8695-WDYEA,4,call this month,1,51.25,Month-to-month,DSL,Mailed check
8605-ITULD,4,call this month,1,19.55,Month-to-month,No,Mailed check
2812-SFXMJ,4,call this month,1,20.05,Month-to-month,No,Mailed check
1015-OWJKI,4,call this month,1,19.05,Month-to-month,No,Mailed check
5207-PLSTK,4,call this month,1,48.75,Month-to-month,DSL,Mailed check
6650-VJONK,4,call this month,1,43.85,Month-to-month,DSL,Bank transfer (automatic)
1663-MHLHE,4,call this month,1,19.2,Month-to-month,No,Mailed check
3961-SXAXY,4,call this month,1,44.05,Month-to-month,DSL,Bank transfer (automatic)
3566-HJGPK,4,call this month,1,45.55,Month-to-month,DSL,Mailed check
3247-MHJKM,4,call this month,1,20.2,Month-to-month,No,Mailed check
7243-LCGGZ,4,call this month,1,20.9,Month-to-month,No,Mailed check
8267-KFGYD,4,call this month,1,21.05,Month-to-month,No,Mailed check
7442-YGZFK,4,call this month,1,49.8,Month-to-month,DSL,Credit card (automatic)
2538-OIMXF,4,call this month,1,24.7,Month-to-month,DSL,Mailed check
0673-IGUQO,4,call this month,1,20.45,Month-to-month,No,Mailed check
5858-EAFCZ,4,call this month,1,44.45,Month-to-month,DSL,Mailed check
8974-OVACP,4,call this month,1,20.15,Month-to-month,No,Mailed check
1895-QTKDO,4,call this month,1,43.95,Month-to-month,DSL,Credit card (automatic)
9537-VHDTA,4,call this month,1,51.2,Month-to-month,DSL,Mailed check
8562-GHPPI,4,call this month,1,19.8,Month-to-month,No,Credit card (automatic)
4727-MCYZG,4,call this month,1,55.55,Month-to-month,DSL,Mailed check
5996-DAOQL,4,call this month,1,20.45,Month-to-month,No,Mailed check
3518-PZXZQ,4,call this month,1,55.3,Month-to-month,DSL,Mailed check
1194-SPVSP,4,call this month,1,19.65,Month-to-month,No,Bank transfer (automatic)
1845-ZLLIG,4,call this month,1,50.15,Month-to-month,DSL,Mailed check
4146-SVFUD,4,call this month,1,44.6,Month-to-month,DSL,Mailed check
2668-TZSPS,4,call this month,1,20.45,Month-to-month,No,Mailed check
2576-HXMPA,4,call this month,1,19.55,Month-to-month,No,Credit card (automatic)
5906-BFOZT,4,call this month,1,19.5,Month-to-month,No,Mailed check
3308-MHOOC,4,call this month,1,19.2,Month-to-month,No,Mailed check
2209-XADXF,4,call this month,1,25.25,Month-to-month,DSL,Bank transfer (automatic)
8896-BQTTI,4,call this month,1,25,Month-to-month,No,Mailed check
5133-POWUA,4,call this month,1,45.8,Month-to-month,DSL,Mailed check
6569-KTMDU,4,call this month,1,19.1,Month-to-month,No,Mailed check
9122-UMROB,4,call this month,1,20.3,Month-to-month,No,Mailed check
9629-NHXFW,4,call this month,1,19.4,Month-to-month,No,Mailed check
8950-MTZNV,4,call this month,1,44.95,Month-to-month,DSL,Mailed check
8566-YPRGL,4,call this month,1,19.5,Month-to-month,No,Mailed check
0247-SLUJI,4,call this month,1,19.7,Month-to-month,No,Mailed check
8710-YGLWG,4,call this month,1,44.9,Month-to-month,DSL,Mailed check
8393-JMVMB,4,call this month,1,19.45,Month-to-month,No,Mailed check
4634-JLRJT,4,call this month,1,20.35,Month-to-month,No,Mailed check
9753-OYLBX,4,call this month,1,20.5,Month-to-month,No,Mailed check
6656-JWRQX,4,call this month,1,30.55,Month-to-month,DSL,Mailed check
2103-ZRXFN,4,call this month,1,50.75,Month-to-month,DSL,Mailed check
1816-FLZDK,4,call this month,1,29.15,Month-to-month,DSL,Mailed check
7096-UCLNH,4,call this month,1,20.05,Month-to-month,No,Mailed check
8885-QSQBX,4,call this month,1,49.55,Month-to-month,DSL,Bank transfer (automatic)
7698-YFGEZ,4,call this month,1,20,Month-to-month,No,Mailed check
7291-CDTMJ,4,call this month,1,19.65,Month-to-month,No,Bank transfer (automatic)
5701-SVCWR,4,call this month,1,24,Month-to-month,No,Mailed check
5999-LCXAO,4,call this month,1,29.9,Month-to-month,DSL,Mailed check
3727-JEZTU,4,call this month,1,20.4,Month-to-month,No,Mailed check
7754-IXRMC,4,call this month,1,45.35,Month-to-month,DSL,Mailed check
1453-RZFON,4,call this month,1,49.9,Month-to-month,DSL,Mailed check
0670-KDOMA,4,call this month,1,20.25,Month-to-month,No,Mailed check
2465-BLLEU,4,call this month,1,19.75,Month-to-month,No,Mailed check
1905-OEILC,4,call this month,1,19.5,Month-to-month,No,Mailed check
6917-IAYHD,4,call this month,1,33.6,Month-to-month,DSL,Mailed check
7926-IJOOU,4,call this month,1,19.3,Month-to-month,No,Credit card (automatic)
2542-HYGIQ,4,call this month,1,19.95,Month-to-month,No,Credit card (automatic)
6124-ACRHJ,4,call this month,1,19.75,Month-to-month,No,Mailed check
2692-PFYTJ,4,call this month,1,25.75,Month-to-month,No,Mailed check
2700-LUEVA,4,call this month,1,20.75,Month-to-month,No,Credit card (automatic)
4781-ZXYGU,4,call this month,1,20.15,Month-to-month,No,Bank transfer (automatic)
5868-YTYKS,4,call this month,1,20.25,Month-to-month,No,Mailed check
3373-YZZYM,4,call this month,1,19.2,Month-to-month,No,Mailed check
2672-OJQZP,4,call this month,1,44.75,Month-to-month,DSL,Mailed check
7853-WNZSY,4,call this month,1,19.75,Month-to-month,No,Credit card (automatic)
2607-FBDFF,4,call this month,1,49,Month-to-month,DSL,Credit card (automatic)
6728-WYQBC,4,call this month,1,20.95,Month-to-month,No,Bank transfer (automatic)
6145-NNPNO,4,call this month,1,44.15,Month-to-month,DSL,Bank transfer (automatic)
2853-CWQFQ,4,call this month,1,59.55,Month-to-month,DSL,Mailed check
9895-VFOXH,4,call this month,1,24.4,Month-to-month,DSL,Mailed check
1622-HSHSF,4,call this month,1,19.55,Month-to-month,No,Mailed check
7814-LEEVE,4,call this month,1,20.3,Month-to-month,No,Bank transfer (automatic)
6654-QGBZZ,4,call this month,1,19.9,Month-to-month,No,Mailed check
8180-AKMJV,4,call this month,1,44.55,Month-to-month,DSL,Credit card (automatic)
9975-SKRNR,4,call this month,1,18.9,Month-to-month,No,Mailed check
7298-IZWLY,4,call this month,1,19.4,Month-to-month,No,Mailed check
7252-NTGSS,4,call this month,1,45.15,Month-to-month,DSL,Mailed check
7721-DVEKZ,4,call this month,1,19.65,Month-to-month,No,Mailed check
3976-NLDEZ,4,call this month,1,20.6,Month-to-month,No,Mailed check
9708-KFDBY,4,call this month,1,20.55,Month-to-month,No,Credit card (automatic)
9441-QHEVC,4,call this month,1,19.1,Month-to-month,No,Mailed check
2275-RBYQS,4,call this month,1,45.4,Month-to-month,DSL,Mailed check
7794-JASDG,4,call this month,1,50.75,Month-to-month,DSL,Mailed check
8048-DSDFQ,4,call this month,1,20.2,Month-to-month,No,Mailed check
0623-GDISB,4,call this month,1,48.45,Month-to-month,DSL,Bank transfer (automatic)
2043-WVTQJ,4,call this month,1,55.7,Month-to-month,DSL,Mailed check
3785-NRHYR,4,call this month,1,19.65,Month-to-month,No,Mailed check
8749-CLJXC,4,call this month,1,20.05,Month-to-month,No,Mailed check
3090-QFUVD,4,call this month,1,20.3,Month-to-month,No,Credit card (automatic)
9214-EKVXR,4,call this month,1,44,Month-to-month,DSL,Mailed check
0082-LDZUE,4,call this month,1,44.3,Month-to-month,DSL,Mailed check
6888-SBYAI,4,call this month,1,50.7,Month-to-month,DSL,Mailed check
2049-BAFNW,4,call this month,1,35.9,Month-to-month,DSL,Mailed check
4367-NHWMM,4,call this month,1,24.9,Month-to-month,DSL,Mailed check
8757-TFHHJ,4,call this month,1,49.8,Month-to-month,DSL,Credit card (automatic)
6286-SUUWT,4,call this month,1,19.95,Month-to-month,No,Mailed check
2220-IAHLS,4,call this month,1,19.4,Month-to-month,No,Credit card (automatic)
9962-BFPDU,4,call this month,1,20.05,Month-to-month,No,Mailed check
2081-KJSQF,4,call this month,1,20.25,Month-to-month,No,Mailed check
0927-CNGRH,4,call this month,1,19.55,Month-to-month,No,Mailed check
7601-WFVZV,4,call this month,1,19.55,Month-to-month,No,Mailed check
2676-ISHSF,4,call this month,1,20.3,Month-to-month,No,Mailed check
3439-GVUSX,4,call this month,1,24.4,Month-to-month,DSL,Mailed check
7878-RTCZG,4,call this month,1,19.9,Month-to-month,No,Mailed check
3590-TCXTB,4,call this month,1,20.35,Month-to-month,No,Mailed check
2369-FEVNO,4,call this month,1,19.9,Month-to-month,No,Mailed check
0970-QXPXW,4,call this month,1,19.65,Month-to-month,No,Mailed check
1724-IQWNM,4,call this month,1,19.3,Month-to-month,No,Mailed check
9108-EJFJP,4,call this month,1,53.55,Month-to-month,DSL,Mailed check
5351-QESIO,4,call this month,1,24.2,Month-to-month,DSL,Mailed check
5948-UJZLF,4,call this month,2,49.25,Month-to-month,DSL,Mailed check
4237-CLSMM,4,call this month,2,20,Month-to-month,No,Mailed check
2640-LYMOV,4,call this month,2,19.65,Month-to-month,No,Mailed check
6942-LBFDP,4,call this month,2,20.55,Month-to-month,No,Mailed check
8713-IGZSO,4,call this month,2,24.85,Month-to-month,No,Mailed check
1051-GEJLJ,4,call this month,2,19.5,Month-to-month,No,Mailed check
3156-QLHBO,4,call this month,2,19.25,Month-to-month,No,Mailed check
9992-UJOEL,4,call this month,2,50.3,Month-to-month,DSL,Mailed check
5067-DGXLL,4,call this month,2,20.25,Month-to-month,No,Mailed check
9818-XQCUV,4,call this month,2,20.35,Month-to-month,No,Mailed check
6022-KOUQO,4,call this month,2,29.05,Month-to-month,DSL,Bank transfer (automatic)
6844-DZKRF,4,call this month,2,50.2,Month-to-month,DSL,Credit card (automatic)
9101-NTIXF,4,call this month,2,19.4,Month-to-month,No,Mailed check
7389-KBFIT,4,call this month,2,30.25,Month-to-month,DSL,Mailed check
0188-GWFLE,4,call this month,2,20.05,Month-to-month,No,Mailed check
4986-MXSFP,4,call this month,2,20,Month-to-month,No,Mailed check
8150-QUDFX,4,call this month,2,19.85,Month-to-month,No,Mailed check
1796-JANOW,4,call this month,2,19.95,Month-to-month,No,Mailed check
1777-JYQPJ,4,call this month,2,24.3,Month-to-month,DSL,Mailed check
2410-CIYFZ,4,call this month,2,20.4,Month-to-month,No,Mailed check
3594-IVHJZ,4,call this month,2,20.45,Month-to-month,No,Mailed check
6817-WTYHE,4,call this month,2,44.9,Month-to-month,DSL,Bank transfer (automatic)
0396-HUJBP,4,call this month,2,19.3,Month-to-month,No,Mailed check
5968-VXZLG,4,call this month,2,46.6,Month-to-month,DSL,Bank transfer (automatic)
3620-MWJNE,4,call this month,2,54.45,Month-to-month,DSL,Mailed check
8805-JNRAZ,4,call this month,2,49.2,Month-to-month,DSL,Mailed check
6629-LADHQ,4,call this month,2,50.95,Month-to-month,DSL,Mailed check
9667-TKTVZ,4,call this month,2,54.35,Month-to-month,DSL,Mailed check
3007-FDPEA,4,call this month,2,20.7,Month-to-month,No,Bank transfer (automatic)
9426-SXNHE,4,call this month,2,18.75,Month-to-month,No,Bank transfer (automatic)
5365-LLFYV,4,call this month,2,45.85,Month-to-month,DSL,Mailed check
7501-VTYLJ,4,call this month,2,51.55,Month-to-month,DSL,Mailed check
0366-NQSHS,4,call this month,2,19.35,Month-to-month,No,Mailed check
2303-PJYHN,4,call this month,2,19.85,Month-to-month,No,Bank transfer (automatic)
8739-QOTTN,4,call this month,2,20.35,Month-to-month,No,Mailed check
7017-VFULY,4,call this month,2,20.1,Month-to-month,No,Bank transfer (automatic)
5562-YJQGT,4,call this month,2,20.35,Month-to-month,No,Credit card (automatic)
1755-RMCXH,4,call this month,2,20.3,Month-to-month,No,Mailed check
3936-QQFLL,4,call this month,2,19.75,Month-to-month,No,Mailed check
5919-VCZYM,4,call this month,2,20.05,Month-to-month,No,Mailed check
2308-STERM,4,call this month,2,19.4,Month-to-month,No,Mailed check
0816-TSPHQ,4,call this month,2,20.75,Month-to-month,No,Mailed check
7636-XUHWW,4,call this month,2,19.9,Month-to-month,No,Credit card (automatic)
8654-DHAOW,4,call this month,2,54.15,Month-to-month,DSL,Mailed check
9638-JIQYA,4,call this month,2,24.9,Month-to-month,DSL,Credit card (automatic)
3278-FSIXX,4,call this month,2,45.25,Month-to-month,DSL,Mailed check
2342-CKIAO,4,call this month,2,20.3,Month-to-month,No,Mailed check
8006-PYCSW,4,call this month,2,20.1,Month-to-month,No,Mailed check
9700-ZCLOT,4,call this month,2,20,Month-to-month,No,Mailed check
0871-OPBXW,4,call this month,2,20.05,Month-to-month,No,Mailed check
7343-EOBEU,4,call this month,3,23.6,Month-to-month,No,Mailed check
2393-DIVAI,4,call this month,3,20,Month-to-month,No,Mailed check
0030-FNXPP,4,call this month,3,19.85,Month-to-month,No,Mailed check
9505-SQFSW,4,call this month,3,40.3,Month-to-month,DSL,Mailed check
3050-GBUSH,4,call this month,3,34.8,Month-to-month,DSL,Credit card (automatic)
7764-BDPEE,4,call this month,3,20.85,Month-to-month,No,Mailed check
0929-HYQEW,4,call this month,3,50.15,Month-to-month,DSL,Mailed check
4026-SKKHW,4,call this month,3,50.25,Month-to-month,DSL,Mailed check
0319-QZTCO,4,call this month,3,58.7,Month-to-month,DSL,Credit card (automatic)
9277-JOOMO,4,call this month,3,24.6,Month-to-month,No,Mailed check
7521-YXVZY,4,call this month,3,19.95,Month-to-month,No,Mailed check
7055-HNEOJ,4,call this month,3,55.8,Month-to-month,DSL,Mailed check
6184-DYUOB,4,call this month,3,19.6,Month-to-month,No,Mailed check
0463-WZZKO,4,call this month,3,20.75,Month-to-month,No,Credit card (automatic)
9261-WDCAF,4,call this month,3,54.65,Month-to-month,DSL,Mailed check
1763-WQFUK,4,call this month,3,50.5,Month-to-month,DSL,Mailed check
8963-JLGJT,4,call this month,3,55.9,Month-to-month,DSL,Mailed check
2637-FKFSY,4,call this month,3,46.1,Month-to-month,DSL,Mailed check
5156-UMKOW,4,call this month,3,29.65,Month-to-month,DSL,Mailed check
1465-WCZVT,4,call this month,3,19.65,Month-to-month,No,Mailed check
4061-UKJWL,4,call this month,3,45.45,Month-to-month,DSL,Mailed check
6351-SCJKT,4,call this month,3,41.35,Month-to-month,DSL,Mailed check
6734-CKRSM,4,call this month,3,20,Month-to-month,No,Mailed check
3082-VQXNH,4,call this month,3,29.8,Month-to-month,DSL,Credit card (automatic)
0975-VOOVL,4,call this month,3,29.2,Month-to-month,DSL,Mailed check
9631-XEYKE,4,call this month,3,50.4,Month-to-month,DSL,Bank transfer (automatic)
7785-RDVIG,4,call this month,3,19.3,Month-to-month,No,Mailed check
3806-YAZOV,4,call this month,3,18.8,Month-to-month,No,Mailed check
3594-KADLU,4,call this month,3,35.1,Month-to-month,DSL,Mailed check
7808-DVWEP,4,call this month,3,20,Month-to-month,No,Bank transfer (automatic)
8660-BUETV,4,call this month,3,44.75,Month-to-month,DSL,Mailed check
6542-LWGXJ,4,call this month,3,25,Month-to-month,DSL,Mailed check
2621-UDNLU,4,call this month,3,20.85,Month-to-month,No,Mailed check
7526-IVLYU,4,call this month,3,19.65,Month-to-month,No,Mailed check
3039-MJSLN,4,call this month,3,20.2,Month-to-month,No,Bank transfer (automatic)
0178-CIIKR,4,call this month,3,19.95,Month-to-month,No,Mailed check
6394-HHHZM,4,call this month,3,20.7,Month-to-month,No,Mailed check
5066-GFJMM,4,call this month,3,19.9,Month-to-month,No,Mailed check
3407-QGWLG,4,call this month,3,20.05,Month-to-month,No,Mailed check
9770-LXDBK,4,call this month,3,20.4,Month-to-month,No,Mailed check
9039-ZVJDC,4,call this month,3,19.1,Month-to-month,No,Mailed check
7219-TLZHO,4,call this month,4,20.85,Month-to-month,No,Mailed check
1456-TWCGB,4,call this month,4,49.25,Month-to-month,DSL,Mailed check
6231-WFGFH,4,call this month,4,20.5,Month-to-month,No,Mailed check
0620-XEFWH,4,call this month,4,18.85,Month-to-month,No,Mailed check
9367-OIUXP,4,call this month,4,20.7,Month-to-month,No,Mailed check
7874-ECPQJ,4,call this month,4,20.05,Month-to-month,No,Bank transfer (automatic)
3694-DELSO,4,call this month,4,38.55,Month-to-month,DSL,Credit card (automatic)
7878-JGDKK,4,call this month,4,44.55,Month-to-month,DSL,Mailed check
5702-SKUOB,4,call this month,4,19.6,Month-to-month,No,Mailed check
9929-PLVPA,4,call this month,4,20.4,Month-to-month,No,Credit card (automatic)
1215-VFYVK,4,call this month,4,48.25,Month-to-month,DSL,Mailed check
5222-JCXZT,4,call this month,4,19,Month-to-month,No,Mailed check
7075-BNDVQ,4,call this month,4,35,Month-to-month,DSL,Mailed check
1336-EZFZY,4,call this month,4,20.05,Month-to-month,No,Mailed check
7234-KMNRQ,4,call this month,4,19,Month-to-month,No,Mailed check
9618-LFJRU,4,call this month,4,20.45,Month-to-month,No,Credit card (automatic)
4558-CGYCZ,4,call this month,4,19.75,Month-to-month,No,Mailed check
6257-RJOHI,4,call this month,4,50.8,Month-to-month,DSL,Mailed check
1548-ARAGG,4,call this month,4,58.5,Month-to-month,DSL,Mailed check
6402-EJMWF,4,call this month,4,55.3,Month-to-month,DSL,Mailed check
9348-YVOMK,4,call this month,4,44.8,Month-to-month,DSL,Credit card (automatic)
5712-VBOXD,4,call this month,4,20.15,Month-to-month,No,Credit card (automatic)
8410-BGQXN,4,call this month,4,19.4,Month-to-month,No,Mailed check
8746-OQQRW,4,call this month,4,25.25,Month-to-month,No,Mailed check
7396-VJUZB,4,call this month,4,45.25,Month-to-month,DSL,Mailed check
5542-DHSXL,4,call this month,4,54.7,Month-to-month,DSL,Mailed check
9842-EFSYY,4,call this month,4,57.2,Month-to-month,DSL,Mailed check
3446-QDSZF,4,call this month,4,55.5,Month-to-month,DSL,Credit card (automatic)
7880-XSOJX,4,call this month,4,42.4,Month-to-month,DSL,Mailed check
4397-FRLTA,4,call this month,4,20.15,Month-to-month,No,Mailed check
5144-PQCDZ,4,call this month,4,19.95,Month-to-month,No,Mailed check
4430-YHXGG,4,call this month,4,25.45,Month-to-month,No,Mailed check
0690-SRQID,4,call this month,4,19.65,Month-to-month,No,Mailed check
7356-AYNJP,4,call this month,4,23.9,One year,No,Electronic check
9626-WEQRM,4,call this month,4,29.15,Month-to-month,DSL,Mailed check
7009-LGECI,4,call this month,4,50.55,Month-to-month,DSL,Bank transfer (automatic)
7976-CICYS,4,call this month,4,20.7,Month-to-month,No,Credit card (automatic)
6180-YBIQI,4,call this month,5,24.3,Month-to-month,DSL,Mailed check
4130-MZLCC,4,call this month,5,50.55,Month-to-month,DSL,Bank transfer (automatic)
9294-TDIPC,4,call this month,5,20.2,Month-to-month,No,Mailed check
2233-FAGXV,4,call this month,5,24.3,Month-to-month,No,Mailed check
6621-YOBKI,4,call this month,5,20.35,Month-to-month,No,Mailed check
1635-FJFCC,4,call this month,5,44.05,Month-to-month,DSL,Credit card (automatic)
7521-AFHAB,4,call this month,5,44.8,Month-to-month,DSL,Mailed check
2732-ISEZX,4,call this month,5,20.5,Month-to-month,No,Mailed check
6921-OZMFH,4,call this month,5,55.7,Month-to-month,DSL,Mailed check
1257-SXUXQ,4,call this month,5,19.45,Month-to-month,No,Mailed check
1925-GMVBW,4,call this month,5,20.55,Month-to-month,No,Credit card (automatic)
3977-QCRSL,4,call this month,5,20.15,Month-to-month,No,Mailed check
5349-AZPEW,4,call this month,5,25.05,Month-to-month,DSL,Mailed check
7311-MQJCH,4,call this month,5,19.55,One year,No,Electronic check
3113-IWHLC,4,call this month,5,55.8,Month-to-month,DSL,Mailed check
2439-QKJUL,4,call this month,5,20.25,Month-to-month,No,Mailed check
6377-KSLXC,4,call this month,5,19.95,Month-to-month,No,Mailed check
2739-CCZMB,4,call this month,5,20.35,Month-to-month,No,Credit card (automatic)
3694-GLTJM,4,call this month,5,19.65,Month-to-month,No,Credit card (automatic)
7284-BUYEC,4,call this month,5,50.95,Month-to-month,DSL,Credit card (automatic)
1814-DKOLC,4,call this month,5,25.45,Month-to-month,No,Mailed check
3675-EQOZA,4,call this month,5,20.65,Month-to-month,No,Bank transfer (automatic)
4324-AHJKS,4,call this month,5,55.8,Month-to-month,DSL,Credit card (automatic)
4256-ZWTZI,4,call this month,5,51,Month-to-month,DSL,Mailed check
4468-YDOVK,4,call this month,5,48.65,Month-to-month,DSL,Bank transfer (automatic)
0303-WMMRN,4,call this month,5,19.25,Month-to-month,No,Mailed check
2690-DVRVK,4,call this month,5,20.55,One year,No,Electronic check
3363-EWLGO,4,call this month,5,19.95,Month-to-month,No,Mailed check
2159-TURXX,4,call this month,5,20.05,Month-to-month,No,Credit card (automatic)
8217-QYOHV,4,call this month,5,55.75,Month-to-month,DSL,Mailed check
2075-RMJIK,4,call this month,5,49.4,Month-to-month,DSL,Mailed check
2928-HLDBA,4,call this month,6,20.7,Month-to-month,No,Mailed check
3077-RSNTJ,4,call this month,6,19.7,Month-to-month,No,Mailed check
0314-TKOSI,4,call this month,6,55.15,Month-to-month,DSL,Mailed check
4719-UMSIY,4,call this month,6,19.65,Month-to-month,No,Mailed check
4257-GAESD,4,call this month,6,45,Month-to-month,DSL,Credit card (automatic)
1641-BYBTK,4,call this month,6,20.2,Month-to-month,No,Mailed check
2720-FVBQP,4,call this month,6,48.95,Month-to-month,DSL,Credit card (automatic)
7554-AKDQF,4,call this month,6,45.65,Month-to-month,DSL,Mailed check
1345-GKDZZ,4,call this month,6,19.55,Month-to-month,No,Mailed check
7623-HKYRK,4,call this month,6,19.7,Month-to-month,No,Mailed check
6164-HXUGH,4,call this month,6,19.85,Month-to-month,No,Mailed check
9375-MHRRS,4,call this month,6,50.05,Month-to-month,DSL,Mailed check
7742-MYPGI,4,call this month,6,48.8,Month-to-month,DSL,Mailed check
7351-MHQVU,4,call this month,6,50.95,Month-to-month,DSL,Credit card (automatic)
7968-QUXNS,4,call this month,6,18.95,Month-to-month,No,Mailed check
6972-SNKKW,4,call this month,6,20,Month-to-month,No,Mailed check
6624-JDRDS,4,call this month,6,29.45,Month-to-month,DSL,Bank transfer (automatic)
9780-FKVVF,4,call this month,6,59.15,Month-to-month,DSL,Bank transfer (automatic)
3724-UCSHY,4,call this month,6,19.55,Month-to-month,No,Mailed check
5955-EPOAZ,4,call this month,6,20.95,Month-to-month,No,Mailed check
7787-BNTZM,4,call this month,6,20.15,Month-to-month,No,Bank transfer (automatic)
4647-XXZAM,4,call this month,6,45.5,Month-to-month,DSL,Mailed check
5600-PDUJF,4,call this month,6,49.5,Month-to-month,DSL,Credit card (automatic)
9970-QBCDA,4,call this month,6,19.7,Month-to-month,No,Credit card (automatic)
2676-OXPPQ,4,call this month,6,55.7,Month-to-month,DSL,Bank transfer (automatic)
1222-LRYKO,4,call this month,6,26.35,Month-to-month,No,Mailed check
6490-FGZAT,4,call this month,6,20.65,Month-to-month,No,Mailed check
4020-KIUDI,4,call this month,6,19.85,Month-to-month,No,Credit card (automatic)
5850-BDWCY,4,call this month,6,20.2,Month-to-month,No,Mailed check
6497-TILVL,4,call this month,7,50.7,Month-to-month,DSL,Mailed check
4320-QMLLA,4,call this month,7,54.85,Month-to-month,DSL,Mailed check
9788-YTFGE,4,call this month,7,19.95,Month-to-month,No,Mailed check
3012-VFFMN,4,call this month,7,20.65,Month-to-month,No,Mailed check
8259-NFJTV,4,call this month,7,34.65,Month-to-month,DSL,Mailed check
0274-JKUJR,4,call this month,7,58.85,Month-to-month,DSL,Mailed check
8887-IPQNC,4,call this month,7,44.25,Month-to-month,DSL,Mailed check
7629-WIXZF,4,call this month,7,59.1,One year,DSL,Electronic check
8295-FHIVV,4,call this month,7,19.4,Month-to-month,No,Mailed check
0750-EKNGL,4,call this month,7,20.75,Month-to-month,No,Mailed check
3530-CRZSB,4,call this month,7,20.65,Month-to-month,No,Mailed check
4452-QIIEB,4,call this month,7,43.9,Month-to-month,DSL,Mailed check
4797-MIWUM,4,call this month,7,20.25,Month-to-month,No,Bank transfer (automatic)
1329-VHWNP,4,call this month,7,25.05,Month-to-month,DSL,Bank transfer (automatic)
9027-YFHQJ,4,call this month,7,25.05,Month-to-month,No,Bank transfer (automatic)
6671-NGWON,4,call this month,7,20.35,Month-to-month,No,Mailed check
8242-JSVBO,4,call this month,7,44.65,Month-to-month,DSL,Bank transfer (automatic)
1386-ZIKUV,4,call this month,7,18.95,Month-to-month,No,Mailed check
4732-RRJZC,4,call this month,7,20.25,Month-to-month,No,Mailed check
2320-YKQBO,4,call this month,7,19.3,Month-to-month,No,Mailed check
0909-SDHNU,4,call this month,7,29.8,Month-to-month,DSL,Mailed check
1848-LBZHY,4,call this month,7,50.3,Month-to-month,DSL,Bank transfer (automatic)
5774-XZTQC,4,call this month,7,20.45,Month-to-month,No,Mailed check
1976-AZZPJ,4,call this month,7,34.2,Month-to-month,DSL,Mailed check
6258-NGCNG,4,call this month,7,23.5,Month-to-month,No,Mailed check
5590-ZSKRV,4,call this month,8,54.65,Month-to-month,DSL,Mailed check
6464-KEXXH,4,call this month,8,25.25,Month-to-month,DSL,Credit card (automatic)
4694-PHWFW,4,call this month,8,19.95,Month-to-month,No,Mailed check
1735-XMJVH,4,call this month,8,19.35,Month-to-month,No,Mailed check
6979-TNDEU,4,call this month,8,19.2,Month-to-month,No,Mailed check
9327-QSDED,4,call this month,8,43.55,Month-to-month,DSL,Mailed check
5515-RUGKN,4,call this month,8,54.75,Month-to-month,DSL,Credit card (automatic)
4365-MSDYN,4,call this month,8,19.55,Month-to-month,No,Bank transfer (automatic)
3981-QSVQI,4,call this month,8,19.7,Month-to-month,No,Bank transfer (automatic)
1226-JZNKR,4,call this month,8,19.8,One year,No,Electronic check
7140-ADSMJ,4,call this month,8,20.45,Month-to-month,No,Credit card (automatic)
2466-NEJOJ,4,call this month,8,19.65,Month-to-month,No,Credit card (automatic)
5133-VRSAB,4,call this month,8,29.35,Month-to-month,DSL,Mailed check
1614-JBEBI,4,call this month,8,20.7,Month-to-month,No,Mailed check
3272-VUHPV,4,call this month,8,56.3,Month-to-month,DSL,Bank transfer (automatic)
6483-OATDN,4,call this month,8,51.3,Month-to-month,DSL,Credit card (automatic)
4280-DLSHD,4,call this month,8,54.75,Month-to-month,DSL,Mailed check
7421-ZLUPA,4,call this month,8,29.25,Month-to-month,DSL,Mailed check
4608-LCIMN,4,call this month,8,44.65,Month-to-month,DSL,Bank transfer (automatic)
3345-PBBFH,4,call this month,8,49.55,Month-to-month,DSL,Bank transfer (automatic)
5345-BMKWB,4,call this month,8,20.25,Month-to-month,No,Mailed check
1850-AKQEP,4,call this month,8,20.35,Month-to-month,No,Mailed check
1045-LTCYT,4,call this month,8,21.05,Month-to-month,No,Credit card (automatic)
8455-HIRAQ,4,call this month,8,44.45,Month-to-month,DSL,Mailed check
4801-KFYKL,4,call this month,8,19.45,Month-to-month,No,Bank transfer (automatic)
2717-HVIZY,4,call this month,8,20.05,Month-to-month,No,Mailed check
3055-MJDSB,4,call this month,9,24.6,Month-to-month,DSL,Mailed check
0002-ORFBO,4,call this month,9,65.6,One year,DSL,Mailed check
4568-TTZRT,4,call this month,9,20.4,Month-to-month,No,Mailed check
8735-NBLWT,4,call this month,9,20.4,Month-to-month,No,Mailed check
0003-MKNFE,4,call this month,9,59.9,Month-to-month,DSL,Mailed check
1991-VOPLL,4,call this month,9,19.05,Month-to-month,No,Mailed check
0310-VQXAM,4,call this month,9,19.85,Month-to-month,No,Mailed check
6278-FEPBZ,4,call this month,9,20.25,Month-to-month,No,Mailed check
5396-IZEPB,4,call this month,9,19.7,Month-to-month,No,Credit card (automatic)
5778-BVOFB,4,call this month,9,59.5,Month-to-month,DSL,Bank transfer (automatic)
1385-TQOZW,4,call this month,9,20.45,Month-to-month,No,Credit card (automatic)
6202-JVYEU,4,call this month,9,19.9,One year,No,Electronic check
3589-PPVKW,4,call this month,9,44.4,Month-to-month,DSL,Mailed check
8075-GXIUB,4,call this month,9,19.85,One year,No,Credit card (automatic)
3173-NVMPX,4,call this month,9,55.3,Month-to-month,DSL,Mailed check
3948-FVVRP,4,call this month,9,54.8,Month-to-month,DSL,Mailed check
7054-ENNGU,4,call this month,9,50.85,Month-to-month,DSL,Mailed check
7727-SHVZV,4,call this month,9,19.5,Month-to-month,No,Bank transfer (automatic)
2791-SFVEW,4,call this month,9,20.15,Month-to-month,No,Bank transfer (automatic)
6713-OKOMC,4,call this month,10,29.75,Month-to-month,DSL,Mailed check
3675-YDUPJ,4,call this month,10,19.85,Month-to-month,No,Mailed check
8111-BKVDS,4,call this month,10,40.7,Month-to-month,DSL,Bank transfer (automatic)
8095-WANWK,4,call this month,10,45.25,Month-to-month,DSL,Mailed check
0114-RSRRW,4,call this month,10,19.95,Month-to-month,No,Bank transfer (automatic)
5555-RNPGT,4,call this month,10,24.8,Month-to-month,No,Credit card (automatic)
0380-ZCSBI,4,call this month,10,20,Month-to-month,No,Credit card (automatic)
9512-PHSMG,4,call this month,10,20.55,Month-to-month,No,Mailed check
1784-BXEFA,4,call this month,10,20.55,Month-to-month,No,Mailed check
7966-YOTQW,4,call this month,10,54.5,Month-to-month,DSL,Credit card (automatic)
4324-BZCKL,4,call this month,10,55.55,Month-to-month,DSL,Mailed check
8439-LTUGF,4,call this month,10,20,Month-to-month,No,Credit card (automatic)
5863-OOKCL,4,call this month,10,18.85,Month-to-month,No,Mailed check
3847-BAERP,4,call this month,10,20.9,Month-to-month,No,Mailed check
2428-ZMCTB,4,call this month,10,19.75,Month-to-month,No,Credit card (automatic)
7919-ZODZZ,4,call this month,10,65.9,One year,DSL,Mailed check
5651-CPDND,4,call this month,10,46,Month-to-month,DSL,Mailed check
4182-BGSIQ,4,call this month,10,19.8,Month-to-month,No,Bank transfer (automatic)
3682-YEUWS,4,call this month,10,24.4,Month-to-month,No,Mailed check
5018-HEKFO,4,call this month,10,24.5,Month-to-month,No,Mailed check
5424-RLQLC,4,call this month,10,59.65,Month-to-month,DSL,Mailed check
6143-JQKEA,4,call this month,10,45.8,Month-to-month,DSL,Credit card (automatic)
4936-YPJNK,4,call this month,10,19.9,Month-to-month,No,Mailed check
2709-UQGNP,4,call this month,10,51.65,Month-to-month,DSL,Mailed check
7094-MSZAO,4,call this month,10,20.05,Month-to-month,No,Credit card (automatic)
5081-NWSUP,4,call this month,10,64.9,One year,DSL,Mailed check
8735-DCXNF,4,call this month,10,54.95,Month-to-month,DSL,Credit card (automatic)
3898-BSJYF,4,call this month,10,73.55,One year,DSL,Credit card (automatic)
0463-ZSDNT,4,call this month,10,56.75,Month-to-month,DSL,Bank transfer (automatic)
2782-LFZVW,4,call this month,11,58.95,Month-to-month,DSL,Mailed check
5756-JYOJT,4,call this month,11,64.9,One year,DSL,Credit card (automatic)
4718-DHSMV,4,call this month,11,35.8,Month-to-month,DSL,Mailed check
7706-DZNKK,4,call this month,11,20.45,Month-to-month,No,Credit card (automatic)
1357-MVDOZ,4,call this month,11,59.65,Month-to-month,DSL,Bank transfer (automatic)
2371-JUNGC,4,call this month,11,20.25,Month-to-month,No,Mailed check
4063-EIKNQ,4,call this month,11,20.95,Month-to-month,No,Bank transfer (automatic)
6319-QSUSR,4,call this month,11,19.7,Month-to-month,No,Credit card (automatic)
6674-KVJHG,4,call this month,11,25.2,One year,No,Electronic check
7950-XWOVN,4,call this month,11,34.7,Month-to-month,DSL,Mailed check
1685-VAYJF,4,call this month,11,45.2,Month-to-month,DSL,Credit card (automatic)
9256-JTBNZ,4,call this month,11,20.3,Month-to-month,No,Bank transfer (automatic)
9496-IVVRP,4,call this month,11,51,Month-to-month,DSL,Bank transfer (automatic)
9932-WBWIK,4,call this month,11,20.35,Month-to-month,No,Mailed check
9873-MNDKV,4,call this month,11,44.65,Month-to-month,DSL,Mailed check
6859-RKMZJ,4,call this month,11,55.05,Month-to-month,DSL,Bank transfer (automatic)
0356-ERHVT,4,call this month,11,45.9,Month-to-month,DSL,Bank transfer (automatic)
1563-IWQEX,4,call this month,12,19.7,Month-to-month,No,Mailed check
7531-GQHME,4,call this month,12,20.05,Month-to-month,No,Credit card (automatic)
8942-DBMHZ,4,call this month,12,20.45,Month-to-month,No,Mailed check
2604-XVDAM,4,call this month,12,43.8,Month-to-month,DSL,Bank transfer (automatic)
8791-GFXLZ,4,call this month,12,49.05,Month-to-month,DSL,Bank transfer (automatic)
9089-UOWJG,4,call this month,12,58.35,Month-to-month,DSL,Credit card (automatic)
5777-ZPQNC,4,call this month,12,20.15,One year,No,Electronic check
4123-FCVCB,4,call this month,12,75.85,One year,DSL,Mailed check
7176-WIONM,4,call this month,12,49.85,Month-to-month,DSL,Bank transfer (automatic)
6476-EPYZR,4,call this month,12,20.5,Month-to-month,No,Mailed check
2882-DDZPG,4,call this month,12,19.45,Month-to-month,No,Bank transfer (automatic)
3750-RNQKR,4,call this month,12,19.45,Month-to-month,No,Mailed check
6838-HVLXG,4,call this month,12,20.3,Month-to-month,No,Mailed check
0953-LGOVU,4,call this month,12,35.5,Month-to-month,DSL,Mailed check
0208-BPQEJ,4,call this month,12,19.4,Month-to-month,No,Bank transfer (automatic)
5311-IHLEI,4,call this month,12,50.95,Month-to-month,DSL,Bank transfer (automatic)
6898-MDLZW,4,call this month,12,53.75,Month-to-month,DSL,Mailed check
4177-JPDFU,4,call this month,12,34,Month-to-month,DSL,Mailed check
7669-LCRSD,4,call this month,12,56.3,Month-to-month,DSL,Mailed check
7777-UNYHB,4,call this month,12,20.1,Month-to-month,No,Credit card (automatic)
1202-KKGFU,4,call this month,12,54.2,Month-to-month,DSL,Bank transfer (automatic)
1600-DILPE,4,call this month,12,45,Month-to-month,DSL,Bank transfer (automatic)
9367-TCUYN,4,call this month,12,20.1,Month-to-month,No,Mailed check
3566-VVORZ,4,call this month,12,45.9,Month-to-month,DSL,Bank transfer (automatic)
1539-LNKHM,4,call this month,12,20.4,Month-to-month,No,Mailed check
0547-HURJB,4,call this month,12,21.05,Month-to-month,No,Credit card (automatic)
8992-VONJD,4,call this month,13,56,Month-to-month,DSL,Electronic check
0811-GSDTP,4,call this month,13,30.15,Month-to-month,DSL,Electronic check
4581-LNWUM,4,call this month,13,49.15,Month-to-month,DSL,Electronic check
4418-LZMSV,4,call this month,13,61.8,Month-to-month,DSL,Bank transfer (automatic)
6366-XIVKZ,4,call this month,13,63.15,Month-to-month,DSL,Mailed check
6599-GZWCM,4,call this month,13,74.65,One year,Fiber optic,Mailed check
8474-UMLNT,4,call this month,13,67.8,Month-to-month,DSL,Bank transfer (automatic)
6253-WRFHY,4,call this month,13,64.75,One year,DSL,Electronic check
4486-EFAEB,4,call this month,13,20.4,Month-to-month,No,Electronic check
6507-DTJZV,4,call this month,13,66.4,Month-to-month,DSL,Credit card (automatic)
6339-DKLMK,4,call this month,13,31.65,Month-to-month,DSL,Electronic check
5716-LIBJC,4,call this month,13,104.15,One year,Fiber optic,Credit card (automatic)
1442-BQPVU,4,call this month,13,29.15,Month-to-month,DSL,Electronic check
0550-DCXLH,4,call this month,13,73.35,Month-to-month,DSL,Mailed check
8645-KWHJO,4,call this month,14,55,Month-to-month,DSL,Electronic check
8967-SZQAS,4,call this month,14,50.45,Month-to-month,DSL,Electronic check
8198-RKSZG,4,call this month,14,80.45,Month-to-month,DSL,Credit card (automatic)
3059-NGMXB,4,call this month,14,69.2,Month-to-month,DSL,Mailed check
8317-BVKSO,4,call this month,14,20.05,Month-to-month,No,Electronic check
2257-BOVXD,4,call this month,14,66.6,Month-to-month,DSL,Credit card (automatic)
3466-BYAVD,4,call this month,15,69.5,Month-to-month,DSL,Mailed check
8404-VLQFB,4,call this month,15,25.25,Month-to-month,No,Electronic check
0851-DFJKB,4,call this month,15,58.95,Month-to-month,DSL,Electronic check
9578-FOMUK,4,call this month,15,24.8,Month-to-month,No,Electronic check
0799-DDIHE,4,call this month,15,46.3,Month-to-month,DSL,Electronic check
9163-GHAYE,4,call this month,15,48.85,Month-to-month,DSL,Electronic check
7610-TVOPG,4,call this month,15,26.35,Month-to-month,No,Electronic check
9938-EKRGF,4,call this month,15,84.45,Month-to-month,DSL,Mailed check
0430-IHCDJ,4,call this month,15,49,Month-to-month,DSL,Electronic check
1101-SSWAG,4,call this month,15,51.1,Month-to-month,DSL,Electronic check
6476-YHMGA,4,call this month,15,76.5,Month-to-month,DSL,Bank transfer (automatic)
1159-WFSGR,4,call this month,16,20.4,Month-to-month,No,Electronic check
0106-GHRQR,4,call this month,16,71.4,Month-to-month,DSL,Bank transfer (automatic)
6648-INWPS,4,call this month,16,20.15,Month-to-month,No,Electronic check
5402-HTOTQ,4,call this month,16,55.3,Month-to-month,DSL,Electronic check
7130-CTCUS,4,call this month,16,54.55,Month-to-month,DSL,Bank transfer (automatic)
6537-QLGEX,4,call this month,16,38.9,Month-to-month,DSL,Electronic check
8652-YHIYU,4,call this month,16,79.5,One year,Fiber optic,Credit card (automatic)
3181-MIZBN,4,call this month,16,19.75,Month-to-month,No,Electronic check
3688-FTHLT,4,call this month,16,63.05,Month-to-month,DSL,Bank transfer (automatic)
0872-JCPIB,4,call this month,17,65.75,Month-to-month,DSL,Bank transfer (automatic)
2085-BOJKI,4,call this month,17,96.65,One year,Fiber optic,Bank transfer (automatic)
0820-FNRNX,4,call this month,17,66.7,Month-to-month,DSL,Mailed check
1703-MGIAB,4,call this month,17,69,Month-to-month,DSL,Mailed check
6217-TOWGS,4,call this month,17,75.4,Month-to-month,DSL,Bank transfer (automatic)
3633-CDBUW,4,call this month,17,80.85,One year,DSL,Electronic check
7088-FBAWU,4,call this month,17,74.55,Month-to-month,DSL,Mailed check
5651-WYIPH,4,call this month,18,49.85,Month-to-month,DSL,Credit card (automatic)
6890-PFRQX,4,call this month,18,69.5,Month-to-month,DSL,Mailed check
2023-VQFDL,4,call this month,18,19,Month-to-month,No,Electronic check
6620-JDYNW,4,call this month,18,60.6,Month-to-month,DSL,Mailed check
2195-VVRJF,4,call this month,18,59.1,Month-to-month,DSL,Credit card (automatic)
2432-TFSMK,4,call this month,18,89.6,One year,Fiber optic,Credit card (automatic)
1986-PHGZF,4,call this month,18,58.4,Month-to-month,DSL,Credit card (automatic)
6133-OZILE,4,call this month,18,35.2,Month-to-month,DSL,Electronic check
1310-QRITU,4,call this month,18,50.3,Month-to-month,DSL,Electronic check
8096-LOIST,4,call this month,19,56.2,Month-to-month,DSL,Electronic check
6429-SHBCB,4,call this month,19,69.6,Month-to-month,DSL,Mailed check
3665-JATSN,4,call this month,19,39.7,Month-to-month,DSL,Electronic check
0228-MAUWC,4,call this month,19,59.55,Month-to-month,DSL,Electronic check
3011-WQKSZ,4,call this month,19,20,Month-to-month,No,Electronic check
7661-CPURM,4,call this month,19,87.7,One year,Fiber optic,Credit card (automatic)
4976-LNFVV,4,call this month,19,34.3,Month-to-month,DSL,Credit card (automatic)
4003-FUSHP,4,call this month,19,61.55,Month-to-month,DSL,Credit card (automatic)
5448-VWNAM,4,call this month,19,75.9,Month-to-month,DSL,Mailed check
6668-CNMFP,4,call this month,19,89.35,One year,Fiber optic,Bank transfer (automatic)
3808-HFKDE,4,call this month,20,44.35,Month-to-month,DSL,Electronic check
4712-UYOOI,4,call this month,20,20,Month-to-month,No,Electronic check
0384-RVBPI,4,call this month,20,64.4,Month-to-month,DSL,Credit card (automatic)
8263-OKETD,4,call this month,20,68.9,Month-to-month,DSL,Credit card (automatic)
1208-NBVFH,4,call this month,20,49.6,Month-to-month,DSL,Electronic check
1840-BIUOG,4,call this month,20,68.7,One year,DSL,Electronic check
5149-TGWDZ,4,call this month,21,104.55,One year,Fiber optic,Mailed check
0668-OGMHD,4,call this month,21,28.5,Month-to-month,DSL,Electronic check
7108-DGVUU,4,call this month,21,71.7,One year,DSL,Bank transfer (automatic)
8220-OCUFY,4,call this month,21,60.25,One year,DSL,Electronic check
3787-TRIAL,4,call this month,21,26.05,Month-to-month,DSL,Electronic check
8992-OBVDG,4,call this month,21,61.65,Month-to-month,DSL,Mailed check
3703-TTEPD,4,call this month,21,65.35,Month-to-month,DSL,Bank transfer (automatic)
4012-ZTHBR,4,call this month,21,44.95,Month-to-month,DSL,Electronic check
6202-DYYFX,4,call this month,22,76,One year,Fiber optic,Credit card (automatic)
5445-GLVOT,4,call this month,22,49.8,Month-to-month,DSL,Electronic check
2582-FFFZR,4,call this month,22,50.6,Month-to-month,DSL,Electronic check
1852-XEMDW,4,call this month,22,65.05,Month-to-month,DSL,Mailed check
2436-QBZFP,4,call this month,22,39.2,Month-to-month,DSL,Electronic check
8963-MQVYN,4,call this month,22,20.55,Month-to-month,No,Electronic check
0212-ISBBF,4,call this month,22,50.35,Month-to-month,DSL,Electronic check
3733-ZEECP,4,call this month,22,51.1,Month-to-month,DSL,Electronic check
1956-YIFGE,4,call this month,22,100.05,One year,Fiber optic,Mailed check
2294-SALNE,4,call this month,23,86.8,One year,Fiber optic,Mailed check
6243-OZGFH,4,call this month,23,44.95,Month-to-month,DSL,Electronic check
6419-ZTTLE,4,call this month,23,20.75,One year,No,Electronic check
6475-VHUIZ,4,call this month,23,54.25,Month-to-month,DSL,Electronic check
2958-NHPPS,4,call this month,23,20.85,Month-to-month,No,Electronic check
2474-LCNUE,4,call this month,23,73.65,Month-to-month,DSL,Credit card (automatic)
3511-APPBJ,4,call this month,23,99.95,One year,Fiber optic,Credit card (automatic)
9099-FTUHS,4,call this month,23,54.4,Month-to-month,DSL,Electronic check
7673-LPRNY,4,call this month,23,78.55,One year,DSL,Electronic check
1261-FWTTE,4,call this month,23,34.65,Month-to-month,DSL,Bank transfer (automatic)
6617-WLBQC,4,call this month,23,81.85,One year,Fiber optic,Credit card (automatic)
0696-UKTOX,4,call this month,23,54.15,Month-to-month,DSL,Electronic check
1684-FLBGS,4,call this month,23,69.5,Month-to-month,DSL,Credit card (automatic)
6614-VBEGU,4,call this month,24,69.45,Month-to-month,DSL,Bank transfer (automatic)
0810-BDHAW,4,call this month,24,78.4,One year,DSL,Electronic check
5593-SUAOO,4,call this month,24,83.15,One year,Fiber optic,Bank transfer (automatic)
7217-JYHOQ,4,call this month,24,70.3,Month-to-month,DSL,Credit card (automatic)
2801-NISEI,4,call this month,24,54.95,Month-to-month,DSL,Electronic check
3723-BFBGR,4,call this month,24,54.8,Month-to-month,DSL,Credit card (automatic)
6620-HVDUJ,4,call this month,24,60.45,Month-to-month,DSL,Bank transfer (automatic)
2770-NSVDG,4,call this month,24,29.1,Month-to-month,DSL,Electronic check
0516-QREYC,4,call this month,24,20.3,Month-to-month,No,Mailed check
8070-AAWZP,4,call this month,24,34.25,Month-to-month,DSL,Mailed check
9143-CANJF,4,call this month,24,55.15,Month-to-month,DSL,Electronic check
7964-YESJC,4,call this month,24,66.3,Month-to-month,DSL,Mailed check
4277-UDIEF,4,call this month,24,81,Month-to-month,DSL,Bank transfer (automatic)
9828-QHFBK,4,call this month,24,51.15,Month-to-month,DSL,Electronic check
6575-SUVOI,4,call this month,25,69.5,Month-to-month,DSL,Credit card (automatic)
3196-NVXLZ,4,call this month,25,84.6,Month-to-month,Fiber optic,Mailed check
8201-AAXCB,4,call this month,25,60.35,Month-to-month,DSL,Electronic check
5201-FRKKS,4,call this month,25,74.3,Month-to-month,Fiber optic,Bank transfer (automatic)
7011-CVEUC,4,call this month,25,95.7,Month-to-month,Fiber optic,Credit card (automatic)
6985-HAYWX,4,call this month,26,79.3,Month-to-month,Fiber optic,Bank transfer (automatic)
4993-JCRGJ,4,call this month,26,84.3,Month-to-month,Fiber optic,Mailed check
7714-YXSMB,4,call this month,26,100.5,Month-to-month,Fiber optic,Bank transfer (automatic)
3709-OIJEA,4,call this month,26,85.2,One year,Fiber optic,Electronic check
5201-USSQZ,4,call this month,26,85.9,Month-to-month,Fiber optic,Credit card (automatic)
1025-FALIX,4,call this month,26,69.05,Month-to-month,Fiber optic,Credit card (automatic)
3466-RITXD,4,call this month,26,92.4,Month-to-month,Fiber optic,Credit card (automatic)
5949-HGVJL,4,call this month,26,73.05,Month-to-month,DSL,Electronic check
8404-FYDIB,4,call this month,26,86.65,Month-to-month,Fiber optic,Credit card (automatic)
9445-ZUEQE,4,call this month,27,85.2,Month-to-month,Fiber optic,Credit card (automatic)
3597-MVHJT,4,call this month,27,95.6,Month-to-month,Fiber optic,Bank transfer (automatic)
9774-NRNAU,4,call this month,27,84.8,Month-to-month,DSL,Bank transfer (automatic)
8329-UTMVM,4,call this month,27,104.65,One year,Fiber optic,Bank transfer (automatic)
1173-NOEYG,4,call this month,27,90.15,Month-to-month,Fiber optic,Bank transfer (automatic)
1258-YMZNM,4,call this month,27,110.5,One year,Fiber optic,Bank transfer (automatic)
0187-WZNAB,4,call this month,27,74.4,Month-to-month,Fiber optic,Mailed check
0064-YIJGF,4,call this month,27,75.75,Month-to-month,Fiber optic,Bank transfer (automatic)
1194-HVAIF,4,call this month,27,95,Month-to-month,Fiber optic,Credit card (automatic)
8725-JEDFD,4,call this month,27,69.05,Month-to-month,Fiber optic,Mailed check
5697-GOMBF,4,call this month,28,35.9,Month-to-month,DSL,Electronic check
7361-YPXFS,4,call this month,28,64.45,Month-to-month,DSL,Bank transfer (automatic)
6635-CPNUN,4,call this month,28,96.6,Month-to-month,Fiber optic,Credit card (automatic)
1104-FEJAM,4,call this month,28,64.4,Month-to-month,DSL,Electronic check
1174-FGIFN,4,call this month,28,90.45,One year,Fiber optic,Electronic check
7272-QDCKA,4,call this month,28,100.2,One year,Fiber optic,Electronic check
8751-EDEKA,4,call this month,28,89.9,Month-to-month,Fiber optic,Credit card (automatic)
2305-MRGLV,4,call this month,28,76.55,Month-to-month,Fiber optic,Bank transfer (automatic)
5046-NUHWD,4,call this month,29,45,Month-to-month,DSL,Electronic check
4109-CYRBD,4,call this month,29,51.6,Month-to-month,DSL,Electronic check
3014-WJKSM,4,call this month,29,75.3,Month-to-month,Fiber optic,Credit card (automatic)
7016-NVRIC,4,call this month,29,90.1,One year,Fiber optic,Bank transfer (automatic)
6481-ESCNL,4,call this month,29,100.55,Month-to-month,Fiber optic,Bank transfer (automatic)
3301-LSLWQ,4,call this month,29,66.1,Month-to-month,DSL,Electronic check
5294-DMSFH,4,call this month,29,87.8,Month-to-month,Fiber optic,Credit card (automatic)
0468-YRPXN,4,call this month,29,98.8,Month-to-month,Fiber optic,Credit card (automatic)
2476-YGEFM,4,call this month,29,76,Month-to-month,Fiber optic,Credit card (automatic)
6897-UUBNU,4,call this month,29,89.65,Month-to-month,Fiber optic,Mailed check
4767-HZZHQ,4,call this month,30,82.05,Month-to-month,Fiber optic,Bank transfer (automatic)
4811-JBUVU,4,call this month,30,89.9,Month-to-month,Fiber optic,Credit card (automatic)
2475-MROZF,4,call this month,30,95,Month-to-month,Fiber optic,Credit card (automatic)
0215-BQKGS,4,call this month,30,84.3,Month-to-month,Fiber optic,Credit card (automatic)
0730-KOAVE,4,call this month,30,94.3,Month-to-month,Fiber optic,Credit card (automatic)
8812-ZRHFP,4,call this month,30,86.45,One year,Fiber optic,Electronic check
1552-AAGRX,4,call this month,30,106.4,Month-to-month,Fiber optic,Bank transfer (automatic)
1810-MVMAI,4,call this month,30,67.6,Month-to-month,DSL,Electronic check
1482-OXZSY,4,call this month,30,100.4,Month-to-month,Fiber optic,Bank transfer (automatic)
5060-TQUQN,4,call this month,30,83.55,Month-to-month,Fiber optic,Bank transfer (automatic)
9777-WJJPR,4,call this month,31,88.65,Month-to-month,Fiber optic,Credit card (automatic)
5136-RGMZO,4,call this month,31,71.05,Month-to-month,DSL,Electronic check
1855-AGAWH,4,call this month,31,93.8,One year,Fiber optic,Electronic check
0410-IPFTY,4,call this month,31,83.85,Month-to-month,Fiber optic,Bank transfer (automatic)
5325-UWTWJ,4,call this month,31,90.55,Month-to-month,Fiber optic,Credit card (automatic)
2455-USLMV,4,call this month,31,84.75,Month-to-month,Fiber optic,Credit card (automatic)
9944-AEXBM,4,call this month,32,85.65,Month-to-month,Fiber optic,Bank transfer (automatic)
7241-AJHFS,4,call this month,32,87.65,Month-to-month,Fiber optic,Bank transfer (automatic)
3312-UUMZW,4,call this month,32,98.85,Month-to-month,Fiber optic,Credit card (automatic)
3522-CDKHF,4,call this month,32,75.5,Month-to-month,Fiber optic,Bank transfer (automatic)
6578-KRMAW,4,call this month,32,93.4,Month-to-month,Fiber optic,Credit card (automatic)
4377-VDHYI,4,call this month,32,90.8,One year,Fiber optic,Electronic check
1422-DGUBX,4,call this month,32,79.25,One year,Fiber optic,Electronic check
2519-ERQOJ,4,call this month,33,54.6,Month-to-month,DSL,Electronic check
5846-QFDFI,4,call this month,33,88.6,Month-to-month,Fiber optic,Credit card (automatic)
9373-WSLOY,4,call this month,33,50,Month-to-month,DSL,Electronic check
2105-PHWON,4,call this month,33,95,Month-to-month,Fiber optic,Credit card (automatic)
4067-HLYQI,4,call this month,33,70.4,Month-to-month,Fiber optic,Bank transfer (automatic)
9921-EZKBY,4,call this month,33,95.3,Month-to-month,Fiber optic,Bank transfer (automatic)
6538-POCHL,4,call this month,33,79,Month-to-month,Fiber optic,Credit card (automatic)
4947-DSMXK,4,call this month,34,97.7,Month-to-month,Fiber optic,Bank transfer (automatic)
5913-INRQV,4,call this month,34,90.15,One year,Fiber optic,Mailed check
9522-BNTHX,4,call this month,34,56.25,Month-to-month,DSL,Electronic check
3192-LNKRK,4,call this month,34,84.05,Month-to-month,Fiber optic,Mailed check
4636-JGAAI,4,call this month,34,88.85,Month-to-month,Fiber optic,Mailed check
4097-YODCF,4,call this month,34,103.8,One year,Fiber optic,Electronic check
3161-GETRM,4,call this month,34,90.05,Month-to-month,Fiber optic,Credit card (automatic)
2133-TSRRM,4,call this month,34,105.35,Month-to-month,Fiber optic,Bank transfer (automatic)
6745-JEFZB,4,call this month,35,91.5,Month-to-month,Fiber optic,Credit card (automatic)
5886-VLQVU,4,call this month,35,89.85,Month-to-month,Fiber optic,Bank transfer (automatic)
0080-OROZO,4,call this month,35,99.25,One year,Fiber optic,Electronic check
9470-XCCEM,4,call this month,35,89.65,Month-to-month,Fiber optic,Bank transfer (automatic)
8980-WQFWL,4,call this month,35,62.1,Month-to-month,DSL,Electronic check
8450-UYIBU,4,call this month,35,39.85,Month-to-month,DSL,Electronic check
5198-HQAEN,4,call this month,35,89.7,One year,Fiber optic,Electronic check
9500-LTVBP,4,call this month,35,80.05,Month-to-month,Fiber optic,Credit card (automatic)
8547-NSBBO,4,call this month,35,96.75,Month-to-month,Fiber optic,Mailed check
2851-STERV,4,call this month,35,73,One year,DSL,Electronic check
0289-IVARM,4,call this month,35,60.55,Month-to-month,DSL,Electronic check
1480-IVEVR,4,call this month,35,81.6,One year,Fiber optic,Bank transfer (automatic)
4118-CEVPF,4,call this month,35,110.8,One year,Fiber optic,Bank transfer (automatic)
2758-RNWXS,4,call this month,35,89.2,One year,Fiber optic,Electronic check
7982-VCELR,4,call this month,36,94.8,Month-to-month,Fiber optic,Credit card (automatic)
8123-QBNAZ,4,call this month,36,104.5,Month-to-month,Fiber optic,Credit card (automatic)
5119-KEPFY,4,call this month,36,95,Month-to-month,Fiber optic,Bank transfer (automatic)
6862-CQUMB,4,call this month,37,96.1,Month-to-month,Fiber optic,Credit card (automatic)
7147-AYBAA,4,call this month,37,70.35,Month-to-month,Fiber optic,Mailed check
4360-QRAVE,4,call this month,37,36.65,Month-to-month,DSL,Electronic check
2402-TAIRZ,4,call this month,37,80.05,One year,Fiber optic,Electronic check
0365-TRTPY,4,call this month,37,91.2,Month-to-month,Fiber optic,Bank transfer (automatic)
5816-QVHRX,4,call this month,37,100.3,Month-to-month,Fiber optic,Credit card (automatic)
2240-HSJQD,4,call this month,38,81.85,Month-to-month,Fiber optic,Mailed check
6807-SIWJI,4,call this month,38,104.85,One year,Fiber optic,Electronic check
7459-IMVYU,4,call this month,38,69.95,Month-to-month,DSL,Electronic check
8378-LKJAF,4,call this month,38,101.15,Month-to-month,Fiber optic,Credit card (automatic)
4083-BFNYK,4,call this month,38,95,One year,Fiber optic,Credit card (automatic)
9356-AXGMP,4,call this month,38,110.7,One year,Fiber optic,Electronic check
3717-LNXKW,4,call this month,38,91.7,Month-to-month,Fiber optic,Bank transfer (automatic)
4282-ACRXS,4,call this month,38,24.85,Month-to-month,DSL,Electronic check
6075-SLNIL,4,call this month,38,95.1,Month-to-month,Fiber optic,Credit card (automatic)
9767-FFLEM,4,call this month,38,69.5,Month-to-month,Fiber optic,Credit card (automatic)
7776-QGYJC,4,call this month,39,81.5,Month-to-month,Fiber optic,Bank transfer (automatic)
9738-QLWTP,4,call this month,39,81.9,One year,Fiber optic,Electronic check
0089-IIQKO,4,call this month,39,99.95,Month-to-month,Fiber optic,Credit card (automatic)
8149-AIQCG,4,call this month,39,73.15,Month-to-month,Fiber optic,Credit card (automatic)
6383-ZTSIW,4,call this month,39,99.1,One year,Fiber optic,Mailed check
0327-WFZSY,4,call this month,39,100,One year,Fiber optic,Electronic check
2985-JUUBZ,4,call this month,40,74.55,Month-to-month,DSL,Electronic check
4851-BQDNX,4,call this month,40,85.05,One year,Fiber optic,Electronic check
7251-LJBQN,4,call this month,40,103.75,One year,Fiber optic,Credit card (automatic)
2190-BCXEC,4,call this month,40,78.85,Month-to-month,Fiber optic,Credit card (automatic)
3352-ALMCK,4,call this month,40,102.65,Month-to-month,Fiber optic,Mailed check
5996-NRVXR,4,call this month,40,98.15,One year,Fiber optic,Credit card (automatic)
4826-TZEVA,4,call this month,40,74.8,Month-to-month,Fiber optic,Credit card (automatic)
2931-SVLTV,4,call this month,40,110.1,Month-to-month,Fiber optic,Credit card (automatic)
6873-UDNLD,4,call this month,40,67.45,Month-to-month,DSL,Electronic check
2896-TBNBE,4,call this month,40,80.8,One year,Fiber optic,Electronic check
9812-GHVRI,4,call this month,40,83.85,Month-to-month,Fiber optic,Bank transfer (automatic)
4657-FWVFY,4,call this month,40,96.35,Month-to-month,Fiber optic,Credit card (automatic)
1685-BQULA,4,call this month,40,93.4,Month-to-month,Fiber optic,Bank transfer (automatic)
9825-YCXWZ,4,call this month,41,101.1,One year,Fiber optic,Bank transfer (automatic)
6128-AQBMT,4,call this month,41,53.95,Month-to-month,DSL,Electronic check
9626-VFRGG,4,call this month,41,88.5,Month-to-month,Fiber optic,Bank transfer (automatic)
5312-UXESG,4,call this month,41,98.05,Month-to-month,Fiber optic,Bank transfer (automatic)
2359-KLTEK,4,call this month,41,94.9,Month-to-month,Fiber optic,Bank transfer (automatic)
7025-IWFHT,4,call this month,41,89.55,One year,Fiber optic,Electronic check
2669-QVCRG,4,call this month,41,81.3,Month-to-month,Fiber optic,Credit card (automatic)
5274-XHAKY,4,call this month,41,94.3,Month-to-month,Fiber optic,Bank transfer (automatic)
9919-YLNNG,4,call this month,42,103.8,Month-to-month,Fiber optic,Bank transfer (automatic)
0959-WHOKV,4,call this month,42,99,One year,Fiber optic,Electronic check
9833-TGFHX,4,call this month,42,97.1,One year,Fiber optic,Electronic check
6362-QHAFM,4,call this month,42,108.3,One year,Fiber optic,Electronic check
7789-HKSBS,4,call this month,42,105.2,One year,Fiber optic,Bank transfer (automatic)
7621-VPNET,4,call this month,42,85.9,Month-to-month,Fiber optic,Credit card (automatic)
8495-PRWFH,4,call this month,42,55.65,Month-to-month,DSL,Electronic check
3524-WQDSG,4,call this month,43,99.3,Month-to-month,Fiber optic,Bank transfer (automatic)
5977-CKHON,4,call this month,43,92.55,Month-to-month,Fiber optic,Bank transfer (automatic)
8100-HZZLJ,4,call this month,43,63.95,Month-to-month,DSL,Electronic check
2842-BCQGE,4,call this month,43,75.35,Month-to-month,Fiber optic,Credit card (automatic)
2716-GFZOR,4,call this month,43,86.1,Month-to-month,Fiber optic,Credit card (automatic)
1217-VASWC,4,call this month,43,100.55,One year,Fiber optic,Bank transfer (automatic)
9142-KZXOP,4,call this month,44,68.85,Month-to-month,Fiber optic,Credit card (automatic)
8782-LKFPK,4,call this month,44,90.4,Month-to-month,Fiber optic,Mailed check
6689-VRRTK,4,call this month,44,109.8,One year,Fiber optic,Credit card (automatic)
9391-DXGGG,4,call this month,44,89.15,One year,Fiber optic,Credit card (automatic)
9688-YGXVR,4,call this month,44,88.15,Month-to-month,Fiber optic,Credit card (automatic)
4393-RYCRE,4,call this month,44,106.05,One year,Fiber optic,Electronic check
2270-CHBFN,4,call this month,44,95.1,Month-to-month,Fiber optic,Credit card (automatic)
3410-MHHUM,4,call this month,44,94.4,One year,Fiber optic,Electronic check
0943-ZQPXH,4,call this month,44,92.95,Month-to-month,Fiber optic,Bank transfer (automatic)
7398-LXGYX,4,call this month,44,84.8,Month-to-month,Fiber optic,Credit card (automatic)
2826-UWHIS,4,call this month,45,81.4,Month-to-month,Fiber optic,Bank transfer (automatic)
9495-SKLKD,4,call this month,45,95.95,Month-to-month,Fiber optic,Bank transfer (automatic)
0481-SUMCB,4,call this month,45,102.15,One year,Fiber optic,Bank transfer (automatic)
6959-GQEGV,4,call this month,45,75.95,Month-to-month,DSL,Electronic check
1216-BGTSP,4,call this month,45,108.45,Month-to-month,Fiber optic,Credit card (automatic)
8868-GAGIO,4,call this month,45,84.55,Month-to-month,Fiber optic,Mailed check
0853-NWIFK,4,call this month,45,100.3,One year,Fiber optic,Electronic check
3932-IJWDZ,4,call this month,45,103.65,Month-to-month,Fiber optic,Bank transfer (automatic)
9233-PSYHO,4,call this month,45,100.15,One year,Fiber optic,Bank transfer (automatic)
6233-HXJMX,4,call this month,45,89.3,Month-to-month,Fiber optic,Credit card (automatic)
1833-TCXKK,4,call this month,45,107.75,Month-to-month,Fiber optic,Bank transfer (automatic)
7856-GANIL,4,call this month,45,98.7,One year,Fiber optic,Bank transfer (automatic)
6572-ADKRS,4,call this month,46,74.8,Month-to-month,Fiber optic,Credit card (automatic)
5575-TPIZQ,4,call this month,46,89.15,Month-to-month,Fiber optic,Credit card (automatic)
2927-QRRQV,4,call this month,46,94.65,One year,Fiber optic,Electronic check
2014-MKGMH,4,call this month,46,101.1,One year,Fiber optic,Electronic check
3572-UOLYZ,4,call this month,46,84.8,Month-to-month,Fiber optic,Bank transfer (automatic)
1370-GGAWX,4,call this month,46,94.15,One year,Fiber optic,Electronic check
7047-FWEYA,4,call this month,46,103.15,One year,Fiber optic,Electronic check
7128-GGCNO,4,call this month,46,72.8,Month-to-month,Fiber optic,Bank transfer (automatic)
1707-HABPF,4,call this month,46,91.3,One year,Fiber optic,Bank transfer (automatic)
0239-OXEXL,4,call this month,46,84.25,Month-to-month,Fiber optic,Mailed check
7356-IWLFW,4,call this month,46,80,Month-to-month,Fiber optic,Bank transfer (automatic)
8627-ZYGSZ,4,call this month,47,78.9,One year,Fiber optic,Electronic check
9978-HYCIN,4,call this month,47,84.95,One year,Fiber optic,Bank transfer (automatic)
7975-TZMLR,4,call this month,47,103.1,One year,Fiber optic,Electronic check
5014-WUQMG,4,call this month,47,96.1,One year,Fiber optic,Electronic check
3537-RYBHH,4,call this month,47,67.45,Month-to-month,DSL,Credit card (automatic)
9079-LWTFD,4,call this month,47,100.75,Month-to-month,Fiber optic,Mailed check
2452-SNHFZ,4,call this month,47,75.45,Month-to-month,Fiber optic,Credit card (automatic)
2750-BJLSB,4,call this month,47,103.7,One year,Fiber optic,Electronic check
6891-JPYFF,4,call this month,48,105.25,Month-to-month,Fiber optic,Credit card (automatic)
7130-YXBRO,4,call this month,48,111.45,Month-to-month,Fiber optic,Bank transfer (automatic)
2669-OIDSD,4,call this month,48,100.05,Month-to-month,Fiber optic,Credit card (automatic)
5176-LDKUH,4,call this month,48,75.15,One year,Fiber optic,Electronic check
6821-JPCDC,4,call this month,48,97.05,One year,Fiber optic,Electronic check
5118-MUEYH,4,call this month,48,105.1,Month-to-month,Fiber optic,Credit card (automatic)
4908-XAXAY,4,call this month,49,89.85,One year,Fiber optic,Bank transfer (automatic)
5002-GCQFH,4,call this month,49,93.85,Month-to-month,Fiber optic,Bank transfer (automatic)
2040-VZIKE,4,call this month,49,100.85,Month-to-month,Fiber optic,Mailed check
0701-RFGFI,4,call this month,49,95.4,Month-to-month,Fiber optic,Bank transfer (automatic)
6559-RAKOZ,4,call this month,49,97.95,One year,Fiber optic,Electronic check
5131-PONJI,4,call this month,49,90.4,Month-to-month,Fiber optic,Credit card (automatic)
1470-PSXNM,4,call this month,49,93.65,One year,Fiber optic,Electronic check
8133-ANHHJ,4,call this month,49,103,One year,Fiber optic,Bank transfer (automatic)
0419-YAAPX,4,call this month,49,85.3,Month-to-month,Fiber optic,Credit card (automatic)
3452-SRFEG,4,call this month,49,74.6,Month-to-month,Fiber optic,Bank transfer (automatic)
3316-UWXUY,4,call this month,50,93.5,Month-to-month,Fiber optic,Credit card (automatic)
4676-MQUEA,4,call this month,50,101.9,One year,Fiber optic,Bank transfer (automatic)
2267-FPIMA,4,call this month,50,94.4,Month-to-month,Fiber optic,Credit card (automatic)
8329-GWVPJ,4,call this month,50,69.75,Month-to-month,Fiber optic,Bank transfer (automatic)
0237-YFUTL,4,call this month,50,109.65,Month-to-month,Fiber optic,Bank transfer (automatic)
1357-BIJKI,4,call this month,50,98.25,One year,Fiber optic,Electronic check
7550-WIQVA,4,call this month,50,108.25,One year,Fiber optic,Electronic check
8033-VCZGH,4,call this month,50,103.95,One year,Fiber optic,Electronic check
4726-DLWQN,4,call this month,50,70.35,Month-to-month,DSL,Bank transfer (automatic)
7103-IPXPJ,4,call this month,50,99.4,One year,Fiber optic,Electronic check
4075-JFPGR,4,call this month,51,93.5,One year,Fiber optic,Electronic check
5076-YVXCM,4,call this month,51,83.4,Month-to-month,Fiber optic,Bank transfer (automatic)
3128-YOVTD,4,call this month,51,79.15,Month-to-month,Fiber optic,Bank transfer (automatic)
3584-WKTTW,4,call this month,51,111.55,One year,Fiber optic,Electronic check
4138-NAXED,4,call this month,51,81,Month-to-month,Fiber optic,Bank transfer (automatic)
0549-CYCQN,4,call this month,51,79.6,One year,Fiber optic,Bank transfer (automatic)
9419-IPPBE,4,call this month,51,90.15,One year,Fiber optic,Electronic check
7245-JMTTQ,4,call this month,51,111.5,One year,Fiber optic,Electronic check
9701-CDXHR,4,call this month,51,69.15,Month-to-month,Fiber optic,Mailed check
1591-MQJTP,4,call this month,51,93.65,One year,Fiber optic,Bank transfer (automatic)
7921-LMDFQ,4,call this month,51,94,One year,Fiber optic,Bank transfer (automatic)
0422-UXFAP,4,call this month,51,98.85,One year,Fiber optic,Electronic check
4983-CLMLV,4,call this month,52,102.7,Month-to-month,Fiber optic,Credit card (automatic)
2806-MLNTI,4,call this month,52,105.1,One year,Fiber optic,Bank transfer (automatic)
7803-XOCCZ,4,call this month,52,84.05,Month-to-month,Fiber optic,Bank transfer (automatic)
0750-EBAIU,4,call this month,52,91.25,One year,Fiber optic,Electronic check
3253-HKOKL,4,call this month,52,100.3,One year,Fiber optic,Electronic check
4472-VESGY,4,call this month,52,98.15,Month-to-month,Fiber optic,Bank transfer (automatic)
0523-VNGTF,4,call this month,52,50.5,Month-to-month,DSL,Electronic check
5732-IKGQH,4,call this month,52,104.45,One year,Fiber optic,Bank transfer (automatic)
0689-DSXGL,4,call this month,52,85.8,Month-to-month,Fiber optic,Bank transfer (automatic)
1309-XGFSN,4,call this month,52,80.85,One year,DSL,Electronic check
1485-YDHMM,4,call this month,52,93.25,Month-to-month,Fiber optic,Bank transfer (automatic)
8705-DWKTI,4,call this month,52,83.8,Month-to-month,Fiber optic,Credit card (automatic)
2279-AXJJK,4,call this month,52,95.65,Month-to-month,Fiber optic,Credit card (automatic)
4070-OKWVH,4,call this month,52,94.6,Month-to-month,Fiber optic,Bank transfer (automatic)
2858-EIMXH,4,call this month,53,95.85,One year,Fiber optic,Credit card (automatic)
0887-WBJVH,4,call this month,53,93.45,One year,Fiber optic,Electronic check
1492-QGCLU,4,call this month,53,85.7,Month-to-month,DSL,Electronic check
1074-AMIOH,4,call this month,53,108.25,Month-to-month,Fiber optic,Bank transfer (automatic)
3567-PQTSO,4,call this month,53,105.25,One year,Fiber optic,Electronic check
9391-LMANN,4,call this month,53,95.95,One year,Fiber optic,Electronic check
5206-XZZQI,4,call this month,53,80.6,Month-to-month,Fiber optic,Mailed check
7402-PWYJJ,4,call this month,53,91.15,One year,Fiber optic,Electronic check
9822-BIIGN,4,call this month,53,71.85,Month-to-month,DSL,Electronic check
8008-ESFLK,4,call this month,53,110.5,One year,Fiber optic,Electronic check
5195-KPUNQ,4,call this month,53,96.75,One year,Fiber optic,Mailed check
6353-BRMMA,4,call this month,54,104.1,Month-to-month,Fiber optic,Bank transfer (automatic)
7722-CVFXN,4,call this month,54,105.2,One year,Fiber optic,Electronic check
4525-VZCZG,4,call this month,54,105.85,One year,Fiber optic,Electronic check
6250-CGGUN,4,call this month,54,84.4,One year,Fiber optic,Electronic check
4402-FTBXC,4,call this month,54,89.8,Month-to-month,Fiber optic,Mailed check
0442-ZXKVS,4,call this month,54,115.6,One year,Fiber optic,Bank transfer (automatic)
1409-PHXTF,4,call this month,54,110.45,Two year,Fiber optic,Electronic check
0292-WEGCH,4,call this month,54,86.2,Month-to-month,DSL,Electronic check
5136-GFPMB,4,call this month,54,89.4,Month-to-month,Fiber optic,Credit card (automatic)
5243-SAOTC,4,call this month,54,79.85,Month-to-month,Fiber optic,Bank transfer (automatic)
0913-XWSCN,4,call this month,55,85.5,Month-to-month,Fiber optic,Bank transfer (automatic)
7449-HVPIV,4,call this month,55,90.4,Month-to-month,Fiber optic,Credit card (automatic)
0058-EVZWM,4,call this month,55,89.8,Month-to-month,Fiber optic,Bank transfer (automatic)
7740-BTPUX,4,call this month,55,113.6,Two year,Fiber optic,Electronic check
7271-AJDTL,4,call this month,55,94.45,Month-to-month,Fiber optic,Credit card (automatic)
3537-HPKQT,4,call this month,55,77.75,Month-to-month,Fiber optic,Credit card (automatic)
3005-TYFRD,4,call this month,55,103.65,Month-to-month,Fiber optic,Credit card (automatic)
3807-BPOMJ,4,call this month,55,94.75,One year,Fiber optic,Electronic check
4135-FRWKJ,4,call this month,55,76.25,One year,DSL,Electronic check
9591-YVTEB,4,call this month,55,44.85,Month-to-month,DSL,Electronic check
8677-HDZEE,4,call this month,56,105.45,Month-to-month,Fiber optic,Bank transfer (automatic)
6815-ABQFQ,4,call this month,56,107.25,One year,Fiber optic,Electronic check
4869-EPIUS,4,call this month,56,80.9,One year,Fiber optic,Electronic check
8268-YDIXR,4,call this month,56,93.15,One year,Fiber optic,Electronic check
1004-NOZNR,4,call this month,56,94.8,One year,Fiber optic,Credit card (automatic)
5035-PGZXH,4,call this month,56,106.8,One year,Fiber optic,Electronic check
2924-KHUVI,4,call this month,56,100.55,One year,Fiber optic,Electronic check
4010-YLMVT,4,call this month,56,106.6,Month-to-month,Fiber optic,Credit card (automatic)
5018-GWURO,4,call this month,56,85.6,Month-to-month,Fiber optic,Bank transfer (automatic)
5827-MWCZK,4,call this month,56,96.95,Month-to-month,Fiber optic,Credit card (automatic)
0899-WZRSD,4,call this month,56,105.35,Month-to-month,Fiber optic,Mailed check
1061-PNTHC,4,call this month,56,109.6,Month-to-month,Fiber optic,Mailed check
1935-IMVBB,4,call this month,56,89.7,Month-to-month,Fiber optic,Mailed check
6284-KMNUF,4,call this month,56,98,One year,Fiber optic,Electronic check
5240-CAOYT,4,call this month,57,87.55,Month-to-month,Fiber optic,Bank transfer (automatic)
2972-YDYUW,4,call this month,57,94.7,One year,Fiber optic,Electronic check
7733-UDMTP,4,call this month,57,55,Month-to-month,DSL,Electronic check
8961-QDZZJ,4,call this month,57,95,One year,Fiber optic,Electronic check
0716-BQNDX,4,call this month,57,93.75,Two year,Fiber optic,Electronic check
4685-ERGHK,4,call this month,57,86.9,One year,Fiber optic,Electronic check
2480-EJWYP,4,call this month,58,97.8,One year,Fiber optic,Bank transfer (automatic)
1867-TJHTS,4,call this month,58,79.8,Month-to-month,Fiber optic,Bank transfer (automatic)
2000-MPKCA,4,call this month,58,107.75,One year,Fiber optic,Electronic check
5443-SCMKX,4,call this month,58,94.3,One year,Fiber optic,Electronic check
7824-PANSQ,4,call this month,58,80.65,Month-to-month,Fiber optic,Bank transfer (automatic)
2205-LPVGL,4,call this month,58,89.85,One year,Fiber optic,Bank transfer (automatic)
4194-WHFCB,4,call this month,59,96.65,Month-to-month,Fiber optic,Bank transfer (automatic)
8406-LNMHF,4,call this month,59,82.95,One year,Fiber optic,Credit card (automatic)
6627-CFOSN,4,call this month,59,99.45,Month-to-month,Fiber optic,Bank transfer (automatic)
3863-QSTYI,4,call this month,59,64.65,Month-to-month,DSL,Electronic check
9693-XMUOB,4,call this month,59,50.25,Month-to-month,DSL,Electronic check
9912-OMZDS,4,call this month,59,106.15,One year,Fiber optic,Electronic check
1215-FIGMP,4,call this month,60,89.9,Month-to-month,Fiber optic,Bank transfer (automatic)
5334-JLAXU,4,call this month,60,94.1,Month-to-month,Fiber optic,Credit card (automatic)
4450-MDZFX,4,call this month,60,74.35,Month-to-month,Fiber optic,Bank transfer (automatic)
3413-DHLPB,4,call this month,60,103.75,Month-to-month,Fiber optic,Bank transfer (automatic)
3170-GWYKC,4,call this month,60,104.95,Month-to-month,Fiber optic,Bank transfer (automatic)
0512-FLFDW,4,call this month,60,100.5,One year,Fiber optic,Credit card (automatic)
2522-AHJXR,4,call this month,60,109.45,Month-to-month,Fiber optic,Bank transfer (automatic)
3915-ODIYG,4,call this month,60,71.75,One year,DSL,Electronic check
5298-GSTLM,4,call this month,60,101.4,One year,Fiber optic,Bank transfer (automatic)
1543-LLLFT,4,call this month,61,98.3,One year,Fiber optic,Mailed check
1698-XFZCI,4,call this month,61,107.75,One year,Fiber optic,Electronic check
4488-KQFDT,4,call this month,61,103.95,One year,Fiber optic,Electronic check
5446-DKWYW,4,call this month,61,65.2,One year,DSL,Electronic check
7251-XFOIL,4,call this month,61,89.2,Month-to-month,Fiber optic,Mailed check
5734-EJKXG,4,call this month,61,118.6,One year,Fiber optic,Electronic check
2252-JHJGE,4,call this month,61,104,One year,Fiber optic,Electronic check
3733-UOCWF,4,call this month,61,85.55,One year,Fiber optic,Bank transfer (automatic)
1346-PJWTK,4,call this month,61,94.15,Month-to-month,Fiber optic,Credit card (automatic)
0487-RPVUM,4,call this month,61,99.4,Month-to-month,Fiber optic,Bank transfer (automatic)
4937-QPZPO,4,call this month,61,99.9,One year,Fiber optic,Electronic check
0516-UXRMT,4,call this month,62,92.05,One year,Fiber optic,Electronic check
5268-DSMNQ,4,call this month,62,97.95,One year,Fiber optic,Credit card (automatic)
2272-JKMSI,4,call this month,62,110.8,One year,Fiber optic,Electronic check
6794-HKIAJ,4,call this month,62,90.7,Month-to-month,Fiber optic,Bank transfer (automatic)
8920-NAVAY,4,call this month,62,110.75,One year,Fiber optic,Bank transfer (automatic)
9114-VEPUF,4,call this month,62,96.1,One year,Fiber optic,Electronic check
6341-AEVKX,4,call this month,62,104.3,One year,Fiber optic,Electronic check
0621-HJWXJ,4,call this month,63,81.55,Month-to-month,Fiber optic,Bank transfer (automatic)
1656-DRSMG,4,call this month,63,109.85,Month-to-month,Fiber optic,Credit card (automatic)
2796-UUZZO,4,call this month,63,80.3,Month-to-month,Fiber optic,Credit card (automatic)
1110-KYLGQ,4,call this month,63,108.25,Month-to-month,Fiber optic,Credit card (automatic)
4184-VODJZ,4,call this month,63,91.35,One year,Fiber optic,Electronic check
6728-VOIFY,4,call this month,63,96,One year,Fiber optic,Electronic check
4654-DLAMQ,4,call this month,64,97,One year,Fiber optic,Bank transfer (automatic)
9076-AXYIK,4,call this month,64,102.1,Two year,Fiber optic,Electronic check
1135-HIORI,4,call this month,64,111.45,One year,Fiber optic,Electronic check
1229-RCALF,4,call this month,64,115,One year,Fiber optic,Electronic check
5312-IRCFR,4,call this month,64,92.85,One year,Fiber optic,Electronic check
8659-HDIYE,4,call this month,64,74.65,Month-to-month,DSL,Credit card (automatic)
0744-GKNGE,4,call this month,64,86.8,Month-to-month,Fiber optic,Bank transfer (automatic)
9974-JFBHQ,4,call this month,64,99.15,Month-to-month,Fiber optic,Credit card (automatic)
8348-JLBUG,4,call this month,64,80.3,One year,Fiber optic,Credit card (automatic)
0864-FVJNJ,4,call this month,64,113.35,One year,Fiber optic,Electronic check
5921-NGYRH,4,call this month,64,73.55,Month-to-month,Fiber optic,Mailed check
6211-WHMYA,4,call this month,64,43.85,Month-to-month,DSL,Electronic check
6067-NGCEU,4,call this month,65,111.05,Month-to-month,Fiber optic,Credit card (automatic)
3729-OWRVL,4,call this month,65,110.35,Two year,Fiber optic,Electronic check
2307-FYNNL,4,call this month,65,109.05,Two year,Fiber optic,Electronic check
7188-CBBBA,4,call this month,65,95.5,One year,Fiber optic,Electronic check
4832-VRBMR,4,call this month,65,103.15,One year,Fiber optic,Bank transfer (automatic)
8433-WPJTV,4,call this month,65,103.9,One year,Fiber optic,Bank transfer (automatic)
5397-TUPSH,4,call this month,65,70.95,One year,Fiber optic,Bank transfer (automatic)
6266-QHOJZ,4,call this month,65,89.85,One year,Fiber optic,Electronic check
0623-EJQEG,4,call this month,65,93.55,One year,Fiber optic,Electronic check
7134-MJPDY,4,call this month,66,102.85,One year,Fiber optic,Credit card (automatic)
6797-UCJHZ,4,call this month,66,104.6,One year,Fiber optic,Credit card (automatic)
3224-DFQNQ,4,call this month,66,89,One year,Fiber optic,Electronic check
8548-AWOFC,4,call this month,66,63.85,Month-to-month,DSL,Electronic check
4827-LTQRJ,4,call this month,66,110.6,One year,Fiber optic,Credit card (automatic)
9659-ZTWSM,4,call this month,66,107.35,One year,Fiber optic,Bank transfer (automatic)
9494-BDNNC,4,call this month,66,95.3,One year,Fiber optic,Electronic check
9821-BESNZ,4,call this month,66,104.25,One year,Fiber optic,Electronic check
3086-RUCRN,4,call this month,66,103.1,Month-to-month,Fiber optic,Bank transfer (automatic)
0786-IVLAW,4,call this month,66,108.1,One year,Fiber optic,Bank transfer (automatic)
6723-WSNTY,4,call this month,66,108.1,One year,Fiber optic,Credit card (automatic)
0130-SXOUN,4,call this month,66,89.4,Month-to-month,Fiber optic,Credit card (automatic)
5174-ITUMV,4,call this month,67,105.4,One year,Fiber optic,Electronic check
3199-NPKCN,4,call this month,67,111.25,One year,Fiber optic,Electronic check
9742-XOKTS,4,call this month,67,89.55,One year,Fiber optic,Electronic check
9350-VLHMB,4,call this month,67,89.55,Month-to-month,Fiber optic,Bank transfer (automatic)
1060-ENTOF,4,call this month,67,105.4,One year,Fiber optic,Credit card (automatic)
8849-PRIQJ,4,call this month,67,109.4,One year,Fiber optic,Electronic check
7872-RDDLZ,4,call this month,67,54.9,Month-to-month,DSL,Electronic check
6734-FQAJX,4,call this month,67,105.05,Two year,Fiber optic,Electronic check
5481-NTDOH,4,call this month,67,107.05,One year,Fiber optic,Credit card (automatic)
1297-VQDRP,4,call this month,68,107.15,One year,Fiber optic,Credit card (automatic)
8375-KVTHK,4,call this month,68,100.3,One year,Fiber optic,Electronic check
1170-SASML,4,call this month,69,85.4,Month-to-month,Fiber optic,Bank transfer (automatic)
0136-IFMYD,4,call this month,69,109.95,Two year,Fiber optic,Electronic check
8707-RMEZH,4,call this month,69,87.3,One year,Fiber optic,Credit card (automatic)
4476-OSWTN,4,call this month,69,110.55,One year,Fiber optic,Mailed check
5740-YHGTW,4,call this month,70,97.55,Month-to-month,Fiber optic,Credit card (automatic)
4806-DXQCE,4,call this month,70,113.65,Two year,Fiber optic,Electronic check
0326-VDYXE,4,call this month,70,97.65,One year,Fiber optic,Electronic check
2623-DRYAM,4,call this month,70,101.75,One year,Fiber optic,Electronic check
6050-IJRHS,4,call this month,70,106.5,One year,Fiber optic,Electronic check
9402-CXWPL,4,call this month,70,98.9,One year,Fiber optic,Electronic check
6994-FGRHH,4,call this month,70,106.15,One year,Fiber optic,Electronic check
4323-OHFOW,4,call this month,70,105.55,One year,Fiber optic,Bank transfer (automatic)
7005-CYUIL,4,call this month,71,99.4,Two year,Fiber optic,Electronic check
2277-BKJKN,4,call this month,71,99.2,Two year,Fiber optic,Electronic check
3144-KMTWZ,4,call this month,71,93.25,Month-to-month,Fiber optic,Bank transfer (automatic)
0308-GIQJT,4,call this month,71,105.75,One year,Fiber optic,Bank transfer (automatic)
5945-AZYHT,4,call this month,71,109.6,One year,Fiber optic,Electronic check
8760-ZRHKE,4,call this month,71,69.2,One year,DSL,Electronic check
4119-ZYPZY,4,call this month,71,106.8,Two year,Fiber optic,Electronic check
7472-EQOAV,4,call this month,71,86.7,One year,Fiber optic,Bank transfer (automatic)
8065-QBYTO,4,call this month,71,99.65,One year,Fiber optic,Credit card (automatic)
6728-DKUCO,4,call this month,72,104.15,One year,Fiber optic,Electronic check
5968-XQIVE,4,call this month,72,89.7,One year,Fiber optic,Electronic check
2469-DTSGX,4,call this month,72,111.65,Two year,Fiber optic,Electronic check
4829-ZLJTK,4,call this month,72,112.4,Two year,Fiber optic,Electronic check
1335-HQMKX,4,call this month,72,101.35,One year,Fiber optic,Electronic check
3786-WOVKF,4,call this month,72,106.85,One year,Fiber optic,Bank transfer (automatic)
8999-XXGNS,4,call this month,72,105.75,One year,Fiber optic,Credit card (automatic)
3339-EAQNV,4,call this month,72,97.25,One year,Fiber optic,Credit card (automatic)
5985-BEHZK,4,call this month,72,105,One year,Fiber optic,Credit card (automatic)
7203-OYKCT,4,call this month,72,104.95,One year,Fiber optic,Electronic check
5562-BETPV,3,monitor,1,19.65,One year,No,Mailed check
2967-MXRAV,3,monitor,1,18.8,One year,No,Mailed check
2239-CFOUJ,3,monitor,1,20.4,One year,No,Mailed check
1064-FBXNK,3,monitor,1,19.85,One year,No,Credit card (automatic)
3069-SSVSN,3,monitor,1,25.85,One year,DSL,Mailed check
5173-ZXXXL,3,monitor,2,19.95,One year,No,Mailed check
4697-LUPSU,3,monitor,2,20.2,One year,No,Mailed check
8610-ZIKJJ,3,monitor,2,20.3,One year,No,Mailed check
6870-ECSHE,3,monitor,2,20.45,One year,No,Mailed check
5857-XRECV,3,monitor,2,20.5,One year,No,Bank transfer (automatic)
6837-BJYDQ,3,monitor,3,19.6,One year,No,Mailed check
1179-INLAT,3,monitor,3,19.45,One year,No,Mailed check
4393-OBCRR,3,monitor,3,20.25,One year,No,Mailed check
5808-TOTXO,3,monitor,3,20.55,One year,No,Credit card (automatic)
8909-BOLNL,3,monitor,3,21.2,One year,No,Mailed check
2710-WYVXG,3,monitor,3,71.1,Two year,DSL,Mailed check
8189-DUKMV,3,monitor,4,20.5,One year,No,Bank transfer (automatic)
4116-IQRFR,3,monitor,4,24.1,One year,No,Credit card (automatic)
2495-TTHBQ,3,monitor,4,20.4,One year,No,Mailed check
6260-XLACS,3,monitor,4,19.7,One year,No,Mailed check
5619-XZZKR,3,monitor,4,19.95,One year,No,Mailed check
8752-IMQOS,3,monitor,5,20.1,One year,No,Mailed check
9575-IWCAZ,3,monitor,6,25.1,One year,No,Mailed check
6505-OZNPG,3,monitor,6,63.4,Two year,DSL,Mailed check
0895-LNKRC,3,monitor,6,19.45,One year,No,Mailed check
7762-ONLJY,3,monitor,6,19.7,One year,No,Mailed check
8124-NZVGJ,3,monitor,6,49.25,One year,DSL,Mailed check
9152-AMKAK,3,monitor,6,80.25,Two year,DSL,Mailed check
2862-JVEOY,3,monitor,6,19.15,One year,No,Mailed check
7435-ZNUYY,3,monitor,6,20.6,One year,No,Mailed check
0661-KQHNK,3,monitor,6,19,One year,No,Credit card (automatic)
2351-RRBUE,3,monitor,7,20.65,One year,No,Mailed check
3750-YHRYO,3,monitor,7,20.65,One year,No,Mailed check
2550-QHZGP,3,monitor,7,19.5,One year,No,Mailed check
1015-JPFYW,3,monitor,7,19.45,One year,No,Mailed check
2259-OUUSZ,3,monitor,7,35.5,One year,DSL,Credit card (automatic)
4291-YZODP,3,monitor,7,20.05,One year,No,Mailed check
2673-ZALNP,3,monitor,7,19.9,One year,No,Mailed check
9795-VOWON,3,monitor,7,24.35,One year,DSL,Credit card (automatic)
7353-YOWFP,3,monitor,7,20.25,One year,No,Mailed check
1397-XKKWR,3,monitor,7,35.3,One year,DSL,Mailed check
9498-FIMXL,3,monitor,8,19.2,One year,No,Mailed check
3354-OADJP,3,monitor,8,54.25,One year,DSL,Bank transfer (automatic)
7677-SJJJK,3,monitor,8,19.9,One year,No,Credit card (automatic)
7089-RKVSZ,3,monitor,8,24.4,One year,No,Mailed check
2926-JEJJC,3,monitor,8,20.2,One year,No,Bank transfer (automatic)
2680-XKKNJ,3,monitor,8,58.2,One year,DSL,Bank transfer (automatic)
4544-RXFMG,3,monitor,8,43.45,One year,DSL,Mailed check
4526-RMTLL,3,monitor,8,76.15,Two year,DSL,Credit card (automatic)
8792-AOROI,3,monitor,8,65.5,Two year,DSL,Mailed check
7102-JJVTX,3,monitor,9,48.6,One year,DSL,Mailed check
8314-DPQHL,3,monitor,9,50.8,One year,DSL,Mailed check
8631-XVRZL,3,monitor,9,20.15,One year,No,Mailed check
9483-GCPWE,3,monitor,9,20.1,One year,No,Mailed check
4537-CIBHB,3,monitor,9,20.25,One year,No,Mailed check
0373-AIVNJ,3,monitor,9,39.55,One year,DSL,Mailed check
8865-TNMNX,3,monitor,10,49.55,One year,DSL,Mailed check
7665-VIGUD,3,monitor,10,20.35,One year,No,Mailed check
8076-FEZKJ,3,monitor,10,19.5,One year,No,Mailed check
4318-RAJVY,3,monitor,10,19.8,One year,No,Mailed check
3724-BSCVH,3,monitor,10,20.45,One year,No,Mailed check
1729-VLAZJ,3,monitor,10,40.25,One year,DSL,Mailed check
3146-JTQHR,3,monitor,10,19.6,One year,No,Bank transfer (automatic)
4815-TUMEQ,3,monitor,10,19.3,One year,No,Mailed check
0221-NAUXK,3,monitor,10,19.95,One year,No,Bank transfer (automatic)
1952-DVVSW,3,monitor,10,20.1,One year,No,Mailed check
2907-ILJBN,3,monitor,11,20.6,One year,No,Mailed check
9442-JTWDL,3,monitor,11,20.05,One year,No,Credit card (automatic)
0308-IVGOK,3,monitor,11,40.4,One year,DSL,Credit card (automatic)
7649-PHJVR,3,monitor,11,19.5,One year,No,Mailed check
2450-ZKEED,3,monitor,11,53.8,One year,DSL,Bank transfer (automatic)
8084-OIVBS,3,monitor,11,20,One year,No,Mailed check
6924-TDGMT,3,monitor,11,20.55,One year,No,Mailed check
1877-HKBQX,3,monitor,11,54.6,One year,DSL,Mailed check
0967-BMLBD,3,monitor,11,20,One year,No,Mailed check
0305-SQECB,3,monitor,11,36.05,One year,DSL,Mailed check
1680-VDCWW,3,monitor,12,19.8,One year,No,Bank transfer (automatic)
5961-VUSRV,3,monitor,12,19.35,One year,No,Bank transfer (automatic)
2316-ESMLS,3,monitor,12,33.15,One year,DSL,Credit card (automatic)
5993-BQHEA,3,monitor,12,20.05,One year,No,Credit card (automatic)
4198-VFOEA,3,monitor,12,33.6,One year,DSL,Mailed check
8332-OSJDW,3,monitor,12,26.4,One year,No,Mailed check
1429-UYJSV,3,monitor,12,19.7,One year,No,Mailed check
3823-KYNQY,3,monitor,12,24.95,One year,No,Credit card (automatic)
3239-TPHPZ,3,monitor,12,20.05,Two year,No,Electronic check
4776-XSKYQ,3,monitor,12,30.25,One year,DSL,Credit card (automatic)
5602-BVFMK,3,monitor,12,19.3,One year,No,Mailed check
9763-GRSKD,3,monitor,13,49.95,Month-to-month,DSL,Mailed check
0956-SYCWG,3,monitor,13,19.65,One year,No,Electronic check
6549-NNDYT,3,monitor,13,30.85,Month-to-month,DSL,Bank transfer (automatic)
5639-NTUPK,3,monitor,13,52.1,Month-to-month,DSL,Credit card (automatic)
3638-DIMPH,3,monitor,13,43.8,One year,DSL,Electronic check
9522-ZSINC,3,monitor,13,19.95,One year,No,Electronic check
6112-KTHFQ,3,monitor,13,19.3,Month-to-month,No,Mailed check
5701-ZIKJE,3,monitor,13,50.55,Month-to-month,DSL,Mailed check
8082-GHXOP,3,monitor,13,44,Month-to-month,DSL,Mailed check
0594-UFTUL,3,monitor,13,19.85,Month-to-month,No,Mailed check
6131-JLWZM,3,monitor,13,20.3,Month-to-month,No,Mailed check
3752-CQSJI,3,monitor,13,20.45,Month-to-month,No,Mailed check
4770-QAZXN,3,monitor,13,19.45,Month-to-month,No,Credit card (automatic)
3387-PLKUI,3,monitor,13,18.8,Month-to-month,No,Mailed check
3058-WQDRE,3,monitor,13,25.15,Month-to-month,DSL,Bank transfer (automatic)
0939-EREMR,3,monitor,13,53.45,Month-to-month,DSL,Mailed check
3640-JQGJG,3,monitor,13,44.8,Month-to-month,DSL,Bank transfer (automatic)
9146-JRIOX,3,monitor,14,25.55,Month-to-month,No,Mailed check
3082-WQRVY,3,monitor,14,19.65,One year,No,Mailed check
4881-GQJTW,3,monitor,14,19.6,Month-to-month,No,Credit card (automatic)
8069-YQQAJ,3,monitor,14,31.1,Month-to-month,DSL,Mailed check
8735-IJJEG,3,monitor,14,50.2,Month-to-month,DSL,Credit card (automatic)
3190-FZATL,3,monitor,14,19.95,Month-to-month,No,Mailed check
3061-BCKYI,3,monitor,14,19.9,Month-to-month,No,Mailed check
9481-SFCQY,3,monitor,14,59.8,Month-to-month,DSL,Credit card (automatic)
9097-ZUBYC,3,monitor,14,48.8,Month-to-month,DSL,Bank transfer (automatic)
1629-DQQVB,3,monitor,14,50.1,Month-to-month,DSL,Bank transfer (automatic)
6502-KUGLL,3,monitor,14,59.45,Month-to-month,DSL,Bank transfer (automatic)
3873-NFTGI,3,monitor,14,55.5,Month-to-month,DSL,Credit card (automatic)
2599-CZABP,3,monitor,14,44.6,One year,DSL,Electronic check
8138-EALND,3,monitor,15,19.75,Month-to-month,No,Mailed check
9396-ZSFLL,3,monitor,15,48.85,Month-to-month,DSL,Mailed check
0347-UBKUZ,3,monitor,15,19.9,Month-to-month,No,Mailed check
8944-AILEF,3,monitor,15,19.45,Month-to-month,No,Credit card (automatic)
4957-TIALW,3,monitor,15,65.6,One year,DSL,Credit card (automatic)
5384-ZTTWP,3,monitor,15,19.8,Month-to-month,No,Mailed check
8387-UGUSU,3,monitor,15,20.05,Month-to-month,No,Mailed check
7998-ZLXWN,3,monitor,15,20.45,Month-to-month,No,Credit card (automatic)
2533-TIBIX,3,monitor,15,30.2,Month-to-month,DSL,Bank transfer (automatic)
6040-CGACY,3,monitor,15,19.6,Month-to-month,No,Mailed check
7105-BENQF,3,monitor,15,64.85,One year,DSL,Mailed check
7876-BEUTG,3,monitor,15,48.8,Month-to-month,DSL,Mailed check
6537-OTKMY,3,monitor,15,50.75,One year,DSL,Electronic check
1794-SWWKL,3,monitor,15,59.65,Month-to-month,DSL,Bank transfer (automatic)
9364-YKUVW,3,monitor,15,19.8,Month-to-month,No,Mailed check
3845-JHAMY,3,monitor,16,35.5,Month-to-month,DSL,Credit card (automatic)
3890-RTCMS,3,monitor,16,49.45,Month-to-month,DSL,Mailed check
6036-TTFYU,3,monitor,16,19.6,Month-to-month,No,Mailed check
0787-LHDYT,3,monitor,16,20.6,Month-to-month,No,Credit card (automatic)
4079-ULGFR,3,monitor,16,20,Month-to-month,No,Mailed check
8573-CGOCC,3,monitor,16,19.75,Month-to-month,No,Credit card (automatic)
2096-XOTMO,3,monitor,16,19.35,Month-to-month,No,Mailed check
4933-IKULF,3,monitor,17,20.65,One year,No,Mailed check
1140-UKVZG,3,monitor,17,24.8,Month-to-month,No,Mailed check
3137-NYQQI,3,monitor,17,64.8,One year,DSL,Mailed check
8246-SHFGA,3,monitor,17,21.1,Month-to-month,No,Credit card (automatic)
3307-TLCUD,3,monitor,17,34.4,Month-to-month,DSL,Mailed check
9798-DRYDS,3,monitor,17,61.95,One year,DSL,Mailed check
1049-FYSYG,3,monitor,17,35.65,Month-to-month,DSL,Credit card (automatic)
4644-PIZRT,3,monitor,17,70.35,One year,DSL,Bank transfer (automatic)
6029-CSMJE,3,monitor,17,25.65,Month-to-month,DSL,Mailed check
1536-YHDOE,3,monitor,17,62.1,One year,DSL,Mailed check
5206-HPJKM,3,monitor,17,55.5,Month-to-month,DSL,Credit card (automatic)
3824-RHKVR,3,monitor,17,19.7,Month-to-month,No,Credit card (automatic)
1100-DDVRV,3,monitor,17,49.8,Month-to-month,DSL,Mailed check
4987-GQWPO,3,monitor,17,25.1,Month-to-month,DSL,Credit card (automatic)
4316-XCSLJ,3,monitor,17,50.3,Month-to-month,DSL,Mailed check
7049-GKVZY,3,monitor,17,79.85,One year,DSL,Credit card (automatic)
5084-OOVCJ,3,monitor,17,55.35,Month-to-month,DSL,Credit card (automatic)
6576-FBXOJ,3,monitor,17,54.6,One year,DSL,Electronic check
7382-DFJTU,3,monitor,18,55.2,Month-to-month,DSL,Credit card (automatic)
2446-ZKVAF,3,monitor,18,56.8,Month-to-month,DSL,Credit card (automatic)
6791-YBNAK,3,monitor,18,25.55,Month-to-month,DSL,Credit card (automatic)
1057-FOGLZ,3,monitor,18,19.65,Month-to-month,No,Mailed check
5843-TTHGI,3,monitor,18,50,Month-to-month,DSL,Mailed check
1402-PTHGN,3,monitor,18,61.5,One year,DSL,Mailed check
5366-OBVMR,3,monitor,18,50.3,Month-to-month,DSL,Mailed check
7010-ZMVBF,3,monitor,18,20.45,Month-to-month,No,Mailed check
4495-LHSSK,3,monitor,18,57.65,Month-to-month,DSL,Mailed check
4054-CUMIA,3,monitor,18,20.25,Month-to-month,No,Mailed check
4929-ROART,3,monitor,18,56.25,Month-to-month,DSL,Mailed check
6954-OOYZZ,3,monitor,18,44.35,Month-to-month,DSL,Bank transfer (automatic)
1237-WIYYZ,3,monitor,18,19.55,Month-to-month,No,Mailed check
3255-GRXMG,3,monitor,18,45.65,Month-to-month,DSL,Credit card (automatic)
6082-GLJIX,3,monitor,18,19.25,Month-to-month,No,Mailed check
4712-AUQZO,3,monitor,18,33.6,Month-to-month,DSL,Mailed check
4819-HJPIW,3,monitor,18,25.15,Month-to-month,DSL,Mailed check
7542-CYDDM,3,monitor,18,20.05,Month-to-month,No,Mailed check
1763-KUAAW,3,monitor,18,20.35,One year,No,Bank transfer (automatic)
8930-XOTDP,3,monitor,18,55.95,Month-to-month,DSL,Mailed check
9967-ATRFS,3,monitor,19,19.9,Month-to-month,No,Mailed check
0297-RBCSG,3,monitor,19,65.35,One year,DSL,Bank transfer (automatic)
6131-IUNXN,3,monitor,19,20.2,Month-to-month,No,Mailed check
6296-DDOOR,3,monitor,19,58.2,One year,DSL,Electronic check
7883-ROJOC,3,monitor,19,44.9,Month-to-month,DSL,Mailed check
7909-FIOIY,3,monitor,19,24.85,Month-to-month,DSL,Mailed check
4830-FAXFM,3,monitor,19,24.1,Month-to-month,No,Credit card (automatic)
1038-RQOST,3,monitor,19,20.6,Month-to-month,No,Mailed check
2828-SLQPF,3,monitor,19,45,Month-to-month,DSL,Bank transfer (automatic)
9862-KJTYK,3,monitor,19,25.35,Month-to-month,DSL,Credit card (automatic)
1559-DTODC,3,monitor,19,25.15,Month-to-month,DSL,Bank transfer (automatic)
5939-XAIXZ,3,monitor,19,56.1,Month-to-month,DSL,Mailed check
3097-IDVPU,3,monitor,19,50.1,Month-to-month,DSL,Credit card (automatic)
3472-OAOOR,3,monitor,19,34.95,Month-to-month,DSL,Mailed check
0997-YTLNY,3,monitor,19,48.8,Month-to-month,DSL,Mailed check
4456-RHSNB,3,monitor,19,49.6,Month-to-month,DSL,Bank transfer (automatic)
5438-QMDDL,3,monitor,19,59.8,Month-to-month,DSL,Mailed check
9546-KDTRB,3,monitor,19,24.7,Month-to-month,No,Bank transfer (automatic)
4827-USJHP,3,monitor,20,51.8,Month-to-month,DSL,Mailed check
6286-ZHAOK,3,monitor,20,25.55,Month-to-month,No,Bank transfer (automatic)
3318-ISQFQ,3,monitor,20,19.5,Month-to-month,No,Bank transfer (automatic)
8883-GRDWQ,3,monitor,20,54,One year,DSL,Mailed check
9504-DSHWM,3,monitor,20,59.2,Month-to-month,DSL,Bank transfer (automatic)
2243-FNMMI,3,monitor,20,19.4,Month-to-month,No,Mailed check
0519-DRGTI,3,monitor,20,20.35,Month-to-month,No,Mailed check
5815-HGGHV,3,monitor,20,64.15,One year,DSL,Mailed check
5537-UXXVS,3,monitor,20,19.25,Month-to-month,No,Bank transfer (automatic)
6344-SFJVH,3,monitor,20,24.9,Month-to-month,DSL,Credit card (automatic)
6705-LNMDD,3,monitor,20,50,Month-to-month,DSL,Mailed check
8457-XIGKN,3,monitor,20,19.6,Month-to-month,No,Credit card (automatic)
7395-XWZOY,3,monitor,20,55,Month-to-month,DSL,Credit card (automatic)
5025-GOOKI,3,monitor,20,18.9,Month-to-month,No,Credit card (automatic)
2164-SOQXL,3,monitor,20,20.05,Month-to-month,No,Mailed check
1389-WNUIB,3,monitor,20,76,One year,DSL,Bank transfer (automatic)
7047-YXDMZ,3,monitor,21,20,Month-to-month,No,Mailed check
2782-JEEBU,3,monitor,21,36,Month-to-month,DSL,Mailed check
3486-KHMLI,3,monitor,21,24.7,Month-to-month,No,Mailed check
4223-BKEOR,3,monitor,21,64.85,One year,DSL,Mailed check
1866-ZSLJM,3,monitor,21,20.5,Month-to-month,No,Credit card (automatic)
3623-FQBOX,3,monitor,21,19.95,Month-to-month,No,Mailed check
3470-BTGQO,3,monitor,21,45.65,Month-to-month,DSL,Mailed check
8706-HRADD,3,monitor,21,43.55,Month-to-month,DSL,Mailed check
8200-KLNYW,3,monitor,21,80.9,One year,DSL,Mailed check
5372-FBKBN,3,monitor,21,20.75,Month-to-month,No,Mailed check
4338-EYCER,3,monitor,21,54.6,Month-to-month,DSL,Bank transfer (automatic)
8746-BFOAJ,3,monitor,21,20.5,One year,No,Bank transfer (automatic)
4700-UBQMV,3,monitor,21,75.9,One year,DSL,Bank transfer (automatic)
9092-GDZKO,3,monitor,22,24.85,Month-to-month,No,Credit card (automatic)
2682-KEVRP,3,monitor,22,20.05,One year,No,Mailed check
8467-WYNSR,3,monitor,22,55.1,Month-to-month,DSL,Mailed check
4623-ZKHLY,3,monitor,22,20.45,Month-to-month,No,Bank transfer (automatic)
7184-LRUUR,3,monitor,22,65.25,One year,DSL,Bank transfer (automatic)
0377-JBKKT,3,monitor,22,57.95,Month-to-month,DSL,Mailed check
3530-VWVGU,3,monitor,22,19.9,Month-to-month,No,Mailed check
4018-KJYUY,3,monitor,22,20.15,Month-to-month,No,Credit card (automatic)
8595-SIZNC,3,monitor,22,25.6,One year,No,Bank transfer (automatic)
2087-QAREY,3,monitor,22,54.7,Month-to-month,DSL,Mailed check
1431-CYWMH,3,monitor,22,19.05,Month-to-month,No,Bank transfer (automatic)
9867-NNXLC,3,monitor,22,20.05,Month-to-month,No,Mailed check
7163-OCEQI,3,monitor,22,78.65,One year,DSL,Mailed check
2978-XXSOG,3,monitor,22,59.05,Month-to-month,DSL,Mailed check
0895-LMRSF,3,monitor,23,64.9,One year,DSL,Bank transfer (automatic)
9069-LGEUL,3,monitor,23,59.95,Month-to-month,DSL,Bank transfer (automatic)
9391-TTOYH,3,monitor,23,19.5,Month-to-month,No,Mailed check
9330-DHBFL,3,monitor,23,66.25,One year,DSL,Mailed check
8970-ANWXO,3,monitor,23,73.75,One year,DSL,Mailed check
5829-NVSQN,3,monitor,23,68.75,One year,DSL,Bank transfer (automatic)
0396-UKGAI,3,monitor,23,55.3,Month-to-month,DSL,Bank transfer (automatic)
7811-JIVPF,3,monitor,23,49.7,Month-to-month,DSL,Credit card (automatic)
8204-TIFGJ,3,monitor,23,20.3,Month-to-month,No,Bank transfer (automatic)
1183-CANVH,3,monitor,23,60,One year,DSL,Bank transfer (automatic)
1360-RCYRT,3,monitor,23,30.35,Month-to-month,DSL,Bank transfer (automatic)
0489-WMEMG,3,monitor,23,49.45,One year,DSL,Electronic check
4104-PVRPS,3,monitor,24,53.6,Month-to-month,DSL,Mailed check
5989-OMNJE,3,monitor,24,57.6,One year,DSL,Electronic check
3221-CJMSG,3,monitor,24,51.1,Month-to-month,DSL,Credit card (automatic)
9357-UJRUN,3,monitor,24,58.35,One year,DSL,Electronic check
0496-AHOOK,3,monitor,24,74.4,One year,DSL,Bank transfer (automatic)
6778-EICRF,3,monitor,24,74.8,One year,DSL,Mailed check
2229-VWQJH,3,monitor,24,49.3,Month-to-month,DSL,Credit card (automatic)
5789-LDFXO,3,monitor,24,24.6,One year,No,Electronic check
3521-MNKLV,3,monitor,24,49.7,Month-to-month,DSL,Mailed check
5092-STPKP,3,monitor,24,56.35,Month-to-month,DSL,Credit card (automatic)
1904-WAJAA,3,monitor,24,64.35,Two year,DSL,Electronic check
2843-CQMEG,3,monitor,24,49.7,Month-to-month,DSL,Mailed check
6840-RESVB,3,monitor,24,84.8,One year,DSL,Mailed check
4002-BQWPQ,3,monitor,25,81.75,Month-to-month,DSL,Bank transfer (automatic)
7175-NTIXE,3,monitor,25,76.15,Month-to-month,DSL,Credit card (automatic)
6402-SSEJG,3,monitor,25,61.05,One year,DSL,Electronic check
4016-BJKTZ,3,monitor,25,108.9,Two year,Fiber optic,Electronic check
8851-RAGOV,3,monitor,25,71.05,Month-to-month,DSL,Mailed check
0584-BJQGZ,3,monitor,25,78.35,Month-to-month,DSL,Bank transfer (automatic)
3099-OONVS,3,monitor,25,54.3,Month-to-month,DSL,Electronic check
9881-VCZEP,3,monitor,25,54.1,Month-to-month,DSL,Electronic check
4923-ADWXJ,3,monitor,25,65.8,Month-to-month,DSL,Bank transfer (automatic)
4747-LCAQL,3,monitor,25,79,Month-to-month,DSL,Mailed check
7895-VONWT,3,monitor,25,48.25,Month-to-month,DSL,Electronic check
7105-MXJLL,3,monitor,26,60.7,One year,DSL,Mailed check
0142-GVYSN,3,monitor,26,20.3,Month-to-month,No,Electronic check
9909-DFRJA,3,monitor,26,95.85,One year,Fiber optic,Bank transfer (automatic)
9052-DHNKM,3,monitor,26,61.55,One year,DSL,Electronic check
8663-UPDGF,3,monitor,26,69.5,Month-to-month,DSL,Bank transfer (automatic)
9040-KZVWO,3,monitor,26,75.5,One year,Fiber optic,Bank transfer (automatic)
0479-HMSWA,3,monitor,26,105.45,Two year,Fiber optic,Electronic check
9138-EFSMO,3,monitor,26,78.95,One year,Fiber optic,Bank transfer (automatic)
8731-WBBMB,3,monitor,26,81.9,Month-to-month,DSL,Bank transfer (automatic)
7109-MFBYV,3,monitor,26,45.45,Month-to-month,DSL,Electronic check
6156-UZDLF,3,monitor,26,87.15,One year,Fiber optic,Credit card (automatic)
4501-VCPFK,3,monitor,26,35.75,Month-to-month,DSL,Electronic check
9323-HGFWY,3,monitor,27,101.9,One year,Fiber optic,Credit card (automatic)
1352-VHKAJ,3,monitor,27,71.6,Month-to-month,DSL,Bank transfer (automatic)
0098-BOWSO,3,monitor,27,19.4,Month-to-month,No,Electronic check
4939-KYYPY,3,monitor,27,59.45,Month-to-month,DSL,Electronic check
8982-NHAVY,3,monitor,27,100.5,One year,Fiber optic,Bank transfer (automatic)
1134-YWTYF,3,monitor,27,53.8,Month-to-month,DSL,Electronic check
9513-DXHDA,3,monitor,27,81.7,One year,DSL,Electronic check
5566-SOEZD,3,monitor,27,80.65,One year,Fiber optic,Credit card (automatic)
5149-CUZUJ,3,monitor,28,92.9,One year,Fiber optic,Bank transfer (automatic)
4134-BSXLX,3,monitor,28,60.9,Month-to-month,DSL,Mailed check
5315-CKEQK,3,monitor,28,51,One year,DSL,Electronic check
5353-WILCI,3,monitor,28,56.05,Month-to-month,DSL,Electronic check
0369-ZGOVK,3,monitor,28,70.4,One year,Fiber optic,Bank transfer (automatic)
8417-GSODA,3,monitor,28,92.2,One year,Fiber optic,Bank transfer (automatic)
6421-SZVEM,3,monitor,28,82.85,One year,Fiber optic,Bank transfer (automatic)
4291-HYEBC,3,monitor,28,39.1,One year,DSL,Electronic check
5539-HIVAK,3,monitor,28,25.7,Month-to-month,No,Mailed check
3736-BLEPA,3,monitor,28,91.25,One year,Fiber optic,Bank transfer (automatic)
0516-OOHAR,3,monitor,28,100.35,One year,Fiber optic,Bank transfer (automatic)
1984-GPTEH,3,monitor,29,25.15,Month-to-month,No,Electronic check
7663-ZTEGJ,3,monitor,29,100.55,One year,Fiber optic,Credit card (automatic)
3347-YJZZE,3,monitor,29,80.1,Month-to-month,DSL,Credit card (automatic)
5832-EXGTT,3,monitor,29,60.2,Month-to-month,DSL,Mailed check
3689-MOZGR,3,monitor,29,31.2,Month-to-month,DSL,Electronic check
6773-LQTVT,3,monitor,29,35.65,Month-to-month,DSL,Mailed check
6704-UTUKK,3,monitor,29,45.9,Month-to-month,DSL,Electronic check
2186-QZEYA,3,monitor,29,58.55,Month-to-month,DSL,Bank transfer (automatic)
6907-CQGPN,3,monitor,29,34.3,Month-to-month,DSL,Electronic check
2038-YSEZE,3,monitor,29,67.45,Month-to-month,DSL,Mailed check
6647-ZEDXT,3,monitor,30,110.45,One year,Fiber optic,Credit card (automatic)
8496-DMZUK,3,monitor,30,90.4,One year,Fiber optic,Bank transfer (automatic)
0096-FCPUF,3,monitor,30,64.5,Month-to-month,DSL,Mailed check
1958-RNRKS,3,monitor,30,49.9,Month-to-month,DSL,Electronic check
4079-VTGLK,3,monitor,30,74.85,Two year,DSL,Electronic check
2364-UFROM,3,monitor,30,70.4,One year,DSL,Electronic check
6874-SGLHU,3,monitor,30,97,One year,Fiber optic,Bank transfer (automatic)
5018-LXQQG,3,monitor,30,66.3,Month-to-month,DSL,Bank transfer (automatic)
8294-UIMBA,3,monitor,30,94.4,One year,Fiber optic,Bank transfer (automatic)
8845-LWKGE,3,monitor,30,64.5,One year,DSL,Electronic check
4459-BBGHE,3,monitor,30,44.5,Month-to-month,DSL,Electronic check
5150-LJNSR,3,monitor,31,98.05,One year,Fiber optic,Bank transfer (automatic)
2040-OBMLJ,3,monitor,31,81.7,One year,Fiber optic,Credit card (automatic)
4003-OCTMP,3,monitor,31,64,One year,DSL,Electronic check
7036-ZZKBD,3,monitor,31,66.4,Month-to-month,DSL,Credit card (automatic)
9518-IMLHK,3,monitor,31,72.45,Month-to-month,DSL,Bank transfer (automatic)
1488-SYSFC,3,monitor,31,20.65,Month-to-month,No,Electronic check
6035-BXTTY,3,monitor,32,54.65,Month-to-month,DSL,Bank transfer (automatic)
2731-GJRDG,3,monitor,32,109.55,One year,Fiber optic,Bank transfer (automatic)
5393-HJZSM,3,monitor,32,76.3,Month-to-month,DSL,Bank transfer (automatic)
8947-YRTDV,3,monitor,32,94.8,One year,Fiber optic,Mailed check
5423-BHIXO,3,monitor,32,54.2,Month-to-month,DSL,Electronic check
0257-KXZGU,3,monitor,32,62.45,Month-to-month,DSL,Bank transfer (automatic)
5061-PBXFW,3,monitor,32,61.4,Month-to-month,DSL,Bank transfer (automatic)
2325-WINES,3,monitor,32,104.05,One year,Fiber optic,Credit card (automatic)
7078-NVFAM,3,monitor,32,35.15,Month-to-month,DSL,Electronic check
4622-YNKIJ,3,monitor,33,88.95,Two year,Fiber optic,Electronic check
7674-YTAFD,3,monitor,33,79.95,One year,Fiber optic,Bank transfer (automatic)
5478-JJVZK,3,monitor,33,60.9,Month-to-month,DSL,Mailed check
2616-UUTFK,3,monitor,33,72.75,Month-to-month,DSL,Bank transfer (automatic)
2045-BMBTJ,3,monitor,33,59.45,Month-to-month,DSL,Bank transfer (automatic)
5951-AOFIH,3,monitor,33,66.4,Month-to-month,DSL,Credit card (automatic)
6574-MCOEH,3,monitor,33,79.15,One year,DSL,Electronic check
2242-MFOTG,3,monitor,33,80.1,One year,Fiber optic,Bank transfer (automatic)
1744-JHKYS,3,monitor,34,24.7,Month-to-month,No,Electronic check
4374-YMUSQ,3,monitor,34,116.25,One year,Fiber optic,Credit card (automatic)
7129-AZJDE,3,monitor,34,78.95,One year,Fiber optic,Bank transfer (automatic)
2202-OUTMO,3,monitor,34,60.85,Month-to-month,DSL,Bank transfer (automatic)
5337-IIWKZ,3,monitor,34,44.85,Month-to-month,DSL,Electronic check
8148-BPLZQ,3,monitor,34,49.8,Month-to-month,DSL,Electronic check
0708-SJDIS,3,monitor,34,65,Month-to-month,DSL,Mailed check
2522-WLNSF,3,monitor,34,64.2,One year,DSL,Bank transfer (automatic)
5203-XEHAX,3,monitor,34,64.35,One year,DSL,Electronic check
7107-UBYKY,3,monitor,35,25.75,Month-to-month,No,Electronic check
4163-KIUHY,3,monitor,35,25.6,Month-to-month,No,Electronic check
6131-FOYAS,3,monitor,35,59.6,Month-to-month,DSL,Electronic check
2346-DJQTB,3,monitor,35,24.15,Month-to-month,DSL,Electronic check
4950-BDEUX,3,monitor,35,49.2,Month-to-month,DSL,Electronic check
6733-LRIZX,3,monitor,35,108.95,Two year,Fiber optic,Electronic check
9853-JFZDU,3,monitor,35,56.85,Month-to-month,DSL,Electronic check
8221-EQDGL,3,monitor,35,61,Month-to-month,DSL,Mailed check
9609-BENEA,3,monitor,35,69,One year,DSL,Electronic check
6092-QZVPP,3,monitor,36,79.2,Month-to-month,DSL,Credit card (automatic)
4480-MBMLB,3,monitor,36,104.8,One year,Fiber optic,Bank transfer (automatic)
0048-LUMLS,3,monitor,37,91.2,One year,Fiber optic,Credit card (automatic)
5370-IIVVL,3,monitor,37,104.5,One year,Fiber optic,Credit card (automatic)
9207-ZPANB,3,monitor,37,67.45,One year,DSL,Electronic check
3714-XPXBW,3,monitor,37,78.9,Month-to-month,DSL,Credit card (automatic)
5917-HBSDW,3,monitor,37,19.35,Month-to-month,No,Electronic check
7123-WQUHX,3,monitor,38,95,One year,Fiber optic,Bank transfer (automatic)
3038-PQIUY,3,monitor,38,66.15,Month-to-month,DSL,Bank transfer (automatic)
9313-CDOGY,3,monitor,38,19.6,Month-to-month,No,Electronic check
6368-NWMCE,3,monitor,38,68.15,Month-to-month,DSL,Credit card (automatic)
9555-SAHUZ,3,monitor,38,54.5,Month-to-month,DSL,Electronic check
8608-OZTLB,3,monitor,38,74.05,One year,DSL,Electronic check
1024-KPRBB,3,monitor,38,89.1,One year,Fiber optic,Mailed check
9762-YAQAA,3,monitor,39,81.4,One year,Fiber optic,Credit card (automatic)
7074-STDCN,3,monitor,39,40.6,Month-to-month,DSL,Electronic check
1116-DXXDF,3,monitor,39,100.45,Two year,Fiber optic,Electronic check
7707-PYBBH,3,monitor,40,61.9,Month-to-month,DSL,Mailed check
8564-LDKFL,3,monitor,40,106,One year,Fiber optic,Bank transfer (automatic)
4795-WRNVT,3,monitor,40,65.1,Month-to-month,DSL,Mailed check
2129-ALKBS,3,monitor,40,26.2,Month-to-month,No,Electronic check
9362-MWODR,3,monitor,40,64.1,Month-to-month,DSL,Credit card (automatic)
7136-IHZJA,3,monitor,40,71.35,Month-to-month,DSL,Mailed check
3858-XHYJO,3,monitor,40,105.75,One year,Fiber optic,Bank transfer (automatic)
9115-YQHGA,3,monitor,40,51.1,Month-to-month,DSL,Electronic check
1371-WEPDS,3,monitor,40,55.8,One year,DSL,Electronic check
0980-PVMRC,3,monitor,40,50.85,Month-to-month,DSL,Electronic check
0691-NIKRI,3,monitor,40,105.95,One year,Fiber optic,Credit card (automatic)
6906-MPARY,3,monitor,40,89.6,One year,Fiber optic,Credit card (automatic)
5651-CRHKQ,3,monitor,41,86.2,One year,Fiber optic,Bank transfer (automatic)
8807-ARQET,3,monitor,41,40.35,Month-to-month,DSL,Electronic check
5514-YQENT,3,monitor,41,111.15,Two year,Fiber optic,Electronic check
1921-KYSAY,3,monitor,41,68.6,One year,DSL,Electronic check
8952-WCVCD,3,monitor,41,104.45,One year,Fiber optic,Bank transfer (automatic)
1163-ONYEY,3,monitor,41,74.55,Month-to-month,DSL,Credit card (automatic)
4567-AKPIA,3,monitor,41,109.1,One year,Fiber optic,Bank transfer (automatic)
0580-PIQHM,3,monitor,41,101.6,One year,Fiber optic,Bank transfer (automatic)
5546-BYZSM,3,monitor,41,20.45,Month-to-month,No,Electronic check
0440-MOGPM,3,monitor,41,80.55,One year,DSL,Electronic check
8591-NXRCV,3,monitor,41,74.65,Month-to-month,DSL,Bank transfer (automatic)
8401-EMUWF,3,monitor,42,69.4,Month-to-month,DSL,Bank transfer (automatic)
5197-PYEPU,3,monitor,42,94.45,One year,Fiber optic,Credit card (automatic)
8216-AZUUZ,3,monitor,42,100.4,Two year,Fiber optic,Electronic check
5269-NRGDP,3,monitor,42,73.15,One year,DSL,Electronic check
9351-LZYGF,3,monitor,42,66.4,Month-to-month,DSL,Credit card (automatic)
3570-YUEKJ,3,monitor,42,49.55,Month-to-month,DSL,Electronic check
8597-CWYHH,3,monitor,43,94.35,One year,Fiber optic,Mailed check
7654-YWJUF,3,monitor,43,84.25,One year,Fiber optic,Bank transfer (automatic)
9154-QDGTH,3,monitor,43,104.3,One year,Fiber optic,Credit card (automatic)
5056-FIMPT,3,monitor,43,106,One year,Fiber optic,Credit card (automatic)
7868-BGSZA,3,monitor,43,80.2,One year,DSL,Electronic check
5730-RIITO,3,monitor,43,33.45,Month-to-month,DSL,Credit card (automatic)
9839-ETQOE,3,monitor,43,40.45,Month-to-month,DSL,Electronic check
6171-ZTVYB,3,monitor,43,66.25,Month-to-month,DSL,Bank transfer (automatic)
9386-LDCZR,3,monitor,43,90.65,One year,Fiber optic,Credit card (automatic)
5681-LLOEI,3,monitor,43,91.25,One year,Fiber optic,Credit card (automatic)
0134-XWXCE,3,monitor,44,74.85,One year,DSL,Bank transfer (automatic)
4682-BLBUC,3,monitor,44,70.95,One year,DSL,Electronic check
9209-NWPGU,3,monitor,44,65.4,One year,DSL,Electronic check
8679-LZBMD,3,monitor,44,90.65,One year,Fiber optic,Bank transfer (automatic)
2408-PSJVE,3,monitor,44,61.9,Month-to-month,DSL,Mailed check
1950-KSVVJ,3,monitor,45,113.3,One year,Fiber optic,Mailed check
0723-VSOBE,3,monitor,45,34.2,One year,DSL,Electronic check
7607-QKKTJ,3,monitor,45,95,One year,Fiber optic,Credit card (automatic)
7925-PNRGI,3,monitor,45,81.3,Month-to-month,DSL,Mailed check
6480-YAGIY,3,monitor,45,112.2,One year,Fiber optic,Credit card (automatic)
0824-VWDPO,3,monitor,45,96.75,One year,Fiber optic,Bank transfer (automatic)
2379-GYFLQ,3,monitor,46,94.9,One year,Fiber optic,Credit card (automatic)
2001-MCUUW,3,monitor,46,108.65,Two year,Fiber optic,Electronic check
9281-PKKZE,3,monitor,46,43.95,Month-to-month,DSL,Electronic check
5619-PTMIK,3,monitor,46,53.1,Month-to-month,DSL,Electronic check
5468-BPMMO,3,monitor,46,19.6,Month-to-month,No,Electronic check
8671-KKKOS,3,monitor,46,45.55,Month-to-month,DSL,Electronic check
4501-UYKBC,3,monitor,46,69.1,One year,DSL,Credit card (automatic)
8910-ICHIU,3,monitor,46,95.65,One year,Fiber optic,Credit card (automatic)
7432-FFVAR,3,monitor,46,90.95,One year,Fiber optic,Bank transfer (automatic)
7502-BNYGS,3,monitor,46,69.1,Month-to-month,DSL,Credit card (automatic)
6732-FZUGP,3,monitor,47,94.9,One year,Fiber optic,Credit card (automatic)
1171-TYKUR,3,monitor,47,25.4,Month-to-month,No,Electronic check
3946-JEWRQ,3,monitor,47,95.2,One year,Fiber optic,Credit card (automatic)
9308-ANMVE,3,monitor,47,55.3,Month-to-month,DSL,Electronic check
2558-BUOZZ,3,monitor,47,94.8,One year,Fiber optic,Bank transfer (automatic)
3209-ZPKFI,3,monitor,47,54.25,Month-to-month,DSL,Electronic check
9746-MDMBK,3,monitor,47,113.45,One year,Fiber optic,Bank transfer (automatic)
9114-AAFQH,3,monitor,48,65.65,One year,DSL,Electronic check
6137-MFAJN,3,monitor,48,44.8,Month-to-month,DSL,Electronic check
1545-ACTAS,3,monitor,48,99.7,One year,Fiber optic,Bank transfer (automatic)
7989-AWGEH,3,monitor,49,39.2,Month-to-month,DSL,Electronic check
1169-SAOCL,3,monitor,49,106.65,One year,Fiber optic,Bank transfer (automatic)
6322-PJJDJ,3,monitor,49,94.8,Two year,Fiber optic,Electronic check
1125-SNVCK,3,monitor,49,43.8,Month-to-month,DSL,Mailed check
0961-ZWLVI,3,monitor,49,109.2,One year,Fiber optic,Credit card (automatic)
2284-VFLKH,3,monitor,49,99.25,One year,Fiber optic,Credit card (automatic)
5915-DGNVC,3,monitor,49,71.8,One year,DSL,Electronic check
9782-LGXMC,3,monitor,49,61.75,Month-to-month,DSL,Bank transfer (automatic)
6655-LHBYW,3,monitor,50,114.35,One year,Fiber optic,Credit card (automatic)
2391-IPLOP,3,monitor,50,69.65,One year,DSL,Electronic check
5802-ADBRC,3,monitor,50,104.4,One year,Fiber optic,Mailed check
0023-UYUPN,3,monitor,50,25.2,One year,No,Electronic check
7516-GMHUV,3,monitor,50,105.05,Two year,Fiber optic,Credit card (automatic)
0679-TDGAK,3,monitor,50,75.5,One year,DSL,Electronic check
2931-XIQBR,3,monitor,50,103.05,One year,Fiber optic,Mailed check
6893-ODYYE,3,monitor,50,90.1,One year,Fiber optic,Credit card (automatic)
4816-OKWNX,3,monitor,50,103.4,One year,Fiber optic,Bank transfer (automatic)
5027-YOCXN,3,monitor,51,110.05,One year,Fiber optic,Credit card (automatic)
1710-RCXUS,3,monitor,51,90.35,One year,Fiber optic,Credit card (automatic)
9036-CSKBW,3,monitor,51,107.45,One year,Fiber optic,Bank transfer (automatic)
2625-TRCZQ,3,monitor,51,49.65,Month-to-month,DSL,Electronic check
1784-EZDKJ,3,monitor,51,106.8,One year,Fiber optic,Bank transfer (automatic)
4531-AUZNK,3,monitor,51,95.15,One year,Fiber optic,Mailed check
1810-BOHSY,3,monitor,51,96.4,One year,Fiber optic,Credit card (automatic)
1142-IHLOO,3,monitor,51,87.55,One year,Fiber optic,Credit card (automatic)
9134-WYRVP,3,monitor,51,86.35,One year,Fiber optic,Mailed check
2330-PQGDQ,3,monitor,51,84.2,One year,Fiber optic,Bank transfer (automatic)
3256-EZDBI,3,monitor,51,29.45,Month-to-month,DSL,Credit card (automatic)
0222-CNVPT,3,monitor,52,48.8,Month-to-month,DSL,Credit card (automatic)
1702-CCFNJ,3,monitor,52,61.35,Month-to-month,DSL,Bank transfer (automatic)
4578-PHJYZ,3,monitor,52,68.75,One year,DSL,Electronic check
5473-KHBPS,3,monitor,52,95.7,One year,Fiber optic,Credit card (automatic)
5811-IWXYM,3,monitor,52,101.25,One year,Fiber optic,Bank transfer (automatic)
8878-RYUKI,3,monitor,52,59.45,Month-to-month,DSL,Electronic check
3374-TTZTK,3,monitor,52,106.3,Two year,Fiber optic,Electronic check
5343-SGUBI,3,monitor,52,80.2,One year,Fiber optic,Mailed check
4132-POCZS,3,monitor,52,39.9,Month-to-month,DSL,Electronic check
1428-IEDPR,3,monitor,52,109.3,Two year,Fiber optic,Electronic check
0678-RLHVP,3,monitor,53,105.55,Two year,Fiber optic,Electronic check
7409-JURKQ,3,monitor,53,111.8,One year,Fiber optic,Bank transfer (automatic)
5447-WZAFP,3,monitor,53,100.3,One year,Fiber optic,Mailed check
5294-IMHHT,3,monitor,53,97.75,One year,Fiber optic,Bank transfer (automatic)
9677-AVKED,3,monitor,53,84.6,One year,DSL,Electronic check
7691-KGKGP,3,monitor,53,65,Month-to-month,DSL,Credit card (automatic)
0440-UEDAI,3,monitor,53,94.45,One year,Fiber optic,Credit card (automatic)
4350-ZTLPI,3,monitor,53,108.95,One year,Fiber optic,Bank transfer (automatic)
9770-KXGQU,3,monitor,53,98.6,One year,Fiber optic,Mailed check
7470-DYNOE,3,monitor,53,61.1,One year,DSL,Electronic check
0206-TBWLC,3,monitor,54,114.65,One year,Fiber optic,Mailed check
4906-ZHGPK,3,monitor,54,70.7,One year,DSL,Electronic check
2586-CWXVV,3,monitor,54,30.4,Month-to-month,DSL,Electronic check
8097-VBQTZ,3,monitor,54,69.9,Month-to-month,DSL,Mailed check
1732-FEKLD,3,monitor,54,94.75,One year,Fiber optic,Bank transfer (automatic)
6008-NAIXK,3,monitor,54,55.45,One year,DSL,Electronic check
0931-MHTEM,3,monitor,54,100.05,One year,Fiber optic,Credit card (automatic)
0956-ACVZC,3,monitor,54,94.1,One year,Fiber optic,Credit card (automatic)
4636-OLWOE,3,monitor,54,61,One year,DSL,Electronic check
8904-OPDCK,3,monitor,54,24.95,Month-to-month,DSL,Bank transfer (automatic)
7994-XIRTR,3,monitor,54,65.25,One year,DSL,Bank transfer (automatic)
2453-SAFNS,3,monitor,54,72.1,One year,DSL,Mailed check
2055-SIFSS,3,monitor,55,51.65,Month-to-month,DSL,Bank transfer (automatic)
0036-IHMOT,3,monitor,55,103.7,One year,Fiber optic,Bank transfer (automatic)
9220-ZNKJI,3,monitor,55,88.8,Two year,Fiber optic,Credit card (automatic)
8400-WZICQ,3,monitor,55,55.7,Month-to-month,DSL,Electronic check
7753-USQYQ,3,monitor,55,64.2,One year,DSL,Electronic check
7879-CGSFV,3,monitor,55,100.9,One year,Fiber optic,Mailed check
8034-RYTVV,3,monitor,55,84.25,One year,Fiber optic,Credit card (automatic)
9691-HKOVS,3,monitor,55,90.15,One year,DSL,Electronic check
2696-ECXKC,3,monitor,55,100.9,One year,Fiber optic,Mailed check
3605-JISKB,3,monitor,55,60,One year,DSL,Credit card (automatic)
1091-SOZGA,3,monitor,56,99.8,One year,Fiber optic,Credit card (automatic)
2805-EDJPQ,3,monitor,56,99.75,One year,Fiber optic,Credit card (automatic)
0356-OBMAC,3,monitor,56,99.9,Two year,Fiber optic,Bank transfer (automatic)
5285-MVEHD,3,monitor,56,105.6,One year,Fiber optic,Credit card (automatic)
2530-FMFXO,3,monitor,56,103.2,Two year,Fiber optic,Electronic check
4355-CVPVS,3,monitor,56,88.9,One year,Fiber optic,Bank transfer (automatic)
9711-FJTBX,3,monitor,56,85.85,One year,Fiber optic,Mailed check
6198-PNNSZ,3,monitor,56,109.8,One year,Fiber optic,Bank transfer (automatic)
5820-PTRYM,3,monitor,56,68.45,One year,DSL,Credit card (automatic)
1573-LGXBA,3,monitor,57,97.55,One year,Fiber optic,Credit card (automatic)
3164-YAXFY,3,monitor,57,53.75,Month-to-month,DSL,Electronic check
2293-IJWPS,3,monitor,57,100.75,One year,Fiber optic,Credit card (automatic)
4981-FLTMF,3,monitor,57,65.2,Month-to-month,DSL,Bank transfer (automatic)
1400-WIVLL,3,monitor,57,107.95,Two year,Fiber optic,Electronic check
8996-ZROXE,3,monitor,57,53.5,One year,DSL,Electronic check
0103-CSITQ,3,monitor,57,109.4,One year,Fiber optic,Bank transfer (automatic)
4884-TVUQF,3,monitor,57,101.3,Two year,Fiber optic,Credit card (automatic)
0533-UCAAU,3,monitor,57,71.1,One year,DSL,Credit card (automatic)
7672-VFMXZ,3,monitor,57,55.7,Month-to-month,DSL,Electronic check
8091-TTVAX,3,monitor,58,100.35,One year,Fiber optic,Credit card (automatic)
3571-DPYUH,3,monitor,58,94.7,One year,Fiber optic,Credit card (automatic)
1697-BCSHV,3,monitor,58,66.8,Month-to-month,DSL,Bank transfer (automatic)
0409-WTMPL,3,monitor,58,110.65,One year,Fiber optic,Credit card (automatic)
3969-JQABI,3,monitor,58,65.25,Month-to-month,DSL,Credit card (automatic)
1474-JUWSM,3,monitor,58,68.4,One year,DSL,Electronic check
5578-NKCXI,3,monitor,58,99.25,One year,Fiber optic,Credit card (automatic)
7544-ZVIKX,3,monitor,58,105.05,One year,Fiber optic,Bank transfer (automatic)
1448-CYWKC,3,monitor,58,105.2,One year,Fiber optic,Credit card (automatic)
2371-KFUOG,3,monitor,58,99.15,One year,Fiber optic,Bank transfer (automatic)
3758-CKOQL,3,monitor,59,107,One year,Fiber optic,Credit card (automatic)
9845-PEEKO,3,monitor,59,79.2,Two year,Fiber optic,Credit card (automatic)
5140-FOMCQ,3,monitor,59,109.15,One year,Fiber optic,Credit card (automatic)
7663-CUXZB,3,monitor,59,113.75,Two year,Fiber optic,Electronic check
9501-UKKNL,3,monitor,59,51.7,Month-to-month,DSL,Electronic check
3115-JPJDD,3,monitor,59,81.25,One year,Fiber optic,Credit card (automatic)
9128-CPXKI,3,monitor,59,95.8,Two year,Fiber optic,Electronic check
4759-PXTAN,3,monitor,59,80.1,One year,DSL,Electronic check
2478-EEWWM,3,monitor,59,44.3,Month-to-month,DSL,Electronic check
4667-QONEA,3,monitor,60,74.85,One year,DSL,Credit card (automatic)
4742-DRORA,3,monitor,60,95.4,One year,Fiber optic,Bank transfer (automatic)
8847-GEOOQ,3,monitor,60,60.2,Month-to-month,DSL,Bank transfer (automatic)
7945-HLKEA,3,monitor,60,64.75,One year,DSL,Electronic check
7868-TMWMZ,3,monitor,60,110,Two year,Fiber optic,Bank transfer (automatic)
3070-BDOQC,3,monitor,60,99.65,Two year,Fiber optic,Electronic check
0233-FTHAV,3,monitor,60,79.2,One year,Fiber optic,Bank transfer (automatic)
0330-BGYZE,3,monitor,60,102.5,One year,Fiber optic,Bank transfer (automatic)
6993-YCOBK,3,monitor,60,110.6,Two year,Fiber optic,Electronic check
8261-GWDBQ,3,monitor,60,116.05,Two year,Fiber optic,Bank transfer (automatic)
2001-EWBQU,3,monitor,60,104.7,Two year,Fiber optic,Electronic check
3680-CTHUH,3,monitor,60,116.6,One year,Fiber optic,Credit card (automatic)
3428-MMGUB,3,monitor,60,89.55,Two year,Fiber optic,Electronic check
9933-QRGTX,3,monitor,60,97.2,Two year,Fiber optic,Electronic check
3999-WRNGR,3,monitor,60,49.75,Month-to-month,DSL,Electronic check
1150-FTQGN,3,monitor,60,94.15,One year,Fiber optic,Bank transfer (automatic)
1036-GUDCL,3,monitor,60,79.05,Month-to-month,DSL,Credit card (automatic)
5756-OZRIO,3,monitor,61,64.05,One year,DSL,Bank transfer (automatic)
1131-SUEKT,3,monitor,61,98.45,One year,Fiber optic,Bank transfer (automatic)
4455-BFSPD,3,monitor,61,101.15,One year,Fiber optic,Bank transfer (automatic)
8715-KKTFG,3,monitor,61,103.3,One year,Fiber optic,Bank transfer (automatic)
9500-IWPXQ,3,monitor,61,79.4,One year,DSL,Electronic check
3096-WPXBT,3,monitor,61,100.7,One year,Fiber optic,Credit card (automatic)
2830-LEWOA,3,monitor,61,103.9,One year,Fiber optic,Credit card (automatic)
7839-NUIAA,3,monitor,61,59.8,Month-to-month,DSL,Electronic check
3642-GKTCT,3,monitor,61,115.1,One year,Fiber optic,Mailed check
9107-UKCKY,3,monitor,61,79.8,One year,DSL,Electronic check
3214-IYUUQ,3,monitor,61,93.7,One year,Fiber optic,Bank transfer (automatic)
0898-XCGTF,3,monitor,61,96.5,One year,Fiber optic,Bank transfer (automatic)
2294-DMMUS,3,monitor,62,70.45,Month-to-month,DSL,Credit card (automatic)
9480-BQJEI,3,monitor,62,92.3,One year,Fiber optic,Bank transfer (automatic)
8894-JVDCV,3,monitor,62,115.05,One year,Fiber optic,Credit card (automatic)
6242-SGYTS,3,monitor,62,94.95,One year,Fiber optic,Credit card (automatic)
1017-FBQMM,3,monitor,62,106.05,One year,Fiber optic,Credit card (automatic)
7572-KPVKK,3,monitor,62,104.05,Two year,Fiber optic,Electronic check
9391-YZEJW,3,monitor,62,94,One year,Fiber optic,Bank transfer (automatic)
1599-MMYRQ,3,monitor,62,81.45,One year,Fiber optic,Credit card (automatic)
2363-BJLSL,3,monitor,62,80.4,Month-to-month,DSL,Bank transfer (automatic)
8769-KKTPH,3,monitor,63,99.65,One year,Fiber optic,Credit card (automatic)
8405-IGQFX,3,monitor,63,90.05,One year,Fiber optic,Credit card (automatic)
7997-EASSD,3,monitor,63,81.2,One year,Fiber optic,Credit card (automatic)
4890-VMUAV,3,monitor,63,71.5,One year,DSL,Electronic check
7820-ZYGNY,3,monitor,63,90.45,One year,Fiber optic,Credit card (automatic)
2019-HDCZY,3,monitor,63,102.6,Two year,Fiber optic,Electronic check
0565-JUPYD,3,monitor,63,104.5,One year,Fiber optic,Credit card (automatic)
8041-TMEID,3,monitor,63,108.5,Two year,Fiber optic,Credit card (automatic)
2055-BFOCC,3,monitor,63,84,One year,DSL,Bank transfer (automatic)
6121-TNHBO,3,monitor,63,83,One year,DSL,Bank transfer (automatic)
5297-MDOIR,3,monitor,63,81.15,One year,Fiber optic,Credit card (automatic)
1891-QRQSA,3,monitor,64,111.6,Two year,Fiber optic,Bank transfer (automatic)
2636-SJDOU,3,monitor,64,84.3,One year,Fiber optic,Credit card (automatic)
1347-KTTTA,3,monitor,64,102.45,One year,Fiber optic,Credit card (automatic)
8984-EYLLL,3,monitor,64,105.25,Two year,Fiber optic,Electronic check
5223-UZAVK,3,monitor,64,100.3,One year,Fiber optic,Credit card (automatic)
8226-BXGES,3,monitor,64,89.45,One year,Fiber optic,Bank transfer (automatic)
7940-UQQUG,3,monitor,64,104.4,One year,Fiber optic,Bank transfer (automatic)
5074-FBGHB,3,monitor,64,104.65,One year,Fiber optic,Credit card (automatic)
5966-EMAZU,3,monitor,64,108.5,One year,Fiber optic,Mailed check
3327-YBAKM,3,monitor,64,96.9,One year,Fiber optic,Mailed check
4423-JWZJN,3,monitor,64,90.25,One year,Fiber optic,Credit card (automatic)
0083-PIVIK,3,monitor,64,81.25,One year,DSL,Electronic check
2560-PPCHE,3,monitor,65,105.05,One year,Fiber optic,Bank transfer (automatic)
2692-AQCPF,3,monitor,65,108.05,One year,Fiber optic,Credit card (automatic)
4837-QUSFT,3,monitor,65,100.15,One year,Fiber optic,Bank transfer (automatic)
1163-VIPRI,3,monitor,65,109.3,Two year,Fiber optic,Electronic check
6333-YDVLT,3,monitor,65,110,One year,Fiber optic,Credit card (automatic)
6196-HBOBZ,3,monitor,65,99.35,Two year,Fiber optic,Electronic check
8777-MBMTS,3,monitor,65,105.85,Two year,Fiber optic,Credit card (automatic)
6435-VWCCY,3,monitor,65,92.7,Two year,Fiber optic,Credit card (automatic)
7520-HQWJU,3,monitor,66,67.45,Month-to-month,DSL,Bank transfer (automatic)
1096-ADRUX,3,monitor,66,74.25,One year,Fiber optic,Bank transfer (automatic)
8016-ZMGMO,3,monitor,66,70.85,One year,DSL,Bank transfer (automatic)
1442-OKRJE,3,monitor,66,103.15,One year,Fiber optic,Bank transfer (automatic)
8646-JCOMS,3,monitor,66,90.55,One year,Fiber optic,Bank transfer (automatic)
5387-ASZNZ,3,monitor,66,63.85,One year,DSL,Credit card (automatic)
9896-UYMIE,3,monitor,66,114.3,One year,Fiber optic,Bank transfer (automatic)
3569-VLDHH,3,monitor,66,75.1,One year,DSL,Electronic check
0052-DCKON,3,monitor,66,115.8,One year,Fiber optic,Bank transfer (automatic)
6408-OTUBZ,3,monitor,66,104.55,One year,Fiber optic,Bank transfer (automatic)
4274-DRSQT,3,monitor,66,88.9,One year,Fiber optic,Bank transfer (automatic)
9644-KVCNC,3,monitor,66,92.15,One year,Fiber optic,Bank transfer (automatic)
0201-MIBOL,3,monitor,66,102.4,Two year,Fiber optic,Bank transfer (automatic)
8402-EIVQS,3,monitor,67,100.9,One year,Fiber optic,Credit card (automatic)
2323-ARSVR,3,monitor,67,111.05,Two year,Fiber optic,Electronic check
7923-IYJWY,3,monitor,67,116.1,Two year,Fiber optic,Credit card (automatic)
6465-GSRCL,3,monitor,67,106.6,One year,Fiber optic,Bank transfer (automatic)
0795-GMVQO,3,monitor,67,109.9,One year,Fiber optic,Credit card (automatic)
3740-RLMVT,3,monitor,67,60.95,One year,DSL,Bank transfer (automatic)
1360-XFJMR,3,monitor,67,109.7,One year,Fiber optic,Credit card (automatic)
9402-ROUMJ,3,monitor,67,100.25,One year,Fiber optic,Bank transfer (automatic)
7159-NOKYQ,3,monitor,67,93.15,Two year,Fiber optic,Electronic check
0248-PGHBZ,3,monitor,67,92.45,Two year,Fiber optic,Bank transfer (automatic)
4199-QHJNM,3,monitor,67,102.9,Two year,Fiber optic,Bank transfer (automatic)
6736-DHUQI,3,monitor,67,84.8,One year,Fiber optic,Bank transfer (automatic)
4129-LYCOI,3,monitor,67,104,Two year,Fiber optic,Electronic check
4753-PADAS,3,monitor,67,105.7,One year,Fiber optic,Bank transfer (automatic)
8561-NMTBD,3,monitor,67,112.35,One year,Fiber optic,Credit card (automatic)
7964-ZRKKG,3,monitor,67,88.4,One year,Fiber optic,Bank transfer (automatic)
0993-OSGPT,3,monitor,68,60.65,One year,DSL,Bank transfer (automatic)
1032-MAELW,3,monitor,68,78.45,One year,DSL,Electronic check
6869-FGJJC,3,monitor,68,79.6,One year,Fiber optic,Credit card (automatic)
4282-MSACW,3,monitor,68,117.2,One year,Fiber optic,Credit card (automatic)
9938-TKDGL,3,monitor,68,99.55,Two year,Fiber optic,Electronic check
5153-LXKDT,3,monitor,68,110.2,Two year,Fiber optic,Electronic check
2056-EVGZL,3,monitor,68,105.75,One year,Fiber optic,Credit card (automatic)
1334-PDUKM,3,monitor,68,86.45,One year,Fiber optic,Credit card (automatic)
3301-VKTGC,3,monitor,68,85.5,One year,Fiber optic,Bank transfer (automatic)
8756-RDDLT,3,monitor,68,44.95,Month-to-month,DSL,Electronic check
2868-LLSKM,3,monitor,68,83.65,One year,Fiber optic,Bank transfer (automatic)
6500-JVEGC,3,monitor,68,101.35,One year,Fiber optic,Bank transfer (automatic)
2898-MRKPI,3,monitor,68,101.05,One year,Fiber optic,Credit card (automatic)
8905-IAZPF,3,monitor,69,95.65,One year,Fiber optic,Credit card (automatic)
6048-UWKAL,3,monitor,69,105.4,Two year,Fiber optic,Credit card (automatic)
6265-SXWBU,3,monitor,69,95.75,One year,Fiber optic,Credit card (automatic)
6227-FBDXH,3,monitor,69,99.5,One year,Fiber optic,Bank transfer (automatic)
7036-TYDEC,3,monitor,69,104,Two year,Fiber optic,Electronic check
8565-HBFNN,3,monitor,69,107.2,One year,Fiber optic,Credit card (automatic)
5440-VHLUL,3,monitor,69,105.2,One year,Fiber optic,Bank transfer (automatic)
0197-PNKNK,3,monitor,69,84.45,One year,Fiber optic,Bank transfer (automatic)
0106-UGRDO,3,monitor,69,116,Two year,Fiber optic,Electronic check
6837-HAEVO,3,monitor,69,105,Two year,Fiber optic,Electronic check
7718-UPSKJ,3,monitor,69,106.4,One year,Fiber optic,Credit card (automatic)
4419-UJMUS,3,monitor,69,99.35,Two year,Fiber optic,Electronic check
4627-MIHJH,3,monitor,69,110.25,Two year,Fiber optic,Credit card (automatic)
1090-PYKCI,3,monitor,69,105.1,One year,Fiber optic,Credit card (automatic)
8213-TAZPM,3,monitor,69,108.75,One year,Fiber optic,Bank transfer (automatic)
1679-JRFBR,3,monitor,70,108.15,One year,Fiber optic,Credit card (automatic)
5671-RQRLP,3,monitor,70,75.65,Two year,Fiber optic,Credit card (automatic)
5504-WSIUR,3,monitor,70,90.25,One year,Fiber optic,Bank transfer (automatic)
3597-YASZG,3,monitor,70,104.45,Two year,Fiber optic,Bank transfer (automatic)
0907-HQNTS,3,monitor,70,113,Two year,Fiber optic,Credit card (automatic)
7080-TNUWP,3,monitor,70,95,One year,Fiber optic,Bank transfer (automatic)
1576-PFZIW,3,monitor,70,105.35,Two year,Fiber optic,Credit card (automatic)
6297-NOOPG,3,monitor,70,110.5,Two year,Fiber optic,Electronic check
8707-HOEDG,3,monitor,70,110.2,Two year,Fiber optic,Electronic check
7781-EWARA,3,monitor,70,60.35,One year,DSL,Electronic check
0530-IJVDB,3,monitor,70,114.6,Two year,Fiber optic,Electronic check
3841-NFECX,3,monitor,71,96.35,Two year,Fiber optic,Credit card (automatic)
2639-UGMAZ,3,monitor,71,56.45,One year,DSL,Electronic check
3363-DTIVD,3,monitor,71,105.55,Two year,Fiber optic,Electronic check
6556-DBKZF,3,monitor,71,76.05,Two year,Fiber optic,Electronic check
9571-EDEBV,3,monitor,71,98.65,One year,Fiber optic,Credit card (automatic)
4513-CXYIX,3,monitor,71,80.7,Two year,Fiber optic,Credit card (automatic)
0835-JKADZ,3,monitor,71,111.25,Two year,Fiber optic,Electronic check
8659-IOOPU,3,monitor,71,100.45,Two year,Fiber optic,Electronic check
8089-UZWLX,3,monitor,71,104.05,Two year,Fiber optic,Bank transfer (automatic)
5678-VFNEQ,3,monitor,71,104.1,One year,Fiber optic,Credit card (automatic)
1298-PHBTI,3,monitor,71,84.8,Two year,Fiber optic,Electronic check
5149-QYTTU,3,monitor,71,95.15,One year,Fiber optic,Credit card (automatic)
8984-HPEMB,3,monitor,71,118.65,Two year,Fiber optic,Electronic check
7375-WMVMT,3,monitor,71,95.5,Two year,Fiber optic,Credit card (automatic)
8879-XUAHX,3,monitor,71,116.25,Two year,Fiber optic,Electronic check
3324-OIRTO,3,monitor,71,104.65,One year,Fiber optic,Bank transfer (automatic)
0013-SMEOE,3,monitor,71,109.7,Two year,Fiber optic,Bank transfer (automatic)
6161-ERDGD,3,monitor,71,85.45,One year,DSL,Electronic check
8231-BSWXX,3,monitor,71,79.05,One year,Fiber optic,Credit card (automatic)
2790-XUYMV,3,monitor,71,85.45,One year,Fiber optic,Credit card (automatic)
5569-IDSEY,3,monitor,71,105.7,One year,Fiber optic,Bank transfer (automatic)
0670-ANMUU,3,monitor,71,97.65,One year,Fiber optic,Credit card (automatic)
1545-JFUML,3,monitor,71,99,Two year,Fiber optic,Electronic check
9470-YFUYI,3,monitor,71,71,One year,DSL,Bank transfer (automatic)
9475-NNDGC,3,monitor,71,113.15,One year,Fiber optic,Bank transfer (automatic)
3528-HFRIQ,3,monitor,71,52.3,Month-to-month,DSL,Bank transfer (automatic)
3850-OKINF,3,monitor,71,66.2,One year,DSL,Electronic check
4043-MKDTV,3,monitor,71,105.25,Two year,Fiber optic,Electronic check
9715-WZCLW,3,monitor,71,97.2,Two year,Fiber optic,Electronic check
1696-HXOWK,3,monitor,71,95.65,One year,Fiber optic,Mailed check
6726-NNFWD,3,monitor,71,89.45,Two year,Fiber optic,Credit card (automatic)
8029-XYPWT,3,monitor,71,115.05,Two year,Fiber optic,Bank transfer (automatic)
6308-CQRBU,3,monitor,71,109.25,Two year,Fiber optic,Electronic check
0186-CAERR,3,monitor,71,116.3,One year,Fiber optic,Bank transfer (automatic)
7471-MQPOS,3,monitor,71,72.9,One year,DSL,Bank transfer (automatic)
0218-QNVAS,3,monitor,71,100.55,One year,Fiber optic,Bank transfer (automatic)
1480-BKXGA,3,monitor,72,116.05,Two year,Fiber optic,Bank transfer (automatic)
5168-MQQCA,3,monitor,72,108.5,One year,Fiber optic,Bank transfer (automatic)
8606-CIQUL,3,monitor,72,115.75,Two year,Fiber optic,Credit card (automatic)
0742-LAFQK,3,monitor,72,99.15,Two year,Fiber optic,Electronic check
2499-AJYUA,3,monitor,72,110.8,Two year,Fiber optic,Credit card (automatic)
6919-ELBGL,3,monitor,72,114.95,Two year,Fiber optic,Bank transfer (automatic)
3865-YIOTT,3,monitor,72,106.1,One year,Fiber optic,Bank transfer (automatic)
1779-PWPMG,3,monitor,72,114.65,Two year,Fiber optic,Bank transfer (automatic)
9127-FHJBZ,3,monitor,72,114,Two year,Fiber optic,Electronic check
2388-LAESQ,3,monitor,72,114.85,Two year,Fiber optic,Bank transfer (automatic)
4389-UEFCZ,3,monitor,72,105.5,Two year,Fiber optic,Electronic check
6374-NTQLP,3,monitor,72,104.1,Two year,Fiber optic,Credit card (automatic)
2057-BOYKM,3,monitor,72,96.6,Two year,Fiber optic,Bank transfer (automatic)
5663-QBGIS,3,monitor,72,98.35,Two year,Fiber optic,Bank transfer (automatic)
2878-RMWXY,3,monitor,72,102.65,Two year,Fiber optic,Credit card (automatic)
4815-YOSUK,3,monitor,72,104.9,One year,Fiber optic,Credit card (automatic)
7322-OCWHC,3,monitor,72,93.05,Two year,Fiber optic,Bank transfer (automatic)
2266-SJNAT,3,monitor,72,109.15,One year,Fiber optic,Credit card (automatic)
8263-QMNTJ,3,monitor,72,115.55,Two year,Fiber optic,Electronic check
0164-APGRB,3,monitor,72,114.9,Two year,Fiber optic,Electronic check
8628-MFKAX,3,monitor,72,116.75,Two year,Fiber optic,Credit card (automatic)
0536-ACXIP,3,monitor,72,109.55,Two year,Fiber optic,Electronic check
7765-LWVVH,3,monitor,72,95.1,Two year,Fiber optic,Electronic check
6295-OSINB,3,monitor,72,109.65,Two year,Fiber optic,Electronic check
3258-SYSWS,3,monitor,72,113.8,Two year,Fiber optic,Bank transfer (automatic)
7134-HBPBS,3,monitor,72,108.1,Two year,Fiber optic,Bank transfer (automatic)
8015-IHCGW,3,monitor,72,115.5,Two year,Fiber optic,Electronic check
6904-JLBGY,3,monitor,72,117.35,Two year,Fiber optic,Credit card (automatic)
9031-ZVQPT,3,monitor,72,108.2,Two year,Fiber optic,Electronic check
5451-YHYPW,3,monitor,72,115.75,Two year,Fiber optic,Credit card (automatic)
3244-CQPHU,3,monitor,72,110.1,Two year,Fiber optic,Bank transfer (automatic)
8024-XNAFQ,3,monitor,72,107.4,Two year,Fiber optic,Bank transfer (automatic)
6749-UTDVX,3,monitor,72,103.65,Two year,Fiber optic,Electronic check
5304-EFJLP,3,monitor,72,111.65,Two year,Fiber optic,Bank transfer (automatic)
8565-WUXZU,3,monitor,72,84.8,Two year,Fiber optic,Credit card (automatic)
2272-WUSPA,3,monitor,72,110.75,Two year,Fiber optic,Electronic check
0254-FNMCI,3,monitor,72,109.9,Two year,Fiber optic,Electronic check
7566-DSRLQ,3,monitor,72,110.15,Two year,Fiber optic,Electronic check
5376-PCKNB,3,monitor,72,104.45,One year,Fiber optic,Credit card (automatic)
9866-OCCKE,3,monitor,72,109.75,Two year,Fiber optic,Mailed check
7173-TETGO,3,monitor,72,78.5,Two year,Fiber optic,Bank transfer (automatic)
5135-GRQJV,3,monitor,72,114.5,Two year,Fiber optic,Mailed check
1162-ECVII,3,monitor,72,109.75,Two year,Fiber optic,Bank transfer (automatic)
2419-FSORS,3,monitor,72,108.4,Two year,Fiber optic,Electronic check
9924-JPRMC,3,monitor,72,118.2,Two year,Fiber optic,Electronic check
0665-XHDJU,3,monitor,72,99.4,Two year,Fiber optic,Electronic check
3518-FSTWG,3,monitor,72,109.55,Two year,Fiber optic,Bank transfer (automatic)
4909-JOUPP,3,monitor,72,109.7,Two year,Fiber optic,Credit card (automatic)
2380-DAMQP,3,monitor,72,115.15,Two year,Fiber optic,Electronic check
1304-SEGFY,3,monitor,72,97.85,Two year,Fiber optic,Electronic check
2234-XADUH,3,monitor,72,103.2,One year,Fiber optic,Credit card (automatic)
8559-WNQZS,2,monitor,1,20.45,Two year,No,Mailed check
1099-GODLO,2,monitor,1,20.35,Two year,No,Mailed check
4854-SSLTN,2,monitor,2,59.5,Two year,DSL,Mailed check
0323-XWWTN,2,monitor,3,26.4,Two year,No,Mailed check
1407-DIGZV,2,monitor,3,19.1,Two year,No,Mailed check
9350-ZXYJC,2,monitor,4,25.3,Two year,No,Credit card (automatic)
0754-EEBDC,2,monitor,4,19.9,Two year,No,Mailed check
1354-YZFNB,2,monitor,4,19.55,Two year,No,Credit card (automatic)
6368-TZZDT,2,monitor,4,19.5,Two year,No,Credit card (automatic)
3717-FDJFU,2,monitor,5,20.45,Two year,No,Mailed check
3283-WCWXT,2,monitor,6,25.4,Two year,No,Mailed check
2587-YNLES,2,monitor,6,20.1,Two year,No,Mailed check
7816-VGHTO,2,monitor,6,40.55,Two year,DSL,Mailed check
9150-KPBJQ,2,monitor,6,19.65,Two year,No,Credit card (automatic)
7196-LIWRH,2,monitor,6,19.55,Two year,No,Mailed check
2030-BTZRO,2,monitor,6,20.4,Two year,No,Credit card (automatic)
7492-TAFJD,2,monitor,7,38.55,Two year,DSL,Mailed check
3546-GHEAE,2,monitor,7,19.45,Two year,No,Mailed check
7021-XSNYE,2,monitor,7,49.65,Two year,DSL,Credit card (automatic)
8314-HTWVE,2,monitor,7,19.85,Two year,No,Mailed check
5726-CVNYA,2,monitor,8,19.85,Two year,No,Mailed check
2017-CCBLH,2,monitor,8,20,Two year,No,Mailed check
0895-UADGO,2,monitor,8,44.55,Two year,DSL,Mailed check
8388-DMKAE,2,monitor,8,20.25,Two year,No,Mailed check
9030-QGZNL,2,monitor,8,20.85,Two year,No,Mailed check
7337-CINUD,2,monitor,8,19.5,Two year,No,Bank transfer (automatic)
0224-NIJLP,2,monitor,8,20.15,Two year,No,Mailed check
5647-URDKA,2,monitor,8,19.7,Two year,No,Mailed check
2229-DPMBI,2,monitor,8,19.5,Two year,No,Mailed check
2005-DWQZJ,2,monitor,8,19.05,Two year,No,Mailed check
8148-WOCMK,2,monitor,8,19.6,Two year,No,Credit card (automatic)
9424-CMPOG,2,monitor,9,19.6,Two year,No,Mailed check
3352-RICWQ,2,monitor,9,19.75,Two year,No,Mailed check
5057-RKGLH,2,monitor,9,20.35,Two year,No,Mailed check
7554-NEWDD,2,monitor,10,25.7,Two year,No,Bank transfer (automatic)
0621-JFHOL,2,monitor,10,29.6,Two year,DSL,Mailed check
9108-EQPNQ,2,monitor,10,26.1,Two year,No,Credit card (automatic)
1494-EJZDW,2,monitor,10,20.15,Two year,No,Mailed check
6434-TTGJP,2,monitor,10,53.7,Two year,DSL,Credit card (automatic)
0486-LGCCH,2,monitor,11,19.65,Two year,No,Mailed check
5158-RIVOP,2,monitor,11,20.9,Two year,No,Credit card (automatic)
6698-OXETB,2,monitor,11,20.4,Two year,No,Mailed check
1093-YSWCA,2,monitor,11,19.55,Two year,No,Credit card (automatic)
1734-ZMNTZ,2,monitor,11,25,Two year,No,Mailed check
5442-PPTJY,2,monitor,12,19.7,Two year,No,Mailed check
8612-GXIDD,2,monitor,12,25.4,Two year,No,Bank transfer (automatic)
5197-YPYBZ,2,monitor,12,25.25,Two year,No,Credit card (automatic)
4573-JKNAE,2,monitor,12,19.35,Two year,No,Bank transfer (automatic)
3549-ZTMNH,2,monitor,12,24,Two year,No,Bank transfer (automatic)
6828-HMKWP,2,monitor,12,21.05,Two year,No,Bank transfer (automatic)
0064-SUDOG,2,monitor,12,20.3,Two year,No,Bank transfer (automatic)
9928-BZVLZ,2,monitor,12,49.85,Two year,DSL,Mailed check
9553-DLCLU,2,monitor,13,88.95,Two year,DSL,Credit card (automatic)
2788-CJQAQ,2,monitor,13,19.45,One year,No,Mailed check
5039-LZRQT,2,monitor,13,20.2,One year,No,Mailed check
4323-ELYYB,2,monitor,13,20,One year,No,Mailed check
9987-LUTYD,2,monitor,13,55.15,One year,DSL,Mailed check
2592-HODOV,2,monitor,13,19.3,One year,No,Credit card (automatic)
3372-CDXFJ,2,monitor,13,24.5,One year,No,Bank transfer (automatic)
9705-ZJBCG,2,monitor,13,54.15,One year,DSL,Bank transfer (automatic)
5546-QUERU,2,monitor,13,19.95,One year,No,Mailed check
6727-IOTLZ,2,monitor,14,81.95,Two year,DSL,Mailed check
7817-OMJNA,2,monitor,14,20.4,One year,No,Bank transfer (automatic)
3800-LYTRK,2,monitor,14,55.7,One year,DSL,Mailed check
6994-ORCWG,2,monitor,14,54.25,One year,DSL,Mailed check
3131-NWVFJ,2,monitor,14,19.55,One year,No,Mailed check
4403-BWPAY,2,monitor,14,24.8,One year,No,Credit card (automatic)
7228-PAQPD,2,monitor,14,59.1,One year,DSL,Credit card (automatic)
9796-MVYXX,2,monitor,14,39.7,Two year,DSL,Mailed check
1345-ZUKID,2,monitor,14,19.35,One year,No,Mailed check
3423-HHXAO,2,monitor,14,19.5,One year,No,Mailed check
4994-OBRSZ,2,monitor,14,76.1,Two year,DSL,Bank transfer (automatic)
9715-SBVSU,2,monitor,14,61.4,Two year,DSL,Bank transfer (automatic)
0080-EMYVY,2,monitor,14,51.45,One year,DSL,Credit card (automatic)
9845-QOMAD,2,monitor,14,19.75,One year,No,Mailed check
0422-OHQHQ,2,monitor,15,20.55,One year,No,Mailed check
5312-TSZVC,2,monitor,15,19.65,One year,No,Mailed check
0829-DDVLK,2,monitor,15,20.1,One year,No,Credit card (automatic)
6586-PSJOX,2,monitor,15,55.2,One year,DSL,Credit card (automatic)
3721-CNZHX,2,monitor,15,19.8,One year,No,Mailed check
4451-RWASJ,2,monitor,15,19.5,One year,No,Mailed check
5003-OKNNK,2,monitor,15,20.35,One year,No,Credit card (automatic)
6728-CZFEI,2,monitor,15,56.15,One year,DSL,Mailed check
2834-JKOOW,2,monitor,15,45.9,One year,DSL,Mailed check
1272-ILHFG,2,monitor,15,19.65,One year,No,Mailed check
6508-NJYRO,2,monitor,15,18.8,One year,No,Mailed check
6371-NZYEG,2,monitor,16,64.25,Two year,DSL,Mailed check
1915-OAKWD,2,monitor,16,19.3,One year,No,Bank transfer (automatic)
7746-QYVCO,2,monitor,16,55.85,One year,DSL,Mailed check
4616-EWBNJ,2,monitor,16,20.1,One year,No,Bank transfer (automatic)
4311-QTTAI,2,monitor,16,19.35,One year,No,Credit card (automatic)
3243-ZHOHY,2,monitor,16,20.1,One year,No,Mailed check
0307-BCOPK,2,monitor,16,19.05,One year,No,Mailed check
5840-NVDCG,2,monitor,16,68.25,Two year,DSL,Bank transfer (automatic)
9867-JCZSP,2,monitor,17,20.75,One year,No,Mailed check
5160-UXJED,2,monitor,17,44.6,One year,DSL,Mailed check
4378-BZYFP,2,monitor,17,20.5,One year,No,Mailed check
2387-KDZQY,2,monitor,17,20.1,One year,No,Mailed check
7279-NMVJC,2,monitor,17,19.9,One year,No,Bank transfer (automatic)
8884-MRNSU,2,monitor,17,19.9,One year,No,Bank transfer (automatic)
5505-OVWQW,2,monitor,17,20.15,One year,No,Mailed check
9766-HGEDE,2,monitor,17,19.35,One year,No,Mailed check
4359-INNWN,2,monitor,17,20.05,One year,No,Credit card (automatic)
9847-HNVGP,2,monitor,17,19.95,One year,No,Mailed check
8573-JGCZW,2,monitor,17,19.65,One year,No,Bank transfer (automatic)
8109-YUOHE,2,monitor,17,56.1,One year,DSL,Mailed check
7609-NRNCA,2,monitor,17,19.55,One year,No,Mailed check
2233-TXSIU,2,monitor,17,44.45,One year,DSL,Credit card (automatic)
0557-ASKVU,2,monitor,18,54.4,One year,DSL,Credit card (automatic)
8499-BRXTD,2,monitor,18,20.1,One year,No,Mailed check
1133-KXCGE,2,monitor,18,20.1,One year,No,Mailed check
4685-TFLLS,2,monitor,18,19.8,One year,No,Bank transfer (automatic)
4654-GGUII,2,monitor,18,40.2,One year,DSL,Mailed check
1337-BOZWO,2,monitor,18,46.4,One year,DSL,Credit card (automatic)
9229-RQABD,2,monitor,18,23.75,One year,No,Mailed check
0859-YGKFW,2,monitor,18,20.05,One year,No,Bank transfer (automatic)
8969-PRHFK,2,monitor,18,19.65,One year,No,Mailed check
7369-TRPFD,2,monitor,19,18.8,One year,No,Mailed check
1178-PZGAB,2,monitor,19,20.25,One year,No,Credit card (automatic)
6746-WAUWT,2,monitor,19,19.7,One year,No,Credit card (automatic)
6937-GCDGQ,2,monitor,19,48.95,One year,DSL,Bank transfer (automatic)
8748-HFWBO,2,monitor,19,19.9,One year,No,Mailed check
1561-BWHIN,2,monitor,19,19.8,One year,No,Mailed check
1964-SVLEA,2,monitor,20,19.7,One year,No,Mailed check
4425-OWHWB,2,monitor,20,19.35,One year,No,Credit card (automatic)
2466-FCCPT,2,monitor,20,19.7,One year,No,Bank transfer (automatic)
3556-BVQGL,2,monitor,20,20,One year,No,Mailed check
4092-OFQZS,2,monitor,20,20.65,One year,No,Mailed check
7813-TKCVO,2,monitor,20,20.35,One year,No,Mailed check
2320-TZRRH,2,monitor,20,19.5,One year,No,Mailed check
5837-LXSDN,2,monitor,21,58.85,One year,DSL,Credit card (automatic)
1930-BZLHI,2,monitor,21,20.35,One year,No,Mailed check
8779-YIQQA,2,monitor,21,19.8,One year,No,Mailed check
2999-AANRQ,2,monitor,21,71.05,Two year,DSL,Credit card (automatic)
2749-CTKAJ,2,monitor,22,20.15,One year,No,Mailed check
0661-WCQNQ,2,monitor,22,56.25,One year,DSL,Credit card (automatic)
8022-BECSI,2,monitor,22,19.6,One year,No,Mailed check
1353-GHZOS,2,monitor,22,59.75,One year,DSL,Bank transfer (automatic)
3125-RAHBV,2,monitor,22,20.3,One year,No,Credit card (automatic)
8050-WYBND,2,monitor,22,49.45,One year,DSL,Credit card (automatic)
8966-OIQHG,2,monitor,22,20.75,One year,No,Bank transfer (automatic)
4632-PAOYU,2,monitor,22,19.95,One year,No,Mailed check
6072-NUQCB,2,monitor,22,20.25,One year,No,Bank transfer (automatic)
5847-MXBEO,2,monitor,22,20.3,One year,No,Mailed check
9746-UGFAC,2,monitor,22,20.85,One year,No,Bank transfer (automatic)
9617-UDPEU,2,monitor,22,19.25,One year,No,Mailed check
5876-QMYLD,2,monitor,23,20.05,One year,No,Mailed check
6510-UPNKS,2,monitor,23,24.8,One year,No,Credit card (automatic)
6543-JXSOO,2,monitor,23,57.75,One year,DSL,Mailed check
9894-QMIMJ,2,monitor,23,55.8,One year,DSL,Bank transfer (automatic)
6082-OQFBA,2,monitor,23,19.65,One year,No,Mailed check
6064-PUPMC,2,monitor,23,57.2,One year,DSL,Credit card (automatic)
8328-SKJNO,2,monitor,23,40.65,One year,DSL,Bank transfer (automatic)
3082-YVEKW,2,monitor,23,77.15,Two year,DSL,Bank transfer (automatic)
7137-NAXML,2,monitor,23,20.15,One year,No,Bank transfer (automatic)
3178-CIFOT,2,monitor,23,19.65,One year,No,Credit card (automatic)
1682-VCOIO,2,monitor,23,20.45,One year,No,Mailed check
1401-FTHFQ,2,monitor,23,20,One year,No,Credit card (automatic)
5982-PSMKW,2,monitor,23,91.1,Two year,DSL,Credit card (automatic)
0269-XFESX,2,monitor,23,24.35,One year,No,Mailed check
9801-NOSHQ,2,monitor,23,19.8,One year,No,Mailed check
9347-AERRL,2,monitor,23,19.3,One year,No,Credit card (automatic)
6778-JFCMK,2,monitor,24,50.6,One year,DSL,Mailed check
0835-DUUIQ,2,monitor,24,21.05,One year,No,Bank transfer (automatic)
3778-FOAQW,2,monitor,24,20.15,One year,No,Mailed check
3594-BDSOA,2,monitor,24,20.4,One year,No,Credit card (automatic)
7508-KBIMB,2,monitor,24,56.25,One year,DSL,Credit card (automatic)
7244-KXYZN,2,monitor,24,20.45,One year,No,Credit card (automatic)
1834-WULEG,2,monitor,24,20.25,One year,No,Mailed check
8194-PEEBY,2,monitor,24,19.9,One year,No,Mailed check
6427-FEFIG,2,monitor,24,78.6,Two year,DSL,Credit card (automatic)
1131-ALZWV,2,monitor,24,24.6,One year,No,Bank transfer (automatic)
6527-PZFPV,2,monitor,24,20.8,One year,No,Credit card (automatic)
7901-IIDQV,2,monitor,24,54.6,One year,DSL,Bank transfer (automatic)
5474-LAMUQ,2,monitor,24,20.1,One year,No,Mailed check
0074-HDKDG,2,monitor,25,61.6,One year,DSL,Bank transfer (automatic)
2120-SMPEX,2,monitor,25,20.15,Month-to-month,No,Mailed check
1069-QJOEE,2,monitor,25,19.9,One year,No,Electronic check
8929-KSWIH,2,monitor,25,99.3,Two year,Fiber optic,Bank transfer (automatic)
7319-ZNRTR,2,monitor,25,19.6,One year,No,Electronic check
9467-ROOLM,2,monitor,25,19.05,Month-to-month,No,Mailed check
8815-LMFLX,2,monitor,25,25.4,Month-to-month,No,Bank transfer (automatic)
8780-RSYYU,2,monitor,25,19.2,Month-to-month,No,Credit card (automatic)
7407-SUJIZ,2,monitor,25,20.6,Month-to-month,No,Mailed check
0487-VVUVK,2,monitor,25,19.15,Month-to-month,No,Mailed check
8409-WQJUX,2,monitor,25,54.2,One year,DSL,Electronic check
2108-GLPQB,2,monitor,25,55.55,Month-to-month,DSL,Credit card (automatic)
1760-CAZHT,2,monitor,25,20.8,Month-to-month,No,Mailed check
0357-NVCRI,2,monitor,25,20.05,Month-to-month,No,Credit card (automatic)
2320-SLKMB,2,monitor,26,44.45,Month-to-month,DSL,Credit card (automatic)
1853-ARAAQ,2,monitor,26,50.35,Month-to-month,DSL,Credit card (automatic)
3523-BRGUW,2,monitor,26,19.3,One year,No,Credit card (automatic)
9313-QOLTZ,2,monitor,26,20.9,Month-to-month,No,Mailed check
4524-QCSSM,2,monitor,26,44.65,Month-to-month,DSL,Bank transfer (automatic)
5260-UMPWX,2,monitor,26,20.25,Month-to-month,No,Credit card (automatic)
4429-WYGFR,2,monitor,26,49.15,Month-to-month,DSL,Bank transfer (automatic)
9754-CLVZW,2,monitor,26,38.85,Month-to-month,DSL,Credit card (automatic)
0975-UYDTX,2,monitor,26,90.1,One year,DSL,Credit card (automatic)
9470-RTWDV,2,monitor,26,82,One year,DSL,Credit card (automatic)
5049-MUBWG,2,monitor,26,75,One year,DSL,Bank transfer (automatic)
0128-MKWSG,2,monitor,26,45.8,Month-to-month,DSL,Mailed check
6261-LHRTG,2,monitor,26,54.75,Month-to-month,DSL,Credit card (automatic)
3920-HIHMQ,2,monitor,26,49.5,Month-to-month,DSL,Mailed check
4310-KEDTB,2,monitor,26,29.8,Month-to-month,DSL,Mailed check
6827-IEAUQ,2,monitor,27,66.15,One year,DSL,Mailed check
8224-IVVPA,2,monitor,27,56.7,Month-to-month,DSL,Mailed check
0285-INHLN,2,monitor,27,54.75,Month-to-month,DSL,Credit card (automatic)
9046-JBFWA,2,monitor,27,19.15,Month-to-month,No,Mailed check
1666-JZPZT,2,monitor,27,49,Month-to-month,DSL,Mailed check
2851-MMUTZ,2,monitor,27,56.15,Month-to-month,DSL,Mailed check
7336-RLLRH,2,monitor,27,80.85,One year,DSL,Mailed check
5447-VYTKW,2,monitor,27,53.45,Month-to-month,DSL,Mailed check
1544-JJMYL,2,monitor,27,69.35,One year,DSL,Credit card (automatic)
4353-HYOJD,2,monitor,27,49.85,Month-to-month,DSL,Mailed check
0068-FIGTF,2,monitor,27,78.2,One year,DSL,Mailed check
4011-ARPHK,2,monitor,27,50.35,Month-to-month,DSL,Mailed check
7956-XQWGU,2,monitor,27,19.4,Month-to-month,No,Credit card (automatic)
4945-RVMTE,2,monitor,28,59.55,Month-to-month,DSL,Bank transfer (automatic)
0536-BGFMZ,2,monitor,28,20.5,Month-to-month,No,Mailed check
2155-AMQRX,2,monitor,28,54.9,Month-to-month,DSL,Credit card (automatic)
5155-AZQPB,2,monitor,28,49.9,Month-to-month,DSL,Mailed check
3275-RHRNE,2,monitor,28,60,One year,DSL,Credit card (automatic)
4203-QGNZA,2,monitor,28,20.25,Month-to-month,No,Mailed check
6506-EYCNH,2,monitor,28,19.55,Month-to-month,No,Bank transfer (automatic)
9972-NKTFD,2,monitor,28,54.65,Month-to-month,DSL,Bank transfer (automatic)
7622-NXQZR,2,monitor,28,30.1,Month-to-month,DSL,Credit card (automatic)
5753-QQWPW,2,monitor,28,59.9,One year,DSL,Electronic check
8799-OXZMD,2,monitor,28,29.75,Month-to-month,DSL,Mailed check
7746-AWNQW,2,monitor,28,35.75,Month-to-month,DSL,Mailed check
3016-KSVCP,2,monitor,29,33.75,Month-to-month,DSL,Mailed check
4709-LKHYG,2,monitor,29,20,One year,No,Electronic check
5832-TRLPB,2,monitor,29,75.35,One year,DSL,Bank transfer (automatic)
8681-ICONS,2,monitor,29,20.65,Month-to-month,No,Mailed check
1498-DQNRX,2,monitor,29,19.85,Month-to-month,No,Mailed check
6303-KFWSL,2,monitor,29,55.25,One year,DSL,Electronic check
2065-MMKGR,2,monitor,29,71,One year,DSL,Credit card (automatic)
0655-YDGFJ,2,monitor,29,48.95,Month-to-month,DSL,Bank transfer (automatic)
9142-XMYJH,2,monitor,29,19.35,Month-to-month,No,Credit card (automatic)
8680-CGLTP,2,monitor,29,58.75,One year,DSL,Electronic check
4903-CNOZC,2,monitor,29,70.9,One year,DSL,Credit card (automatic)
8690-UPCZI,2,monitor,29,69.05,One year,DSL,Bank transfer (automatic)
0076-LVEPS,2,monitor,29,45,Month-to-month,DSL,Mailed check
6865-JZNKO,2,monitor,30,55.3,Month-to-month,DSL,Bank transfer (automatic)
6440-DKQGE,2,monitor,30,64.5,One year,DSL,Credit card (automatic)
3794-NFNCH,2,monitor,30,50,Month-to-month,DSL,Mailed check
3280-MRDOF,2,monitor,30,69.1,Two year,DSL,Credit card (automatic)
9554-DFKIC,2,monitor,30,54.45,Month-to-month,DSL,Bank transfer (automatic)
1137-DGOWI,2,monitor,30,70.25,One year,DSL,Bank transfer (automatic)
4973-RLZVI,2,monitor,30,74.65,One year,DSL,Credit card (automatic)
1376-HHBDV,2,monitor,30,48.8,Month-to-month,DSL,Mailed check
8080-POTJR,2,monitor,30,79.3,One year,DSL,Credit card (automatic)
2925-MXLSX,2,monitor,30,68.95,One year,DSL,Credit card (automatic)
6341-JVQGF,2,monitor,31,81.15,One year,DSL,Mailed check
7954-MLBUN,2,monitor,31,99.45,Two year,Fiber optic,Bank transfer (automatic)
6663-JOCQO,2,monitor,31,75.25,One year,DSL,Bank transfer (automatic)
8734-FNWVH,2,monitor,31,59.7,Month-to-month,DSL,Bank transfer (automatic)
3606-SBKRY,2,monitor,31,50.05,One year,DSL,Electronic check
7869-ZYDST,2,monitor,31,59.05,Month-to-month,DSL,Credit card (automatic)
4508-OEBEY,2,monitor,31,75.5,One year,DSL,Credit card (automatic)
6933-VLYFX,2,monitor,31,59.95,One year,DSL,Electronic check
4023-RTIQM,2,monitor,31,50.4,One year,DSL,Credit card (automatic)
2486-WYVVE,2,monitor,31,79.3,One year,DSL,Mailed check
5012-YSPJJ,2,monitor,31,54.35,Month-to-month,DSL,Mailed check
4926-UMJZD,2,monitor,31,49.2,Month-to-month,DSL,Mailed check
6447-GORXK,2,monitor,31,25,Month-to-month,DSL,Credit card (automatic)
3282-ZISZV,2,monitor,32,83.7,One year,DSL,Credit card (automatic)
7595-EHCDL,2,monitor,32,50.6,Month-to-month,DSL,Credit card (automatic)
2171-UDMFD,2,monitor,32,19.45,Month-to-month,No,Credit card (automatic)
0484-FFVBJ,2,monitor,32,64.85,One year,DSL,Bank transfer (automatic)
6878-GGDWG,2,monitor,32,19.4,Month-to-month,No,Bank transfer (automatic)
5917-RYRMG,2,monitor,32,19.8,One year,No,Credit card (automatic)
5985-TBABQ,2,monitor,32,74.75,One year,DSL,Mailed check
6478-HRRCZ,2,monitor,32,70.5,One year,DSL,Mailed check
9730-DRTMJ,2,monitor,32,72.8,One year,DSL,Credit card (automatic)
3043-SUDUA,2,monitor,32,19.9,Month-to-month,No,Bank transfer (automatic)
5524-KHNJP,2,monitor,33,74.75,One year,DSL,Credit card (automatic)
9342-VNIMQ,2,monitor,33,54.65,Month-to-month,DSL,Bank transfer (automatic)
0454-OKRCT,2,monitor,33,80.6,Two year,Fiber optic,Bank transfer (automatic)
8383-SGHJU,2,monitor,33,59.4,One year,DSL,Electronic check
1153-GNOLC,2,monitor,33,39.1,One year,DSL,Electronic check
5442-BXVND,2,monitor,33,24.25,Month-to-month,No,Bank transfer (automatic)
1518-OMDIK,2,monitor,33,44.55,Month-to-month,DSL,Credit card (automatic)
6551-ZCOTS,2,monitor,33,24.9,One year,No,Bank transfer (automatic)
6147-CBCRA,2,monitor,33,20.05,Month-to-month,No,Mailed check
1730-VFMWO,2,monitor,34,50.2,Month-to-month,DSL,Bank transfer (automatic)
3374-PZLXD,2,monitor,34,19.7,Month-to-month,No,Mailed check
6016-LVTJQ,2,monitor,34,20.65,Month-to-month,No,Mailed check
9086-YJYXS,2,monitor,34,77.2,One year,DSL,Bank transfer (automatic)
4086-ATNFV,2,monitor,34,60.8,One year,DSL,Mailed check
4803-LBYPN,2,monitor,34,20.8,Month-to-month,No,Mailed check
9695-IDRZR,2,monitor,34,116.15,Two year,Fiber optic,Credit card (automatic)
9860-LISIZ,2,monitor,34,20.35,Month-to-month,No,Mailed check
6345-HOVES,2,monitor,34,25.05,Month-to-month,DSL,Bank transfer (automatic)
3229-USWAR,2,monitor,34,79.95,One year,DSL,Bank transfer (automatic)
0020-JDNXP,2,monitor,34,61.25,One year,DSL,Mailed check
4808-YNLEU,2,monitor,35,62.15,One year,DSL,Bank transfer (automatic)
3727-OWVYD,2,monitor,35,61.2,One year,DSL,Mailed check
9046-DQMTP,2,monitor,35,20.75,Month-to-month,No,Bank transfer (automatic)
4422-QVIJA,2,monitor,35,50.15,Month-to-month,DSL,Mailed check
2577-GVSIL,2,monitor,35,73.45,One year,DSL,Bank transfer (automatic)
4826-DXMUP,2,monitor,35,72.1,One year,DSL,Mailed check
5186-PEIZU,2,monitor,35,19.25,Month-to-month,No,Bank transfer (automatic)
9786-IJYDL,2,monitor,35,113.2,Two year,Fiber optic,Mailed check
4504-YOULA,2,monitor,35,59.45,Month-to-month,DSL,Credit card (automatic)
2878-DHMIN,2,monitor,35,19.9,One year,No,Electronic check
2946-KIQSP,2,monitor,35,33.45,Month-to-month,DSL,Mailed check
4730-AWNAU,2,monitor,36,60.7,One year,DSL,Credit card (automatic)
1866-NXPSP,2,monitor,36,75.55,One year,DSL,Mailed check
1621-YNCJH,2,monitor,36,106.05,Two year,Fiber optic,Credit card (automatic)
6784-XYJAE,2,monitor,36,55.8,One year,DSL,Electronic check
7951-VRDVK,2,monitor,36,85.85,One year,DSL,Bank transfer (automatic)
7168-HDQHG,2,monitor,36,19.2,Month-to-month,No,Bank transfer (automatic)
3340-QBBFM,2,monitor,36,54.1,One year,DSL,Credit card (automatic)
0930-EHUZA,2,monitor,36,76.35,One year,DSL,Mailed check
4072-IPYLT,2,monitor,36,51.05,Month-to-month,DSL,Credit card (automatic)
2908-ZTPNF,2,monitor,36,34.85,Month-to-month,DSL,Bank transfer (automatic)
5975-BAICR,2,monitor,36,63.7,One year,DSL,Credit card (automatic)
0725-CXOTM,2,monitor,36,89.65,One year,DSL,Credit card (automatic)
4186-ZBUEW,2,monitor,36,70.7,One year,DSL,Mailed check
2085-JVGAD,2,monitor,37,20.35,Month-to-month,No,Bank transfer (automatic)
7041-TXQJH,2,monitor,37,40.2,Month-to-month,DSL,Credit card (automatic)
5151-HQRDG,2,monitor,37,55.05,Month-to-month,DSL,Mailed check
7032-LMBHI,2,monitor,37,64.65,One year,DSL,Bank transfer (automatic)
9938-ZREHM,2,monitor,37,72.1,One year,DSL,Mailed check
9592-ERDKV,2,monitor,37,79.25,One year,DSL,Mailed check
6509-TSGWN,2,monitor,37,26.45,Month-to-month,No,Mailed check
5995-WWKKG,2,monitor,37,19.8,One year,No,Electronic check
3026-ATZYV,2,monitor,37,75.1,One year,DSL,Bank transfer (automatic)
6252-DFGTK,2,monitor,37,68.1,One year,DSL,Credit card (automatic)
4750-UKWJK,2,monitor,37,19.6,One year,No,Mailed check
2911-IJORQ,2,monitor,37,90.6,One year,DSL,Bank transfer (automatic)
5161-XEUVX,2,monitor,37,94.3,Two year,Fiber optic,Mailed check
2061-VVFST,2,monitor,37,19.5,Month-to-month,No,Bank transfer (automatic)
6967-PEJLL,2,monitor,37,40.2,One year,DSL,Electronic check
1154-HYWWO,2,monitor,38,70.6,One year,DSL,Mailed check
8461-EFQYM,2,monitor,38,24.25,One year,No,Electronic check
6992-TKNYO,2,monitor,38,69,One year,DSL,Credit card (automatic)
9184-GALIL,2,monitor,38,20.45,Month-to-month,No,Mailed check
5032-USPKF,2,monitor,38,84.1,One year,DSL,Bank transfer (automatic)
4000-VGMQP,2,monitor,38,78.95,One year,DSL,Credit card (automatic)
8465-SBRXP,2,monitor,38,94.9,Two year,Fiber optic,Bank transfer (automatic)
2483-XSSMZ,2,monitor,39,47.85,One year,DSL,Electronic check
1452-XRSJV,2,monitor,39,51.05,Month-to-month,DSL,Credit card (automatic)
7641-TQFHN,2,monitor,39,100.55,Two year,Fiber optic,Mailed check
4328-VUFWD,2,monitor,39,59.3,One year,DSL,Electronic check
8350-NYMVI,2,monitor,39,41.1,Month-to-month,DSL,Bank transfer (automatic)
6047-SUHPR,2,monitor,39,59.8,One year,DSL,Electronic check
8033-ATFAS,2,monitor,39,59.85,Month-to-month,DSL,Mailed check
4450-YOOHP,2,monitor,39,50.65,Month-to-month,DSL,Credit card (automatic)
8017-UVSZU,2,monitor,40,56.6,Month-to-month,DSL,Credit card (automatic)
7013-PSXHK,2,monitor,40,80.75,One year,DSL,Mailed check
3391-JSQEW,2,monitor,40,50.15,Month-to-month,DSL,Mailed check
1222-KJNZD,2,monitor,40,20.4,Month-to-month,No,Bank transfer (automatic)
0635-WKOLD,2,monitor,40,70.75,One year,DSL,Credit card (automatic)
0384-LPITE,2,monitor,40,62.05,One year,DSL,Credit card (automatic)
2292-XQWSV,2,monitor,40,60.3,One year,DSL,Mailed check
2150-WLKUW,2,monitor,40,63.9,One year,DSL,Bank transfer (automatic)
7576-ASEJU,2,monitor,41,74.7,One year,DSL,Credit card (automatic)
0303-UNCIP,2,monitor,41,65,One year,DSL,Mailed check
5229-DTFYB,2,monitor,41,98.8,Two year,Fiber optic,Bank transfer (automatic)
1338-CECEE,2,monitor,41,68.5,One year,DSL,Bank transfer (automatic)
9720-JJJOR,2,monitor,41,60.3,One year,DSL,Bank transfer (automatic)
9917-KWRBE,2,monitor,41,78.35,One year,DSL,Credit card (automatic)
6061-GWWAV,2,monitor,41,70.2,One year,DSL,Mailed check
0484-JPBRU,2,monitor,41,25.25,Month-to-month,No,Bank transfer (automatic)
8879-ZKJOF,2,monitor,41,79.85,One year,DSL,Bank transfer (automatic)
5693-PIPCS,2,monitor,41,99.65,Two year,Fiber optic,Credit card (automatic)
8190-ZTQFB,2,monitor,41,51.35,One year,DSL,Electronic check
2887-JPYLU,2,monitor,41,45.2,Month-to-month,DSL,Bank transfer (automatic)
2516-XSJKX,2,monitor,41,78.45,Two year,DSL,Electronic check
3413-CSSTH,2,monitor,41,55.7,Month-to-month,DSL,Bank transfer (automatic)
1708-PBBOA,2,monitor,42,54.75,One year,DSL,Electronic check
4522-XRWWI,2,monitor,42,80.45,One year,DSL,Credit card (automatic)
1839-UMACK,2,monitor,42,25.05,One year,No,Electronic check
4445-KWOKW,2,monitor,42,60.15,One year,DSL,Bank transfer (automatic)
1552-TKMXS,2,monitor,42,20.35,Month-to-month,No,Credit card (automatic)
0815-MFZGM,2,monitor,42,99,Two year,Fiber optic,Credit card (automatic)
1097-FSPVW,2,monitor,42,54.55,Month-to-month,DSL,Credit card (automatic)
2541-YGPKE,2,monitor,42,63.7,One year,DSL,Credit card (automatic)
6752-APNJL,2,monitor,42,54.5,Month-to-month,DSL,Mailed check
8644-XYTSV,2,monitor,42,40.15,Month-to-month,DSL,Bank transfer (automatic)
4530-NDRKU,2,monitor,42,19.05,One year,No,Electronic check
6743-HHQPF,2,monitor,42,25.1,Month-to-month,DSL,Credit card (automatic)
5236-XMZJY,2,monitor,42,59.65,Month-to-month,DSL,Bank transfer (automatic)
8738-JOKAR,2,monitor,42,67.7,One year,DSL,Mailed check
7100-FQPRV,2,monitor,43,71.9,One year,DSL,Credit card (automatic)
1557-EMYVT,2,monitor,43,115.05,Two year,Fiber optic,Credit card (automatic)
7156-MXBJE,2,monitor,43,85.1,One year,DSL,Credit card (automatic)
6718-BDGHG,2,monitor,43,64.85,One year,DSL,Bank transfer (automatic)
1247-QBVSH,2,monitor,43,50.2,Month-to-month,DSL,Mailed check
9619-GSATL,2,monitor,43,55.45,One year,DSL,Electronic check
3441-CGZJH,2,monitor,43,60.4,One year,DSL,Credit card (automatic)
3397-AVTKU,2,monitor,43,60,Two year,DSL,Electronic check
9027-TMATR,2,monitor,43,78.8,Two year,DSL,Electronic check
7233-IOQNP,2,monitor,43,34,Month-to-month,DSL,Bank transfer (automatic)
1395-OFUWC,2,monitor,43,29.3,Month-to-month,DSL,Credit card (automatic)
9388-ZEYVT,2,monitor,43,44.15,One year,DSL,Electronic check
6281-FKEWS,2,monitor,44,49.05,One year,DSL,Electronic check
2348-KCJLT,2,monitor,44,61.5,One year,DSL,Mailed check
3378-AJRAO,2,monitor,44,24.85,One year,No,Electronic check
1051-EQPZR,2,monitor,44,19.6,Month-to-month,No,Mailed check
6738-ISCBM,2,monitor,44,54,One year,DSL,Electronic check
0440-QEXBZ,2,monitor,44,50.15,Month-to-month,DSL,Mailed check
4385-ZKVNW,2,monitor,44,54.9,Month-to-month,DSL,Bank transfer (automatic)
0723-FDLAY,2,monitor,44,85.25,One year,DSL,Bank transfer (automatic)
1121-QSIVB,2,monitor,44,77.55,One year,DSL,Mailed check
6981-TDRFT,2,monitor,44,54.3,One year,DSL,Electronic check
2578-JQPHZ,2,monitor,44,100.1,Two year,Fiber optic,Bank transfer (automatic)
6103-QCKFX,2,monitor,44,56.25,Month-to-month,DSL,Bank transfer (automatic)
7838-LAZFO,2,monitor,45,78.8,One year,DSL,Bank transfer (automatic)
4713-ZBURT,2,monitor,45,99.7,Two year,Fiber optic,Bank transfer (automatic)
2959-EEXWB,2,monitor,45,50.9,Month-to-month,DSL,Bank transfer (automatic)
0607-MVMGC,2,monitor,45,78.75,One year,DSL,Credit card (automatic)
6568-POCUI,2,monitor,45,95.2,Two year,Fiber optic,Credit card (automatic)
5382-TEMLV,2,monitor,45,50.9,Month-to-month,DSL,Bank transfer (automatic)
7446-KQISO,2,monitor,45,109.75,Two year,Fiber optic,Bank transfer (automatic)
4584-LBNMK,2,monitor,45,24.7,One year,No,Credit card (automatic)
9670-BPNXF,2,monitor,45,62.55,One year,DSL,Credit card (automatic)
7779-ORAEL,2,monitor,45,75.15,Two year,DSL,Credit card (automatic)
7605-SNLQG,2,monitor,45,50.25,Month-to-month,DSL,Credit card (automatic)
5512-IDZEI,2,monitor,46,24.9,One year,No,Electronic check
9931-KGHOA,2,monitor,46,55,Month-to-month,DSL,Bank transfer (automatic)
2361-UPSND,2,monitor,46,70.6,One year,DSL,Mailed check
0842-IWYCP,2,monitor,46,44.95,Month-to-month,DSL,Bank transfer (automatic)
3450-WXOAT,2,monitor,46,45.2,Month-to-month,DSL,Credit card (automatic)
8741-LQOBK,2,monitor,46,35.05,Month-to-month,DSL,Bank transfer (automatic)
0345-XMMUG,2,monitor,46,108.9,Two year,Fiber optic,Credit card (automatic)
6603-QWSPR,2,monitor,46,104.4,Two year,Fiber optic,Bank transfer (automatic)
0572-ZJKLT,2,monitor,46,99.65,Two year,Fiber optic,Mailed check
5499-ECUTN,2,monitor,47,66.05,One year,DSL,Credit card (automatic)
3547-LQRIK,2,monitor,47,26.9,One year,No,Electronic check
0840-DCNZE,2,monitor,47,86.95,One year,DSL,Bank transfer (automatic)
8313-AFGBW,2,monitor,47,73.6,Two year,DSL,Electronic check
9633-DENPU,2,monitor,47,58.6,Month-to-month,DSL,Bank transfer (automatic)
1929-ZCBHE,2,monitor,47,40.3,One year,DSL,Electronic check
4091-TVOCN,2,monitor,48,78.75,One year,DSL,Credit card (automatic)
6583-SZVGP,2,monitor,48,108.1,Two year,Fiber optic,Bank transfer (automatic)
1661-CZBAU,2,monitor,48,70.95,One year,DSL,Bank transfer (automatic)
9432-RUVSL,2,monitor,48,102.5,Two year,Fiber optic,Credit card (automatic)
5327-CNLUQ,2,monitor,48,96.9,Two year,Fiber optic,Bank transfer (automatic)
6661-EIPZC,2,monitor,48,29.5,Month-to-month,DSL,Credit card (automatic)
8550-XSXUQ,2,monitor,48,70.55,One year,DSL,Credit card (automatic)
0253-ZTEOB,2,monitor,48,79.65,Two year,DSL,Electronic check
0667-NSRGI,2,monitor,48,69.55,One year,DSL,Mailed check
6941-KXRRV,2,monitor,48,58.95,One year,DSL,Bank transfer (automatic)
5825-XJOCM,2,monitor,48,64.4,One year,DSL,Bank transfer (automatic)
9758-MFWGD,2,monitor,48,29.9,One year,DSL,Bank transfer (automatic)
8099-MZPUJ,2,monitor,48,111.8,Two year,Fiber optic,Credit card (automatic)
7445-WMRBW,2,monitor,48,73.85,One year,DSL,Bank transfer (automatic)
8822-KNBHV,2,monitor,48,83.45,One year,DSL,Credit card (automatic)
4342-HFXWS,2,monitor,48,69.7,One year,DSL,Bank transfer (automatic)
0657-DOGUM,2,monitor,48,60.6,One year,DSL,Bank transfer (automatic)
9013-AQORL,2,monitor,48,45.55,Month-to-month,DSL,Credit card (automatic)
6322-HRPFA,2,monitor,49,59.6,Month-to-month,DSL,Credit card (automatic)
5533-RJFTJ,2,monitor,49,30.2,Month-to-month,DSL,Bank transfer (automatic)
5724-BIDBU,2,monitor,49,55.35,One year,DSL,Electronic check
3126-WQMGH,2,monitor,49,52.15,Month-to-month,DSL,Credit card (automatic)
1530-ZTDOZ,2,monitor,49,40.65,Month-to-month,DSL,Bank transfer (automatic)
5278-PNYOX,2,monitor,49,100.65,Two year,Fiber optic,Credit card (automatic)
5855-EIBDE,2,monitor,49,106.65,Two year,Fiber optic,Credit card (automatic)
5204-HMGYF,2,monitor,49,87.2,One year,DSL,Mailed check
8050-DVOJX,2,monitor,49,81.35,Two year,DSL,Credit card (automatic)
7696-AMHOD,2,monitor,49,78,One year,DSL,Credit card (automatic)
3696-XRIEN,2,monitor,50,82.5,One year,DSL,Credit card (automatic)
4137-JOPHL,2,monitor,50,89.7,Two year,Fiber optic,Bank transfer (automatic)
1136-XGEQU,2,monitor,50,84.15,One year,DSL,Credit card (automatic)
4304-XUMGI,2,monitor,50,75.15,Two year,DSL,Bank transfer (automatic)
5120-ZBLAI,2,monitor,50,75.7,One year,DSL,Bank transfer (automatic)
8582-KRHPJ,2,monitor,50,35,Month-to-month,DSL,Mailed check
4366-CTOUZ,2,monitor,50,100.2,Two year,Fiber optic,Mailed check
5073-RZGBK,2,monitor,50,80.05,One year,DSL,Bank transfer (automatic)
3021-VLNRJ,2,monitor,50,70.8,One year,DSL,Credit card (automatic)
9074-KGVOX,2,monitor,50,39.45,Month-to-month,DSL,Credit card (automatic)
9174-IHETN,2,monitor,50,70.35,Two year,Fiber optic,Credit card (automatic)
7876-AEHIG,2,monitor,51,60.15,One year,DSL,Bank transfer (automatic)
0743-HNPFG,2,monitor,51,69.75,One year,DSL,Credit card (automatic)
2239-CGBUZ,2,monitor,51,60.5,One year,DSL,Bank transfer (automatic)
7833-PKIHD,2,monitor,51,76.4,One year,DSL,Bank transfer (automatic)
4139-JPIAM,2,monitor,51,44.45,Month-to-month,DSL,Credit card (automatic)
6814-ZPWFQ,2,monitor,51,25,One year,No,Bank transfer (automatic)
4626-OZDTJ,2,monitor,51,78.65,One year,DSL,Credit card (automatic)
6194-HBGQN,2,monitor,51,81.15,One year,DSL,Credit card (automatic)
0743-HRVFF,2,monitor,51,56.15,One year,DSL,Electronic check
7740-KKCXF,2,monitor,51,30.05,Month-to-month,DSL,Credit card (automatic)
4163-HFTUK,2,monitor,51,19.1,One year,No,Electronic check
0731-EBJQB,2,monitor,52,20.4,One year,No,Electronic check
0810-DHDBD,2,monitor,52,74,One year,DSL,Credit card (automatic)
6900-RBKER,2,monitor,52,89.45,Two year,Fiber optic,Credit card (automatic)
8777-PVYGU,2,monitor,52,64.3,One year,DSL,Mailed check
2546-KZAAT,2,monitor,52,75.4,One year,DSL,Mailed check
0254-KCJGT,2,monitor,52,81.4,One year,DSL,Credit card (automatic)
6075-QMNRR,2,monitor,52,49.75,Month-to-month,DSL,Bank transfer (automatic)
1455-HFBXA,2,monitor,52,91.6,Two year,Fiber optic,Credit card (automatic)
8668-KNZTI,2,monitor,52,53.75,One year,DSL,Electronic check
1960-UOTYM,2,monitor,52,79.2,Two year,DSL,Electronic check
4598-ZADCK,2,monitor,53,53.6,One year,DSL,Electronic check
0320-DWVTU,2,monitor,53,99.5,Two year,Fiber optic,Mailed check
0661-KBKPA,2,monitor,53,78.75,One year,DSL,Mailed check
9640-ZSLDC,2,monitor,53,60.6,One year,DSL,Credit card (automatic)
5307-UVGNB,2,monitor,53,48.7,Month-to-month,DSL,Bank transfer (automatic)
3160-TYXLT,2,monitor,53,46.3,Month-to-month,DSL,Bank transfer (automatic)
7247-XOZPB,2,monitor,53,77.4,One year,DSL,Bank transfer (automatic)
4632-XJMEX,2,monitor,53,62.85,One year,DSL,Credit card (automatic)
2927-CVULT,2,monitor,53,104.05,Two year,Fiber optic,Bank transfer (automatic)
1177-XZBJL,2,monitor,53,64.15,One year,DSL,Bank transfer (automatic)
7619-PLRLP,2,monitor,53,74.1,One year,DSL,Bank transfer (automatic)
2651-ZCBXV,2,monitor,54,108,Two year,Fiber optic,Credit card (automatic)
6035-RIIOM,2,monitor,54,97.2,Two year,Fiber optic,Bank transfer (automatic)
6950-TWMYB,2,monitor,54,79.95,Two year,Fiber optic,Bank transfer (automatic)
6838-YAUVY,2,monitor,54,95.1,Two year,Fiber optic,Bank transfer (automatic)
8144-DGHXP,2,monitor,54,80.6,Two year,DSL,Electronic check
6974-DAFLI,2,monitor,55,19.7,One year,No,Electronic check
1303-SRDOK,2,monitor,55,69.05,Two year,Fiber optic,Credit card (automatic)
1552-CZCLL,2,monitor,55,20,Month-to-month,No,Credit card (automatic)
1925-LFCZZ,2,monitor,55,50.05,One year,DSL,Bank transfer (automatic)
4877-TSOFF,2,monitor,55,75.75,One year,DSL,Bank transfer (automatic)
5906-DVAPM,2,monitor,55,75,One year,DSL,Credit card (automatic)
0334-ZFJSR,2,monitor,55,66.05,One year,DSL,Credit card (automatic)
2338-BQEZT,2,monitor,55,50.55,Month-to-month,DSL,Credit card (automatic)
5791-KAJFD,2,monitor,56,68.75,One year,DSL,Bank transfer (automatic)
4849-PYRLQ,2,monitor,56,73.25,Two year,DSL,Bank transfer (automatic)
1206-EHBDD,2,monitor,56,80.3,Two year,Fiber optic,Bank transfer (automatic)
6766-HFKLA,2,monitor,56,103.2,Two year,Fiber optic,Bank transfer (automatic)
5127-BZENZ,2,monitor,56,65.2,One year,DSL,Bank transfer (automatic)
8958-JPTRR,2,monitor,56,24.3,One year,No,Electronic check
7622-FWGEW,2,monitor,56,85.65,Two year,DSL,Bank transfer (automatic)
4295-YURET,2,monitor,56,72.6,Two year,DSL,Credit card (automatic)
3489-VSFRD,2,monitor,56,60.25,One year,DSL,Credit card (automatic)
4872-VXRIL,2,monitor,56,64.65,One year,DSL,Bank transfer (automatic)
4369-NYSCF,2,monitor,56,75.75,One year,DSL,Bank transfer (automatic)
1741-WTPON,2,monitor,56,115.85,Two year,Fiber optic,Mailed check
6128-DAFVY,2,monitor,56,44.85,Month-to-month,DSL,Credit card (automatic)
4114-QMKVN,2,monitor,56,68.75,One year,DSL,Bank transfer (automatic)
0699-NDKJM,2,monitor,57,58.75,Month-to-month,DSL,Bank transfer (automatic)
9297-FVVDH,2,monitor,57,84.5,Two year,DSL,Electronic check
5414-OFQCB,2,monitor,57,90.45,Two year,Fiber optic,Credit card (automatic)
6463-MVYRY,2,monitor,57,69.85,Two year,DSL,Bank transfer (automatic)
2550-AEVRU,2,monitor,57,53.45,One year,DSL,Electronic check
3621-CHYVB,2,monitor,57,49.9,Month-to-month,DSL,Bank transfer (automatic)
3585-YNADK,2,monitor,57,74.6,One year,DSL,Bank transfer (automatic)
3259-KNMRR,2,monitor,57,79.75,Two year,DSL,Bank transfer (automatic)
7670-ZBPOQ,2,monitor,58,61.05,One year,DSL,Bank transfer (automatic)
0788-DXBFY,2,monitor,58,19.55,One year,No,Electronic check
3259-QMXUN,2,monitor,58,86.1,Two year,DSL,Electronic check
8819-ZBYNA,2,monitor,58,109.1,Two year,Fiber optic,Credit card (automatic)
5641-DMBFJ,2,monitor,58,84.3,Two year,DSL,Electronic check
6848-YLDFR,2,monitor,58,75.2,One year,DSL,Credit card (automatic)
5887-IKKYO,2,monitor,58,94.35,Two year,Fiber optic,Bank transfer (automatic)
4057-FKCZK,2,monitor,58,82.5,Two year,Fiber optic,Bank transfer (automatic)
8331-ZXFOE,2,monitor,58,71.1,One year,DSL,Credit card (automatic)
8224-UAXBZ,2,monitor,58,45.35,One year,DSL,Electronic check
6103-LIANB,2,monitor,59,99.5,Two year,Fiber optic,Credit card (automatic)
2581-VKIRT,2,monitor,59,65.5,One year,DSL,Mailed check
1265-HVPZB,2,monitor,59,66.4,One year,DSL,Credit card (automatic)
1498-NHTLT,2,monitor,59,86.75,Two year,DSL,Electronic check
8788-DOXSU,2,monitor,59,61.35,One year,DSL,Bank transfer (automatic)
3308-JSGML,2,monitor,59,64.05,Two year,DSL,Credit card (automatic)
8591-TKMZH,2,monitor,59,111.1,Two year,Fiber optic,Mailed check
4560-WQAQW,2,monitor,59,68.7,One year,DSL,Bank transfer (automatic)
8097-OMULG,2,monitor,59,76.75,One year,DSL,Credit card (automatic)
2890-WFBHU,2,monitor,59,79.85,One year,DSL,Credit card (automatic)
0872-CASZJ,2,monitor,59,69.1,One year,DSL,Mailed check
5090-EMGTC,2,monitor,59,100.05,Two year,Fiber optic,Mailed check
3161-ONRWK,2,monitor,60,65.85,One year,DSL,Bank transfer (automatic)
2054-PJOCK,2,monitor,60,80.55,One year,DSL,Credit card (automatic)
6901-GOGZG,2,monitor,60,84.95,Two year,DSL,Electronic check
4611-ANLQC,2,monitor,60,50.05,One year,DSL,Electronic check
1699-UOTXU,2,monitor,60,61.4,Two year,DSL,Electronic check
3882-IYOIJ,2,monitor,60,115.25,Two year,Fiber optic,Credit card (automatic)
3716-LRGXK,2,monitor,60,101.15,Two year,Fiber optic,Credit card (automatic)
7581-EBBOU,2,monitor,60,70.15,One year,DSL,Credit card (automatic)
5872-OEQNH,2,monitor,60,44.45,One year,DSL,Electronic check
8782-NUUOL,2,monitor,60,79,One year,DSL,Mailed check
9330-VOFSZ,2,monitor,60,110.8,Two year,Fiber optic,Credit card (automatic)
1095-WGNGG,2,monitor,61,101.05,Two year,Fiber optic,Bank transfer (automatic)
7017-VFHAY,2,monitor,61,115.1,Two year,Fiber optic,Credit card (automatic)
2863-IMQDR,2,monitor,61,89.65,Two year,DSL,Electronic check
2683-JXWQQ,2,monitor,61,33.6,Month-to-month,DSL,Bank transfer (automatic)
7711-YIJWC,2,monitor,61,84.9,One year,DSL,Bank transfer (automatic)
5998-DZLYR,2,monitor,61,94.35,Two year,Fiber optic,Bank transfer (automatic)
9073-ZZIAY,2,monitor,62,86.1,Two year,DSL,Electronic check
8184-WMOFI,2,monitor,62,71.4,One year,DSL,Credit card (automatic)
8480-PPONV,2,monitor,62,115.55,Two year,Fiber optic,Bank transfer (automatic)
7182-OVLBJ,2,monitor,62,101.15,Two year,Fiber optic,Bank transfer (automatic)
3658-QQJYD,2,monitor,62,74.3,One year,DSL,Credit card (automatic)
0181-RITDD,2,monitor,62,108.15,Two year,Fiber optic,Mailed check
0654-PQKDW,2,monitor,62,70.75,One year,DSL,Bank transfer (automatic)
4683-WYDOU,2,monitor,62,107.6,Two year,Fiber optic,Bank transfer (automatic)
1832-PEUTS,2,monitor,62,89.1,Two year,Fiber optic,Credit card (automatic)
8085-MSNLK,2,monitor,62,113.95,Two year,Fiber optic,Mailed check
6120-RJKLU,2,monitor,62,79.95,Two year,DSL,Credit card (automatic)
6691-CCIHA,2,monitor,62,84.95,Two year,DSL,Electronic check
3552-CTCYF,2,monitor,63,104.8,Two year,Fiber optic,Bank transfer (automatic)
9199-PWQVC,2,monitor,63,79.7,One year,DSL,Credit card (automatic)
4159-NAAIX,2,monitor,63,97.45,Two year,Fiber optic,Bank transfer (automatic)
9968-FFVVH,2,monitor,63,68.8,One year,DSL,Bank transfer (automatic)
5193-QLVZB,2,monitor,63,104.75,Two year,Fiber optic,Bank transfer (automatic)
0014-BMAQU,2,monitor,63,84.65,Two year,Fiber optic,Credit card (automatic)
6685-GBWJZ,2,monitor,63,70.8,One year,DSL,Credit card (automatic)
4778-IZARL,2,monitor,63,110.1,Two year,Fiber optic,Credit card (automatic)
5574-NXZIU,2,monitor,63,109.2,Two year,Fiber optic,Credit card (automatic)
6211-WWLTF,2,monitor,63,99.7,Two year,Fiber optic,Credit card (automatic)
1088-CNNKB,2,monitor,63,80,One year,DSL,Credit card (automatic)
3134-DSHVC,2,monitor,63,98,Two year,Fiber optic,Credit card (automatic)
0230-UBYPQ,2,monitor,63,36.1,One year,DSL,Bank transfer (automatic)
9488-FYQAU,2,monitor,63,109.25,Two year,Fiber optic,Bank transfer (automatic)
9777-IQHWP,2,monitor,64,93.4,Two year,Fiber optic,Bank transfer (automatic)
7690-KPNCU,2,monitor,64,73.05,One year,DSL,Credit card (automatic)
9570-KYEUA,2,monitor,64,99.25,Two year,Fiber optic,Credit card (automatic)
9405-GPBBG,2,monitor,64,110.5,Two year,Fiber optic,Credit card (automatic)
8869-LIHMK,2,monitor,64,115.1,Two year,Fiber optic,Bank transfer (automatic)
9055-MOJJJ,2,monitor,64,65.8,One year,DSL,Mailed check
3612-YUNGG,2,monitor,64,109.2,Two year,Fiber optic,Credit card (automatic)
2434-EEVDB,2,monitor,64,94.6,Two year,Fiber optic,Credit card (automatic)
2789-CZANW,2,monitor,64,110.3,Two year,Fiber optic,Bank transfer (automatic)
0868-VJRDR,2,monitor,64,104.05,Two year,Fiber optic,Credit card (automatic)
4049-ZPALD,2,monitor,64,99,Two year,Fiber optic,Bank transfer (automatic)
9289-LBQVU,2,monitor,64,70.15,One year,DSL,Mailed check
4942-VZZOM,2,monitor,64,66.15,One year,DSL,Credit card (automatic)
2324-EFHVG,2,monitor,64,104.4,Two year,Fiber optic,Bank transfer (automatic)
9586-JGQKH,2,monitor,64,105.4,Two year,Fiber optic,Bank transfer (automatic)
5716-EZXZN,2,monitor,65,99.05,Two year,Fiber optic,Credit card (automatic)
1830-GGFNM,2,monitor,65,94.55,Two year,Fiber optic,Credit card (automatic)
3096-YXENJ,2,monitor,65,107.65,Two year,Fiber optic,Bank transfer (automatic)
0960-HUWBM,2,monitor,65,104.1,Two year,Fiber optic,Bank transfer (automatic)
8498-XXGWA,2,monitor,65,55.15,Month-to-month,DSL,Mailed check
9253-VIFJQ,2,monitor,65,67.05,One year,DSL,Credit card (automatic)
6616-AALSR,2,monitor,65,104.3,Two year,Fiber optic,Credit card (automatic)
3197-NNYNB,2,monitor,65,105.1,Two year,Fiber optic,Credit card (automatic)
2580-ATZSQ,2,monitor,65,61.35,One year,DSL,Bank transfer (automatic)
4616-ULAOA,2,monitor,65,110.8,Two year,Fiber optic,Credit card (automatic)
5386-THSLQ,2,monitor,66,45.55,One year,DSL,Bank transfer (automatic)
0455-ENTCR,2,monitor,66,85.25,Two year,DSL,Electronic check
7073-QETQY,2,monitor,66,20.35,One year,No,Electronic check
3617-XLSGQ,2,monitor,66,109.25,Two year,Fiber optic,Bank transfer (automatic)
7973-DZRKH,2,monitor,66,90.95,Two year,Fiber optic,Credit card (automatic)
6242-FEGFD,2,monitor,66,96.6,Two year,Fiber optic,Mailed check
3186-AJIEK,2,monitor,66,105.65,Two year,Fiber optic,Bank transfer (automatic)
9359-UGBTK,2,monitor,67,72.35,One year,DSL,Bank transfer (automatic)
3022-BEXHZ,2,monitor,67,111.2,Two year,Fiber optic,Bank transfer (automatic)
8466-PZBLH,2,monitor,67,104.6,Two year,Fiber optic,Bank transfer (automatic)
0266-CLZKZ,2,monitor,67,105.65,Two year,Fiber optic,Bank transfer (automatic)
3392-EHMNK,2,monitor,67,94.1,Two year,Fiber optic,Credit card (automatic)
8311-UEUAB,2,monitor,67,75.5,Two year,DSL,Electronic check
9251-WNSOD,2,monitor,67,75.1,One year,DSL,Mailed check
6352-GIGGQ,2,monitor,67,88.8,One year,DSL,Bank transfer (automatic)
2773-OVBPK,2,monitor,67,111.3,Two year,Fiber optic,Bank transfer (automatic)
5196-WPYOW,2,monitor,67,60.05,One year,DSL,Mailed check
5055-BRMNE,2,monitor,67,106.7,Two year,Fiber optic,Credit card (automatic)
2969-VAPYH,2,monitor,67,60.5,One year,DSL,Credit card (automatic)
5696-CEIQJ,2,monitor,67,103.15,Two year,Fiber optic,Bank transfer (automatic)
3896-RCYYE,2,monitor,67,53.4,Month-to-month,DSL,Credit card (automatic)
6332-FBZRI,2,monitor,67,69.35,One year,DSL,Credit card (automatic)
2451-YMUXS,2,monitor,67,64.55,Two year,DSL,Bank transfer (automatic)
0052-YNYOT,2,monitor,67,20.55,One year,No,Electronic check
9577-WJVCQ,2,monitor,68,54.45,Month-to-month,DSL,Mailed check
2088-IEBAU,2,monitor,68,88.15,Two year,DSL,Electronic check
3442-ZHHCC,2,monitor,68,76.9,One year,DSL,Credit card (automatic)
0862-PRCBS,2,monitor,68,103.75,Two year,Fiber optic,Credit card (automatic)
6445-TNRXS,2,monitor,68,114.7,Two year,Fiber optic,Bank transfer (automatic)
3766-EJLFL,2,monitor,68,109.05,Two year,Fiber optic,Bank transfer (automatic)
8883-ANODQ,2,monitor,68,84.4,Two year,Fiber optic,Credit card (automatic)
8932-CZHRQ,2,monitor,68,76.75,One year,DSL,Credit card (automatic)
4304-TSPVK,2,monitor,68,114.9,Two year,Fiber optic,Bank transfer (automatic)
3893-JRNFS,2,monitor,68,39.9,Month-to-month,DSL,Bank transfer (automatic)
1930-QPBVZ,2,monitor,68,95.1,Two year,Fiber optic,Bank transfer (automatic)
5795-KTGUD,2,monitor,68,110.8,Two year,Fiber optic,Bank transfer (automatic)
8395-ETZKQ,2,monitor,68,19.5,One year,No,Bank transfer (automatic)
8871-JLMHM,2,monitor,68,90.2,Two year,Fiber optic,Credit card (automatic)
1642-HMARX,2,monitor,68,91.7,Two year,DSL,Electronic check
6999-CHVCF,2,monitor,68,102.1,Two year,Fiber optic,Bank transfer (automatic)
4227-OJHAL,2,monitor,68,73,One year,DSL,Credit card (automatic)
1099-BTKWT,2,monitor,68,54.4,One year,DSL,Electronic check
5989-AXPUC,2,monitor,68,118.6,Two year,Fiber optic,Mailed check
2632-IVXVF,2,monitor,68,111.75,Two year,Fiber optic,Credit card (automatic)
2200-DSAAL,2,monitor,68,80.65,Two year,DSL,Electronic check
7691-XVTZH,2,monitor,68,89.95,Two year,Fiber optic,Bank transfer (automatic)
9541-ZPSEA,2,monitor,68,80.35,Two year,Fiber optic,Credit card (automatic)
2197-OMWGI,2,monitor,68,53,Two year,DSL,Electronic check
7570-WELNY,2,monitor,68,84.7,Two year,Fiber optic,Bank transfer (automatic)
9625-QNLUX,2,monitor,68,103.25,Two year,Fiber optic,Credit card (automatic)
4378-MYPGO,2,monitor,68,105.25,Two year,Fiber optic,Bank transfer (automatic)
1936-UAFEH,2,monitor,68,110.25,Two year,Fiber optic,Credit card (automatic)
3908-MKIMJ,2,monitor,68,41.95,Two year,DSL,Electronic check
3655-SNQYZ,2,monitor,69,113.25,Two year,Fiber optic,Credit card (automatic)
6244-BESBM,2,monitor,69,95.2,Two year,Fiber optic,Credit card (automatic)
0727-BNRLG,2,monitor,69,97.65,Two year,Fiber optic,Credit card (automatic)
7710-JSYOA,2,monitor,69,93.3,Two year,Fiber optic,Bank transfer (automatic)
7519-JTWQH,2,monitor,69,110.5,Two year,Fiber optic,Bank transfer (automatic)
6050-FFXES,2,monitor,69,105.35,Two year,Fiber optic,Bank transfer (automatic)
6670-MFRPK,2,monitor,69,79.2,Two year,Fiber optic,Credit card (automatic)
6993-YGFJV,2,monitor,69,112.55,Two year,Fiber optic,Bank transfer (automatic)
1063-DHQJF,2,monitor,69,92.15,Two year,Fiber optic,Mailed check
7103-ZGVNT,2,monitor,69,73.7,One year,DSL,Credit card (automatic)
9955-QOPOY,2,monitor,69,60.8,One year,DSL,Credit card (automatic)
5161-UBZXI,2,monitor,69,106.35,Two year,Fiber optic,Credit card (automatic)
7524-VRLPL,2,monitor,69,74.1,Two year,DSL,Credit card (automatic)
9309-BZGNT,2,monitor,69,29.8,One year,DSL,Credit card (automatic)
5375-XLDOF,2,monitor,69,114.35,Two year,Fiber optic,Bank transfer (automatic)
9066-QRSDU,2,monitor,69,26.3,One year,No,Electronic check
2988-QRAJY,2,monitor,69,110.05,Two year,Fiber optic,Credit card (automatic)
3705-RHRFR,2,monitor,69,99.15,Two year,Fiber optic,Bank transfer (automatic)
9589-ABEPT,2,monitor,69,92.45,Two year,Fiber optic,Mailed check
4686-GEFRM,2,monitor,70,98.7,Two year,Fiber optic,Bank transfer (automatic)
3957-HHLMR,2,monitor,70,65.2,One year,DSL,Bank transfer (automatic)
2521-NPUZR,2,monitor,70,101,Two year,Fiber optic,Credit card (automatic)
4178-EGMON,2,monitor,70,88,Two year,Fiber optic,Credit card (automatic)
3487-EARAT,2,monitor,70,74.1,One year,DSL,Credit card (automatic)
1282-IHQAC,2,monitor,70,44.05,One year,DSL,Credit card (automatic)
3870-SPZSI,2,monitor,70,113.05,Two year,Fiber optic,Credit card (automatic)
5453-YBTWV,2,monitor,70,101.1,Two year,Fiber optic,Credit card (automatic)
7176-WRTNX,2,monitor,70,114.95,Two year,Fiber optic,Bank transfer (automatic)
2000-DHJUY,2,monitor,70,92.2,Two year,DSL,Bank transfer (automatic)
7055-JCGNI,2,monitor,70,111.95,Two year,Fiber optic,Credit card (automatic)
6963-EZQEE,2,monitor,70,88.55,Two year,DSL,Credit card (automatic)
2368-GAKKQ,2,monitor,70,113.65,Two year,Fiber optic,Bank transfer (automatic)
1568-BEKZM,2,monitor,70,90.05,Two year,DSL,Credit card (automatic)
9769-TSBZE,2,monitor,70,66,Two year,DSL,Electronic check
1325-USMEC,2,monitor,70,99.35,Two year,Fiber optic,Credit card (automatic)
0707-HOVVN,2,monitor,70,75.5,Two year,DSL,Bank transfer (automatic)
4393-GEADV,2,monitor,70,114.75,Two year,Fiber optic,Credit card (automatic)
7929-SKFGK,2,monitor,70,114.3,Two year,Fiber optic,Credit card (automatic)
1492-KGETH,2,monitor,70,78.35,One year,DSL,Bank transfer (automatic)
3396-DKDEL,2,monitor,70,115.15,Two year,Fiber optic,Credit card (automatic)
1414-YADCW,2,monitor,70,84.6,Two year,Fiber optic,Bank transfer (automatic)
8597-CTXVJ,2,monitor,70,64.95,One year,DSL,Bank transfer (automatic)
7208-PSIHR,2,monitor,70,104.3,Two year,Fiber optic,Bank transfer (automatic)
3795-CAWEX,2,monitor,70,116.55,Two year,Fiber optic,Credit card (automatic)
9530-GRMJG,2,monitor,70,84.1,Two year,DSL,Electronic check
8469-SNFFH,2,monitor,70,79.4,One year,DSL,Bank transfer (automatic)
8071-SBTRN,2,monitor,70,111.15,Two year,Fiber optic,Mailed check
6439-PKTRR,2,monitor,70,80.7,Two year,DSL,Electronic check
9959-WOFKT,2,monitor,71,106.7,Two year,Fiber optic,Bank transfer (automatic)
9803-FTJCG,2,monitor,71,66.85,One year,DSL,Credit card (automatic)
0795-LAFGP,2,monitor,71,90.4,Two year,DSL,Electronic check
2798-NYLMZ,2,monitor,71,108.55,Two year,Fiber optic,Credit card (automatic)
8975-SKGRX,2,monitor,71,116.1,Two year,Fiber optic,Bank transfer (automatic)
2176-LVPNX,2,monitor,71,89.85,Two year,DSL,Mailed check
4782-OSFXZ,2,monitor,71,82.7,Two year,DSL,Bank transfer (automatic)
3669-WHAFY,2,monitor,71,115.15,Two year,Fiber optic,Credit card (automatic)
5248-KWLAR,2,monitor,71,90.35,Two year,DSL,Electronic check
6463-HHXJR,2,monitor,71,100.5,Two year,Fiber optic,Bank transfer (automatic)
0020-INWCK,2,monitor,71,95.75,Two year,Fiber optic,Credit card (automatic)
0310-SUCIN,2,monitor,71,84.8,One year,DSL,Bank transfer (automatic)
3230-JCNZS,2,monitor,71,99,Two year,Fiber optic,Credit card (automatic)
9028-LIHRP,2,monitor,71,100.2,Two year,Fiber optic,Credit card (automatic)
8200-LGKSR,2,monitor,71,83.2,Two year,DSL,Electronic check
2223-GDSHL,2,monitor,71,116.05,Two year,Fiber optic,Bank transfer (automatic)
6339-TBELP,2,monitor,71,86.4,Two year,Fiber optic,Credit card (automatic)
5324-KTGCG,2,monitor,71,20.85,One year,No,Electronic check
5360-LJCNJ,2,monitor,71,105.15,Two year,Fiber optic,Bank transfer (automatic)
5322-TEUJK,2,monitor,71,114.6,Two year,Fiber optic,Bank transfer (automatic)
1866-DIOQZ,2,monitor,71,66.8,One year,DSL,Bank transfer (automatic)
2400-XIWIO,2,monitor,71,90.1,Two year,DSL,Electronic check
1043-UXOVO,2,monitor,71,113.15,Two year,Fiber optic,Credit card (automatic)
2599-CIPQE,2,monitor,71,109.3,Two year,Fiber optic,Credit card (automatic)
9258-CNWAC,2,monitor,71,113.65,Two year,Fiber optic,Credit card (automatic)
3407-JMJQQ,2,monitor,71,109,Two year,Fiber optic,Bank transfer (automatic)
3726-TBHQT,2,monitor,71,114,Two year,Fiber optic,Bank transfer (automatic)
9558-IHEZX,2,monitor,71,106.75,Two year,Fiber optic,Credit card (automatic)
5702-KVQRD,2,monitor,71,82.55,Two year,DSL,Electronic check
3508-CFVZL,2,monitor,71,111.3,Two year,Fiber optic,Mailed check
6257-DTAYD,2,monitor,71,104.15,Two year,Fiber optic,Credit card (automatic)
6234-RAAPL,2,monitor,72,99.9,Two year,Fiber optic,Bank transfer (automatic)
5954-BDFSG,2,monitor,72,107.5,Two year,Fiber optic,Credit card (automatic)
9848-JQJTX,2,monitor,72,100.9,Two year,Fiber optic,Bank transfer (automatic)
3146-MSEGF,2,monitor,72,88.05,Two year,DSL,Credit card (automatic)
9680-NIAUV,2,monitor,72,109.7,Two year,Fiber optic,Credit card (automatic)
7255-SSFBC,2,monitor,72,112.25,Two year,Fiber optic,Bank transfer (automatic)
6614-FHDBO,2,monitor,72,109.2,Two year,Fiber optic,Bank transfer (automatic)
9880-TDQAC,2,monitor,72,60,Two year,DSL,Electronic check
3520-FJGCV,2,monitor,72,112.6,Two year,Fiber optic,Credit card (automatic)
8204-YJCLA,2,monitor,72,64.8,Two year,DSL,Bank transfer (automatic)
4376-KFVRS,2,monitor,72,114.05,Two year,Fiber optic,Credit card (automatic)
1090-ESELR,2,monitor,72,105.5,Two year,Fiber optic,Bank transfer (automatic)
7971-HLVXI,2,monitor,72,84.5,Two year,Fiber optic,Credit card (automatic)
6859-QNXIQ,2,monitor,72,113.1,Two year,Fiber optic,Bank transfer (automatic)
3580-HYCSP,2,monitor,72,110.3,Two year,Fiber optic,Bank transfer (automatic)
1352-HNSAW,2,monitor,72,115.6,Two year,Fiber optic,Bank transfer (automatic)
0619-OLYUR,2,monitor,72,111.9,Two year,Fiber optic,Credit card (automatic)
8207-DMRVL,2,monitor,72,114.55,Two year,Fiber optic,Bank transfer (automatic)
7564-GHCVB,2,monitor,72,79.05,Two year,Fiber optic,Bank transfer (automatic)
7503-MIOGA,2,monitor,72,89.85,Two year,DSL,Bank transfer (automatic)
5684-FJVYR,2,monitor,72,90.35,Two year,Fiber optic,Bank transfer (automatic)
8823-RLPWL,2,monitor,72,110.65,Two year,Fiber optic,Credit card (automatic)
0392-BZIUW,2,monitor,72,105,Two year,Fiber optic,Credit card (automatic)
6007-TCTST,2,monitor,72,115.8,Two year,Fiber optic,Bank transfer (automatic)
1937-OTUKY,2,monitor,72,98.2,Two year,Fiber optic,Bank transfer (automatic)
3108-PCCGG,2,monitor,72,84.45,Two year,DSL,Credit card (automatic)
1291-CUOCY,2,monitor,72,110.6,Two year,Fiber optic,Credit card (automatic)
2091-GPPIQ,2,monitor,72,78.95,Two year,DSL,Electronic check
9225-BZLNZ,2,monitor,72,85.25,Two year,DSL,Electronic check
7359-WWYJV,2,monitor,72,114.45,Two year,Fiber optic,Credit card (automatic)
2040-XBAVJ,2,monitor,72,114.45,Two year,Fiber optic,Bank transfer (automatic)
3963-RYFNS,2,monitor,72,116.45,Two year,Fiber optic,Bank transfer (automatic)
9637-CDTKZ,2,monitor,72,114.1,Two year,Fiber optic,Credit card (automatic)
5668-MEISB,2,monitor,72,106.1,Two year,Fiber optic,Credit card (automatic)
3219-JQRSL,2,monitor,72,89.1,Two year,DSL,Credit card (automatic)
0019-EFAEP,2,monitor,72,101.3,Two year,Fiber optic,Bank transfer (automatic)
9675-ICXCT,2,monitor,72,80.8,Two year,DSL,Electronic check
1488-PBLJN,2,monitor,72,116.85,Two year,Fiber optic,Bank transfer (automatic)
9919-FZDED,2,monitor,72,84.1,Two year,DSL,Credit card (automatic)
3398-GCPMU,2,monitor,72,89.55,Two year,DSL,Credit card (automatic)
0336-PIKEI,2,monitor,72,74.4,Two year,DSL,Bank transfer (automatic)
9239-GZHZE,2,monitor,72,113.65,Two year,Fiber optic,Credit card (automatic)
4056-QHXHZ,2,monitor,72,107.45,Two year,Fiber optic,Mailed check
9548-ZMVTX,2,monitor,72,90.45,Two year,Fiber optic,Bank transfer (automatic)
6650-BWFRT,2,monitor,72,117.15,Two year,Fiber optic,Credit card (automatic)
9802-CAQUT,2,monitor,72,109.55,Two year,Fiber optic,Credit card (automatic)
7602-MVRMB,2,monitor,72,110.45,Two year,Fiber optic,Bank transfer (automatic)
3133-PZNSR,2,monitor,72,97.75,Two year,Fiber optic,Credit card (automatic)
8670-ERCJH,2,monitor,72,113.4,Two year,Fiber optic,Bank transfer (automatic)
7730-CLDSV,2,monitor,72,98.65,Two year,Fiber optic,Bank transfer (automatic)
8454-AATJP,2,monitor,72,115.05,Two year,Fiber optic,Credit card (automatic)
5781-BKHOP,2,monitor,72,100.65,Two year,Fiber optic,Bank transfer (automatic)
5248-RPYWW,2,monitor,72,90.15,Two year,DSL,Bank transfer (automatic)
6176-YJWAS,2,monitor,72,97.95,Two year,Fiber optic,Credit card (automatic)
5456-ITGIC,2,monitor,72,64.45,Two year,DSL,Credit card (automatic)
5038-ETMLM,2,monitor,72,113.65,Two year,Fiber optic,Bank transfer (automatic)
8809-XKHMD,2,monitor,72,100.55,Two year,Fiber optic,Bank transfer (automatic)
8336-TAVKX,2,monitor,72,78.45,Two year,DSL,Bank transfer (automatic)
3810-DVDQQ,2,monitor,72,117.6,Two year,Fiber optic,Bank transfer (automatic)
8853-TZDGH,2,monitor,72,111.6,Two year,Fiber optic,Bank transfer (automatic)
6719-FGEDO,2,monitor,72,97,Two year,Fiber optic,Bank transfer (automatic)
0378-CJKPV,2,monitor,72,112.1,Two year,Fiber optic,Credit card (automatic)
1053-MXTTK,2,monitor,72,108.65,Two year,Fiber optic,Bank transfer (automatic)
0853-TWRVK,2,monitor,72,105.6,Two year,Fiber optic,Bank transfer (automatic)
2984-TBYKU,2,monitor,72,104.9,Two year,Fiber optic,Credit card (automatic)
9351-HXDMR,2,monitor,72,110.9,Two year,Fiber optic,Credit card (automatic)
9861-PDSZP,2,monitor,72,108.05,Two year,Fiber optic,Credit card (automatic)
8915-NNTRC,2,monitor,72,107.7,Two year,Fiber optic,Credit card (automatic)
4334-HOWRP,2,monitor,72,64.95,Two year,DSL,Credit card (automatic)
0266-GMEAO,2,monitor,72,114.3,Two year,Fiber optic,Credit card (automatic)
8309-PPCED,2,monitor,72,110.45,Two year,Fiber optic,Bank transfer (automatic)
8152-VETUR,2,monitor,72,97.7,Two year,Fiber optic,Credit card (automatic)
5214-NLTIT,2,monitor,72,90.8,Two year,Fiber optic,Credit card (automatic)
2190-PHBHR,2,monitor,72,94.45,Two year,Fiber optic,Credit card (automatic)
7030-FZTFM,2,monitor,72,110.9,Two year,Fiber optic,Credit card (automatic)
0906-QVPMS,2,monitor,72,115.15,Two year,Fiber optic,Bank transfer (automatic)
0017-IUDMW,2,monitor,72,116.8,Two year,Fiber optic,Credit card (automatic)
2121-JAFOM,2,monitor,72,115.55,Two year,Fiber optic,Credit card (automatic)
2167-FQSTQ,2,monitor,72,92.4,Two year,DSL,Electronic check
7663-YJHSN,2,monitor,72,103.95,Two year,Fiber optic,Bank transfer (automatic)
5329-KRDTM,2,monitor,72,77.35,Two year,DSL,Credit card (automatic)
5914-XRFQB,2,monitor,72,115.8,Two year,Fiber optic,Bank transfer (automatic)
7569-NMZYQ,2,monitor,72,118.75,Two year,Fiber optic,Bank transfer (automatic)
8513-OLYGY,2,monitor,72,115.8,Two year,Fiber optic,Credit card (automatic)
5172-RKOCB,2,monitor,72,108.95,Two year,Fiber optic,Credit card (automatic)
9298-WGMRW,2,monitor,72,115.5,Two year,Fiber optic,Bank transfer (automatic)
3892-NXAZG,2,monitor,72,114.05,Two year,Fiber optic,Credit card (automatic)
2664-XJZNO,2,monitor,72,104.9,Two year,Fiber optic,Credit card (automatic)
8639-NHQEI,2,monitor,72,95.9,Two year,Fiber optic,Bank transfer (automatic)
4822-LPTYJ,2,monitor,72,103.75,Two year,Fiber optic,Bank transfer (automatic)
9070-BCKQP,2,monitor,72,110.15,Two year,Fiber optic,Credit card (automatic)
1841-YSJGV,2,monitor,72,109.95,Two year,Fiber optic,Credit card (automatic)
9788-HNGUT,2,monitor,72,116.95,Two year,Fiber optic,Credit card (automatic)
0675-NCDYU,2,monitor,72,116.4,Two year,Fiber optic,Credit card (automatic)
5286-YHCVC,2,monitor,72,104.8,Two year,Fiber optic,Bank transfer (automatic)
5327-XOKKY,2,monitor,72,73.45,Two year,DSL,Credit card (automatic)
1813-JYWTO,2,monitor,72,80.45,Two year,Fiber optic,Bank transfer (automatic)
9958-MEKUC,2,monitor,72,103.95,Two year,Fiber optic,Credit card (automatic)
5183-KLYEM,2,monitor,72,112.75,Two year,Fiber optic,Credit card (automatic)
5965-GGPRW,2,monitor,72,105.25,Two year,Fiber optic,Bank transfer (automatic)
8398-TBIYD,2,monitor,72,84.7,Two year,Fiber optic,Bank transfer (automatic)
2193-SFWQW,2,monitor,72,111.95,Two year,Fiber optic,Bank transfer (automatic)
0401-WDBXM,2,monitor,72,105.55,Two year,Fiber optic,Bank transfer (automatic)
4024-CSNBY,2,monitor,72,94.25,Two year,Fiber optic,Bank transfer (automatic)
3831-YCPUO,2,monitor,72,109.5,Two year,Fiber optic,Credit card (automatic)
8901-UPRHR,2,monitor,72,109.2,Two year,Fiber optic,Bank transfer (automatic)
1452-UZOSF,2,monitor,72,106.1,Two year,Fiber optic,Credit card (automatic)
8265-HKSOW,2,monitor,72,107.45,Two year,Fiber optic,Credit card (automatic)
3258-ZKPAI,2,monitor,72,116.6,Two year,Fiber optic,Bank transfer (automatic)
6519-ZHPXP,2,monitor,72,108.3,Two year,Fiber optic,Bank transfer (automatic)
6166-YIPFO,2,monitor,72,64.7,Two year,DSL,Electronic check
6437-UDQJM,2,monitor,72,84.1,Two year,DSL,Credit card (automatic)
4670-TABXH,2,monitor,72,109.75,Two year,Fiber optic,Credit card (automatic)
8107-RZLNV,2,monitor,72,106.3,Two year,Fiber optic,Bank transfer (automatic)
9739-JLPQJ,2,monitor,72,117.5,Two year,Fiber optic,Credit card (automatic)
1320-GVNHT,2,monitor,72,108.4,Two year,Fiber optic,Credit card (automatic)
2904-GGUAZ,2,monitor,72,84.05,Two year,Fiber optic,Bank transfer (automatic)
8468-FZTOE,2,monitor,72,74.35,Two year,DSL,Electronic check
2274-XUATA,2,monitor,72,63.1,Two year,DSL,Bank transfer (automatic)
7277-KAMWT,1,monitor,13,20,Two year,No,Credit card (automatic)
5014-GSOUQ,1,monitor,13,19.95,Two year,No,Mailed check
0854-UYHZD,1,monitor,13,19.55,Two year,No,Mailed check
7996-BPXHY,1,monitor,13,25,Two year,No,Bank transfer (automatic)
1790-NESIO,1,monitor,13,20.4,Two year,No,Mailed check
1843-TLSGD,1,monitor,13,20.85,Two year,No,Mailed check
7321-ZNSLA,1,monitor,13,40.55,Two year,DSL,Mailed check
5063-IUOKK,1,monitor,13,19.75,Two year,No,Mailed check
0458-HEUZG,1,monitor,13,35.4,Two year,DSL,Mailed check
3078-ZKNTS,1,monitor,13,19.75,Two year,No,Bank transfer (automatic)
7473-ZBDSN,1,monitor,14,18.8,Two year,No,Mailed check
1245-HARPS,1,monitor,14,20.4,Two year,No,Mailed check
2138-VFAPZ,1,monitor,14,19.7,Two year,No,Mailed check
4452-ROHMO,1,monitor,15,19.6,Two year,No,Mailed check
8007-YYPWD,1,monitor,15,25.05,Two year,No,Bank transfer (automatic)
2266-FUBDZ,1,monitor,15,19.35,Two year,No,Mailed check
2706-QZIHY,1,monitor,15,25.2,Two year,No,Mailed check
3635-JBPSG,1,monitor,15,38.8,Two year,DSL,Mailed check
7469-LKBCI,1,monitor,16,18.95,Two year,No,Credit card (automatic)
9227-UAQFT,1,monitor,16,19.75,Two year,No,Mailed check
8208-EUMTE,1,monitor,16,54.85,Two year,DSL,Mailed check
6696-YDAYZ,1,monitor,16,20.5,Two year,No,Mailed check
1699-TLDLZ,1,monitor,16,19.7,Two year,No,Mailed check
5696-EXCYS,1,monitor,17,19.45,Two year,No,Credit card (automatic)
7527-QNRUS,1,monitor,17,25.15,Two year,No,Mailed check
3525-DVKFN,1,monitor,17,19.4,Two year,No,Mailed check
3266-FTKHB,1,monitor,17,19.15,Two year,No,Mailed check
2333-KWEWW,1,monitor,18,20.05,Two year,No,Credit card (automatic)
8606-OEGQZ,1,monitor,18,25.3,Two year,No,Credit card (automatic)
1328-EUZHC,1,monitor,18,20.1,Two year,No,Mailed check
2892-GESUL,1,monitor,18,19.35,Two year,No,Mailed check
9648-BCHKM,1,monitor,18,24.65,Two year,No,Credit card (automatic)
1092-WPIVQ,1,monitor,18,25.1,Two year,No,Mailed check
5469-NUJUR,1,monitor,19,19.95,Two year,No,Mailed check
3865-ZFZIB,1,monitor,19,19.65,Two year,No,Mailed check
3129-AAQOU,1,monitor,19,25.6,Two year,No,Mailed check
4804-NCPET,1,monitor,19,20.2,Two year,No,Mailed check
8999-EXMNO,1,monitor,19,20.15,Two year,No,Mailed check
2995-YWTCD,1,monitor,19,24.9,Two year,No,Bank transfer (automatic)
1635-HDGFT,1,monitor,19,20.5,Two year,No,Mailed check
3978-YNKDD,1,monitor,19,20.85,Two year,No,Credit card (automatic)
5495-GPSRW,1,monitor,20,19.7,Two year,No,Mailed check
5148-HKFIR,1,monitor,20,19.7,Two year,No,Mailed check
0056-EPFBG,1,monitor,20,39.4,Two year,DSL,Credit card (automatic)
1223-UNPKS,1,monitor,20,20.05,Two year,No,Mailed check
4703-MQYKT,1,monitor,21,19.6,Two year,No,Mailed check
8908-SLFCJ,1,monitor,21,20.85,Two year,No,Credit card (automatic)
7977-HXJKU,1,monitor,21,19.6,Two year,No,Mailed check
9236-NDUCW,1,monitor,21,35.1,Two year,DSL,Mailed check
9867-XOBQA,1,monitor,21,53.15,Two year,DSL,Mailed check
4950-HKQTE,1,monitor,22,26.25,Two year,No,Mailed check
4883-KCPZJ,1,monitor,22,25.25,Two year,No,Credit card (automatic)
7771-ZONAT,1,monitor,22,56.75,Two year,DSL,Bank transfer (automatic)
6518-KZXCB,1,monitor,22,25.25,Two year,No,Mailed check
1982-FEBTD,1,monitor,23,25.6,Two year,No,Credit card (automatic)
3070-FNFZQ,1,monitor,23,20.4,Two year,No,Bank transfer (automatic)
2808-CHTDM,1,monitor,23,25.1,Two year,No,Mailed check
0354-VXMJC,1,monitor,23,19.6,Two year,No,Credit card (automatic)
3298-QEICA,1,monitor,23,34.6,Two year,DSL,Mailed check
4500-HKANN,1,monitor,23,59.7,Two year,DSL,Mailed check
6923-AQONU,1,monitor,23,20.9,Two year,No,Mailed check
8143-ETQTI,1,monitor,23,19.65,Two year,No,Mailed check
2335-GSODA,1,monitor,23,40.1,Two year,DSL,Mailed check
3389-KTRXV,1,monitor,23,23.85,Two year,No,Mailed check
9178-JHUVJ,1,monitor,24,24.1,Two year,No,Bank transfer (automatic)
6122-EFVKN,1,monitor,24,35.75,Two year,DSL,Mailed check
8067-NIOYM,1,monitor,24,21.1,Two year,No,Credit card (automatic)
4335-UPJSI,1,monitor,24,19.75,Two year,No,Mailed check
3896-ZVNET,1,monitor,24,24.7,Two year,No,Mailed check
8173-RXAYP,1,monitor,24,19.7,Two year,No,Mailed check
1395-WSWXR,1,monitor,24,20.75,Two year,No,Mailed check
6867-ACCZI,1,monitor,24,52.5,Two year,DSL,Mailed check
1089-XZWHH,1,monitor,24,19.7,Two year,No,Mailed check
3460-TJBWI,1,monitor,24,24.2,Two year,No,Mailed check
1535-VTJOQ,1,monitor,24,25.15,Two year,No,Credit card (automatic)
9548-LERKT,1,monitor,24,19.75,Two year,No,Mailed check
0164-XAIRP,1,monitor,24,19.55,Two year,No,Bank transfer (automatic)
6479-OAUSD,1,monitor,25,19.9,One year,No,Credit card (automatic)
3452-FLHYD,1,monitor,25,20.95,One year,No,Bank transfer (automatic)
2809-ILCYT,1,monitor,25,26.8,One year,No,Mailed check
9621-OUPYD,1,monitor,25,20.2,One year,No,Bank transfer (automatic)
7089-XXAYG,1,monitor,25,38.1,One year,DSL,Credit card (automatic)
6061-PQHMK,1,monitor,25,19.9,One year,No,Credit card (automatic)
0428-AXXLJ,1,monitor,25,19.5,One year,No,Bank transfer (automatic)
5062-CJJKH,1,monitor,25,53.65,One year,DSL,Mailed check
7632-YUTXB,1,monitor,25,20.05,One year,No,Mailed check
2519-TWKFS,1,monitor,25,55.1,One year,DSL,Mailed check
9495-REDIY,1,monitor,25,40.65,One year,DSL,Credit card (automatic)
1042-HFUCW,1,monitor,25,54.75,One year,DSL,Credit card (automatic)
4795-UXVCJ,1,monitor,26,19.8,One year,No,Credit card (automatic)
6100-FJZDG,1,monitor,26,20.05,One year,No,Bank transfer (automatic)
4189-NAKJS,1,monitor,26,51.55,One year,DSL,Credit card (automatic)
9534-NSXEM,1,monitor,26,20.65,One year,No,Credit card (automatic)
6765-MBQNU,1,monitor,26,26,One year,No,Mailed check
9139-TWBAS,1,monitor,26,47.85,One year,DSL,Bank transfer (automatic)
4922-CVPDX,1,monitor,26,73.5,Two year,DSL,Credit card (automatic)
0980-FEXWF,1,monitor,26,50.35,One year,DSL,Mailed check
1439-LCGVL,1,monitor,26,19.2,One year,No,Mailed check
5701-GUXDC,1,monitor,26,35.4,One year,DSL,Credit card (automatic)
6933-FHBZC,1,monitor,26,56.05,One year,DSL,Mailed check
8319-QBEHW,1,monitor,26,39.95,One year,DSL,Bank transfer (automatic)
0042-JVWOJ,1,monitor,26,19.6,One year,No,Bank transfer (automatic)
2812-ENYMO,1,monitor,26,54.55,One year,DSL,Credit card (automatic)
3985-HOYPM,1,monitor,26,19.4,One year,No,Mailed check
3205-MXZRA,1,monitor,26,59.45,One year,DSL,Credit card (automatic)
7801-CEDNV,1,monitor,27,48.7,One year,DSL,Credit card (automatic)
8763-KIAFH,1,monitor,27,20.55,One year,No,Mailed check
2039-JONDJ,1,monitor,27,55.45,One year,DSL,Bank transfer (automatic)
2212-LYASK,1,monitor,27,45.85,One year,DSL,Credit card (automatic)
5849-ASHZJ,1,monitor,27,20.05,One year,No,Credit card (automatic)
2150-OEGBV,1,monitor,27,20.1,One year,No,Bank transfer (automatic)
6584-VQMYT,1,monitor,27,56.2,One year,DSL,Mailed check
3812-LRZIR,1,monitor,27,24.5,Two year,No,Electronic check
5214-CHIWJ,1,monitor,27,20.3,One year,No,Mailed check
1998-VHJHK,1,monitor,27,19.15,One year,No,Mailed check
3482-ABPKK,1,monitor,28,54.3,One year,DSL,Mailed check
3422-WJOYD,1,monitor,28,54.35,One year,DSL,Mailed check
9891-NQDBD,1,monitor,28,25.55,One year,No,Mailed check
9931-DCEZH,1,monitor,28,54.4,One year,DSL,Credit card (automatic)
6823-SIDFQ,1,monitor,28,18.25,One year,No,Credit card (automatic)
9473-CBZOP,1,monitor,28,59,One year,DSL,Mailed check
2819-GWENI,1,monitor,28,19.9,One year,No,Mailed check
3315-IKYZQ,1,monitor,28,50.8,One year,DSL,Mailed check
4115-BNPJY,1,monitor,29,75.55,Two year,DSL,Mailed check
2829-HYVZP,1,monitor,29,19.8,One year,No,Mailed check
1430-SFQSA,1,monitor,29,35.6,One year,DSL,Mailed check
6114-TCFID,1,monitor,29,39.5,One year,DSL,Credit card (automatic)
4716-MRVEN,1,monitor,29,20,One year,No,Mailed check
1872-EBWSC,1,monitor,29,20.35,One year,No,Mailed check
4962-CHQPW,1,monitor,29,19.85,One year,No,Mailed check
1301-LOPVR,1,monitor,29,55.35,One year,DSL,Credit card (automatic)
8873-TMKGR,1,monitor,29,19.1,One year,No,Mailed check
2282-YGNOR,1,monitor,29,58,One year,DSL,Credit card (automatic)
3417-TSCIC,1,monitor,29,24.85,One year,DSL,Mailed check
0942-KOWSM,1,monitor,30,80.8,Two year,DSL,Bank transfer (automatic)
7061-OVMIM,1,monitor,30,19.55,One year,No,Bank transfer (automatic)
0219-QAERP,1,monitor,30,19.8,One year,No,Credit card (automatic)
7026-YMSBE,1,monitor,30,19.7,One year,No,Mailed check
5640-CAXOA,1,monitor,30,40.35,One year,DSL,Credit card (automatic)
7305-ZWMAJ,1,monitor,30,20.7,One year,No,Credit card (automatic)
6754-WKSHP,1,monitor,30,25.35,One year,No,Bank transfer (automatic)
3410-YOQBQ,1,monitor,31,79.2,Two year,DSL,Mailed check
2245-ADZFJ,1,monitor,31,80.55,Two year,DSL,Bank transfer (automatic)
7328-OWMOM,1,monitor,31,20.1,One year,No,Credit card (automatic)
6447-EGDIV,1,monitor,31,20.95,One year,No,Mailed check
9750-BOOHV,1,monitor,32,30.15,One year,DSL,Mailed check
5918-VUKWP,1,monitor,32,20.55,One year,No,Bank transfer (automatic)
2277-AXSDC,1,monitor,32,19.75,One year,No,Bank transfer (automatic)
8512-WIWYV,1,monitor,32,20.35,One year,No,Credit card (automatic)
5914-GXMDA,1,monitor,32,19.3,One year,No,Mailed check
5871-DGTXZ,1,monitor,32,19.8,One year,No,Mailed check
2498-XLDZR,1,monitor,32,73.6,Two year,DSL,Mailed check
3648-GZPHF,1,monitor,32,36.25,One year,DSL,Mailed check
6563-VRERX,1,monitor,33,20.6,One year,No,Mailed check
5844-QVTAT,1,monitor,33,58.45,One year,DSL,Mailed check
1934-MKPXS,1,monitor,33,20.1,One year,No,Credit card (automatic)
5199-FPUSP,1,monitor,33,34.05,One year,DSL,Credit card (automatic)
1403-LKLIK,1,monitor,33,20.1,One year,No,Mailed check
2650-GYRYL,1,monitor,33,19.45,One year,No,Bank transfer (automatic)
1431-AIDJQ,1,monitor,33,82.1,Two year,DSL,Credit card (automatic)
7841-FCRQD,1,monitor,33,53.75,One year,DSL,Credit card (automatic)
5519-TEEUH,1,monitor,33,20.15,One year,No,Mailed check
0983-TATYJ,1,monitor,33,51.45,One year,DSL,Mailed check
6603-YRDCJ,1,monitor,33,61.05,Two year,DSL,Mailed check
8277-RVRSV,1,monitor,33,24.15,One year,No,Credit card (automatic)
5575-GNVDE,1,monitor,34,56.95,One year,DSL,Mailed check
9871-ELEYA,1,monitor,34,67.65,Two year,DSL,Credit card (automatic)
3551-GAEGL,1,monitor,34,30.4,One year,DSL,Bank transfer (automatic)
3280-NMUVX,1,monitor,34,19.6,One year,No,Credit card (automatic)
1776-SPBWV,1,monitor,34,20.1,One year,No,Bank transfer (automatic)
5788-YPOEG,1,monitor,34,84.75,Two year,DSL,Mailed check
7758-UJWYS,1,monitor,34,40.55,Two year,DSL,Electronic check
4707-YNOQA,1,monitor,34,25.6,One year,No,Credit card (automatic)
2188-SXWVT,1,monitor,34,55,One year,DSL,Mailed check
6461-PPAXN,1,monitor,35,54.95,One year,DSL,Bank transfer (automatic)
8221-HVAYI,1,monitor,35,69.15,Two year,DSL,Credit card (automatic)
3506-OVLKD,1,monitor,35,26.2,One year,No,Bank transfer (automatic)
6693-DJWTY,1,monitor,35,55.6,One year,DSL,Credit card (automatic)
1293-HHSHJ,1,monitor,35,21.1,One year,No,Mailed check
8008-OTEZX,1,monitor,35,19.65,One year,No,Mailed check
6016-NXBNJ,1,monitor,35,19.15,One year,No,Mailed check
9509-MPYOD,1,monitor,35,20.75,One year,No,Mailed check
8884-FEEWR,1,monitor,35,20.6,One year,No,Bank transfer (automatic)
5627-TVBPP,1,monitor,35,20.1,One year,No,Credit card (automatic)
1757-TCATG,1,monitor,35,20.05,One year,No,Bank transfer (automatic)
2877-VDUER,1,monitor,35,40.9,One year,DSL,Mailed check
8318-LCNBW,1,monitor,35,53.15,One year,DSL,Credit card (automatic)
4980-URKXC,1,monitor,36,20.85,One year,No,Bank transfer (automatic)
3486-NPGST,1,monitor,36,19.55,One year,No,Mailed check
9531-NSBMR,1,monitor,36,19.25,One year,No,Bank transfer (automatic)
9824-QCJPK,1,monitor,36,20,One year,No,Mailed check
2703-AMTUL,1,monitor,36,53.65,One year,DSL,Mailed check
3739-YBWAB,1,monitor,36,35.35,One year,DSL,Mailed check
8570-KLJYJ,1,monitor,36,54.45,One year,DSL,Mailed check
3982-JGSFD,1,monitor,36,20.35,One year,No,Credit card (automatic)
8670-MEFCP,1,monitor,36,92.9,Two year,DSL,Credit card (automatic)
0513-RBGPE,1,monitor,37,62.8,Two year,DSL,Credit card (automatic)
7446-SFAOA,1,monitor,37,19.85,One year,No,Bank transfer (automatic)
0969-RGKCU,1,monitor,37,19.8,One year,No,Credit card (automatic)
8327-WKMIE,1,monitor,37,20.15,One year,No,Credit card (automatic)
5177-RVZNU,1,monitor,37,20.3,One year,No,Bank transfer (automatic)
7349-ALMUX,1,monitor,37,65.6,Two year,DSL,Bank transfer (automatic)
2027-DNKIV,1,monitor,37,58.75,One year,DSL,Mailed check
5338-YHWYT,1,monitor,37,61.45,Two year,DSL,Credit card (automatic)
2580-ASVVY,1,monitor,37,45.4,Two year,DSL,Electronic check
6516-NKQBO,1,monitor,38,81,Two year,DSL,Credit card (automatic)
7190-XHTWJ,1,monitor,38,19.3,One year,No,Mailed check
6188-UXBBR,1,monitor,38,20.25,One year,No,Credit card (automatic)
5380-XPJNZ,1,monitor,38,20.05,One year,No,Mailed check
7037-MTYVW,1,monitor,38,85.4,Two year,DSL,Bank transfer (automatic)
8106-GWQOK,1,monitor,38,60,Two year,DSL,Bank transfer (automatic)
8590-OHDIW,1,monitor,38,20.3,One year,No,Mailed check
2384-OVPSA,1,monitor,38,20.2,Two year,No,Mailed check
4487-ZYJZK,1,monitor,38,19.6,One year,No,Credit card (automatic)
0902-RFHOF,1,monitor,38,20.1,One year,No,Mailed check
8898-KASCD,1,monitor,39,35.55,One year,DSL,Mailed check
7338-ERIVA,1,monitor,39,45.05,One year,DSL,Bank transfer (automatic)
1696-MZVAU,1,monitor,39,25.25,One year,DSL,Credit card (automatic)
5986-WWXDV,1,monitor,39,19.35,One year,No,Bank transfer (automatic)
1898-JSNDC,1,monitor,39,58.6,One year,DSL,Credit card (automatic)
1755-FZQEC,1,monitor,39,19.9,One year,No,Mailed check
1897-RCFUM,1,monitor,39,24.2,One year,No,Mailed check
7452-FOLON,1,monitor,39,25.45,One year,No,Bank transfer (automatic)
2724-FJDYW,1,monitor,39,54.85,One year,DSL,Bank transfer (automatic)
7325-ENZFI,1,monitor,39,40.3,One year,DSL,Bank transfer (automatic)
8292-FRFZQ,1,monitor,39,41.15,One year,DSL,Bank transfer (automatic)
9411-TPQQV,1,monitor,40,54.55,One year,DSL,Bank transfer (automatic)
5777-KJIRB,1,monitor,40,50.25,One year,DSL,Mailed check
2361-FJWNO,1,monitor,40,36,One year,DSL,Credit card (automatic)
2606-PKWJB,1,monitor,40,40.25,One year,DSL,Mailed check
6772-WFQRD,1,monitor,40,20.4,One year,No,Bank transfer (automatic)
5924-SNGKP,1,monitor,41,20.25,One year,No,Credit card (automatic)
6048-NJXHX,1,monitor,41,19.75,Two year,No,Electronic check
1022-RKXDR,1,monitor,41,24.85,One year,No,Mailed check
4032-RMHCI,1,monitor,41,35.4,One year,DSL,Credit card (automatic)
2746-DIJLO,1,monitor,41,56.3,One year,DSL,Credit card (automatic)
7216-KAOID,1,monitor,41,19.5,One year,No,Bank transfer (automatic)
8510-BBWMU,1,monitor,41,19.75,One year,No,Mailed check
2073-QBVBI,1,monitor,41,35.45,One year,DSL,Mailed check
3926-YZVVX,1,monitor,41,50.05,One year,DSL,Bank transfer (automatic)
8098-TDCBU,1,monitor,42,25.25,Two year,No,Electronic check
8717-VCTXJ,1,monitor,42,19.55,One year,No,Mailed check
3941-XTSKM,1,monitor,42,45.1,One year,DSL,Credit card (automatic)
6223-DHJGV,1,monitor,42,20.65,One year,No,Mailed check
4518-FZBSX,1,monitor,42,20.25,One year,No,Mailed check
8148-NLEGT,1,monitor,42,22.95,Two year,No,Electronic check
9194-GFVOI,1,monitor,42,84.35,Two year,DSL,Credit card (automatic)
8434-PNQZX,1,monitor,42,78.45,Two year,DSL,Credit card (automatic)
4615-PIVVU,1,monitor,42,66.5,Two year,DSL,Credit card (automatic)
7995-ZHHNZ,1,monitor,42,56.1,One year,DSL,Credit card (automatic)
1686-STUHN,1,monitor,42,19.8,One year,No,Bank transfer (automatic)
4825-FUREZ,1,monitor,42,20.25,Two year,No,Electronic check
5318-YKDPV,1,monitor,43,79.15,Two year,DSL,Credit card (automatic)
6682-VCIXC,1,monitor,43,51.25,One year,DSL,Bank transfer (automatic)
5129-HHMZC,1,monitor,43,86.45,Two year,DSL,Credit card (automatic)
2351-BKRZW,1,monitor,43,75.2,Two year,DSL,Bank transfer (automatic)
6968-URWQU,1,monitor,43,56.35,One year,DSL,Mailed check
0057-QBUQH,1,monitor,43,25.1,Two year,No,Electronic check
3653-NCRDJ,1,monitor,43,19.2,One year,No,Mailed check
4955-VCWBI,1,monitor,43,20,One year,No,Mailed check
2144-ESWKO,1,monitor,43,35.2,One year,DSL,Credit card (automatic)
0804-YGEQV,1,monitor,43,24.45,One year,No,Bank transfer (automatic)
3935-TBRZZ,1,monitor,44,25.7,One year,No,Mailed check
0129-QMPDR,1,monitor,44,20.5,One year,No,Bank transfer (automatic)
9067-SQTNS,1,monitor,44,20.6,One year,No,Bank transfer (automatic)
2122-SZZZD,1,monitor,44,19.5,One year,No,Credit card (automatic)
1269-FOYWN,1,monitor,44,20,One year,No,Bank transfer (automatic)
9127-QRZMH,1,monitor,44,59.85,One year,DSL,Bank transfer (automatic)
2428-HYUNX,1,monitor,44,19.35,Two year,No,Credit card (automatic)
7795-CFOCW,1,monitor,45,42.3,One year,DSL,Bank transfer (automatic)
3887-PBQAO,1,monitor,45,25.9,One year,No,Credit card (automatic)
3230-IUALN,1,monitor,45,81,Two year,DSL,Mailed check
8999-YPYBV,1,monitor,45,84.35,Two year,DSL,Mailed check
8345-MVDYC,1,monitor,45,81.65,Two year,DSL,Bank transfer (automatic)
3572-UUHRS,1,monitor,45,18.85,One year,No,Bank transfer (automatic)
1506-YJTYT,1,monitor,45,73.85,Two year,DSL,Credit card (automatic)
2192-OZITF,1,monitor,45,73.55,Two year,DSL,Mailed check
4475-NVTLU,1,monitor,45,19.2,Two year,No,Electronic check
1094-BKOSX,1,monitor,45,51,One year,DSL,Bank transfer (automatic)
6416-JNVRK,1,monitor,46,55.65,One year,DSL,Credit card (automatic)
4163-NCJAK,1,monitor,46,24.45,One year,No,Bank transfer (automatic)
3174-AKMAS,1,monitor,46,64.2,Two year,DSL,Credit card (automatic)
2933-XEUJM,1,monitor,46,79.2,Two year,DSL,Mailed check
4538-WNTMJ,1,monitor,46,24.95,One year,No,Mailed check
9798-OPFEM,1,monitor,46,21.1,Two year,No,Electronic check
9805-FILKB,1,monitor,46,20.2,One year,No,Bank transfer (automatic)
5310-NOOVA,1,monitor,46,19.95,Two year,No,Electronic check
5751-USDBL,1,monitor,46,81,Two year,DSL,Mailed check
6174-NRBTZ,1,monitor,46,30.75,One year,DSL,Bank transfer (automatic)
5862-BRIXZ,1,monitor,46,60.75,Two year,DSL,Bank transfer (automatic)
6374-AFWOX,1,monitor,46,65.65,Two year,DSL,Mailed check
2725-IWWBA,1,monitor,46,56.9,One year,DSL,Mailed check
0756-MPZRL,1,monitor,46,33.7,One year,DSL,Credit card (automatic)
0945-TSONX,1,monitor,47,85.3,Two year,DSL,Credit card (automatic)
7025-WCBNE,1,monitor,47,59.6,Two year,DSL,Bank transfer (automatic)
9620-QJREV,1,monitor,47,20.55,One year,No,Credit card (automatic)
4381-MHQDC,1,monitor,47,65,Two year,DSL,Mailed check
5232-NXPAY,1,monitor,47,74.45,Two year,DSL,Mailed check
7771-CFQRQ,1,monitor,47,63.8,Two year,DSL,Bank transfer (automatic)
9224-VTYID,1,monitor,47,90.5,Two year,DSL,Mailed check
8902-ZEOVF,1,monitor,47,20.05,One year,No,Mailed check
3079-BCHLN,1,monitor,47,19.9,One year,No,Bank transfer (automatic)
3557-HTYWR,1,monitor,47,74.05,Two year,DSL,Mailed check
4565-EVZMJ,1,monitor,47,58.9,One year,DSL,Mailed check
8571-ZCMCX,1,monitor,47,60,Two year,DSL,Credit card (automatic)
6810-VCAEX,1,monitor,47,39.65,One year,DSL,Credit card (automatic)
2324-AALNO,1,monitor,48,24.55,One year,No,Bank transfer (automatic)
7560-QRBXH,1,monitor,48,19.95,One year,No,Mailed check
1371-OJCEK,1,monitor,48,24.35,One year,No,Bank transfer (automatic)
0234-TEVTT,1,monitor,48,45,One year,DSL,Credit card (automatic)
6339-RZCBJ,1,monitor,48,78.9,Two year,DSL,Credit card (automatic)
2332-TODQS,1,monitor,48,25.05,One year,No,Credit card (automatic)
8859-YSTWS,1,monitor,48,19.95,One year,No,Bank transfer (automatic)
5696-JVVQY,1,monitor,48,70.1,Two year,DSL,Credit card (automatic)
5306-BVTKJ,1,monitor,48,55.8,One year,DSL,Credit card (automatic)
5170-PTRKA,1,monitor,49,35.8,One year,DSL,Credit card (automatic)
2812-REYAT,1,monitor,49,20.05,One year,No,Bank transfer (automatic)
9755-JHNMN,1,monitor,49,67.4,Two year,DSL,Bank transfer (automatic)
0487-CRLZF,1,monitor,49,74.45,Two year,DSL,Bank transfer (automatic)
4039-PIMHX,1,monitor,49,49.8,Two year,DSL,Mailed check
9732-OUYRN,1,monitor,49,19,One year,No,Credit card (automatic)
8430-TWCBX,1,monitor,49,20.7,One year,No,Credit card (automatic)
2821-WARNZ,1,monitor,49,19.45,One year,No,Credit card (automatic)
2676-SSLTO,1,monitor,49,66.15,Two year,DSL,Bank transfer (automatic)
0048-PIHNL,1,monitor,49,20.45,One year,No,Bank transfer (automatic)
6898-RBTLU,1,monitor,49,79.3,Two year,DSL,Bank transfer (automatic)
1264-FUHCX,1,monitor,49,56.3,One year,DSL,Credit card (automatic)
7138-GIRSH,1,monitor,50,69.5,Two year,DSL,Bank transfer (automatic)
0121-SNYRK,1,monitor,50,35.4,One year,DSL,Mailed check
2511-MORQY,1,monitor,50,54.9,One year,DSL,Bank transfer (automatic)
0263-FJTQO,1,monitor,50,70.5,Two year,DSL,Credit card (automatic)
4893-GYUJU,1,monitor,50,19.35,One year,No,Mailed check
4717-GHADL,1,monitor,50,79.6,Two year,DSL,Mailed check
9447-YPTBX,1,monitor,50,19.85,One year,No,Bank transfer (automatic)
7244-QWYHG,1,monitor,50,44.45,One year,DSL,Bank transfer (automatic)
9602-WCXPI,1,monitor,50,20.15,One year,No,Credit card (automatic)
9702-AIUJO,1,monitor,50,44.8,One year,DSL,Bank transfer (automatic)
0608-JDVEC,1,monitor,50,19.8,Two year,No,Electronic check
2589-AYCRP,1,monitor,50,19.75,One year,No,Bank transfer (automatic)
5774-QPLTF,1,monitor,50,20.35,One year,No,Mailed check
6598-KELSS,1,monitor,50,43.05,One year,DSL,Bank transfer (automatic)
8672-OAUPW,1,monitor,51,47.85,One year,DSL,Credit card (automatic)
5313-FPXWG,1,monitor,51,24.6,One year,No,Bank transfer (automatic)
1084-MNSMJ,1,monitor,51,85.5,Two year,DSL,Credit card (automatic)
3399-BMLVW,1,monitor,51,60.5,Two year,DSL,Credit card (automatic)
9060-HJJRW,1,monitor,51,56.4,One year,DSL,Credit card (automatic)
7297-DVYGA,1,monitor,51,19.85,One year,No,Bank transfer (automatic)
3401-URHDA,1,monitor,51,59.9,One year,DSL,Credit card (automatic)
6418-HNFED,1,monitor,51,83.25,Two year,DSL,Credit card (automatic)
3720-DBRWL,1,monitor,51,83.85,Two year,DSL,Credit card (automatic)
8630-QSGXK,1,monitor,51,75.2,Two year,DSL,Bank transfer (automatic)
6546-OPBBH,1,monitor,51,23.95,One year,No,Mailed check
4698-KVLLG,1,monitor,51,19.6,Two year,No,Credit card (automatic)
8249-THVEC,1,monitor,51,19.4,One year,No,Mailed check
8191-XWSZG,1,monitor,52,20.65,One year,No,Mailed check
7639-LIAYI,1,monitor,52,79.75,Two year,DSL,Credit card (automatic)
4549-ZDQYY,1,monitor,52,57.95,One year,DSL,Credit card (automatic)
4568-KNYWR,1,monitor,52,63.25,Two year,DSL,Credit card (automatic)
0946-FKYTX,1,monitor,52,30.1,One year,DSL,Mailed check
2252-NKNSI,1,monitor,52,85.15,Two year,DSL,Mailed check
9170-ARBTB,1,monitor,52,19.6,One year,No,Credit card (automatic)
6203-HBZPA,1,monitor,52,63.9,Two year,DSL,Credit card (automatic)
5266-PFRQK,1,monitor,52,20.85,One year,No,Credit card (automatic)
7109-CQYUZ,1,monitor,52,89.25,Two year,DSL,Mailed check
5792-JALQC,1,monitor,52,59.85,Two year,DSL,Bank transfer (automatic)
1834-ABKHQ,1,monitor,52,50.95,One year,DSL,Bank transfer (automatic)
4254-QPEDE,1,monitor,52,66.25,Two year,DSL,Credit card (automatic)
9503-XJUME,1,monitor,52,19.65,One year,No,Credit card (automatic)
9541-PWTWO,1,monitor,52,80.95,Two year,DSL,Bank transfer (automatic)
9746-YKGXB,1,monitor,52,44.25,One year,DSL,Bank transfer (automatic)
5245-VDBUR,1,monitor,52,35.45,One year,DSL,Mailed check
4648-YPBTM,1,monitor,53,73.9,Two year,DSL,Bank transfer (automatic)
5642-MHDQT,1,monitor,53,19.85,One year,No,Bank transfer (automatic)
3251-YMVWZ,1,monitor,53,24.05,One year,No,Bank transfer (automatic)
7872-BAAZR,1,monitor,53,19.55,One year,No,Bank transfer (automatic)
9451-WLYRI,1,monitor,53,19.05,One year,No,Credit card (automatic)
5944-UGLLK,1,monitor,53,54.9,One year,DSL,Credit card (automatic)
6925-BAYGL,1,monitor,53,25.1,Two year,No,Credit card (automatic)
5707-ZMDJP,1,monitor,53,69.7,Two year,DSL,Mailed check
1172-VIYBP,1,monitor,53,69.7,Two year,DSL,Bank transfer (automatic)
1722-LDZJS,1,monitor,53,20.2,One year,No,Credit card (automatic)
6288-CHQJB,1,monitor,54,69.95,Two year,DSL,Bank transfer (automatic)
7401-JIXNM,1,monitor,54,91.3,Two year,DSL,Credit card (automatic)
2160-GPFXD,1,monitor,54,65.65,Two year,DSL,Credit card (automatic)
7029-IJEJK,1,monitor,54,44.1,One year,DSL,Bank transfer (automatic)
0757-WCUUZ,1,monitor,54,63.35,Two year,DSL,Credit card (automatic)
4194-FJARJ,1,monitor,54,60,Two year,DSL,Bank transfer (automatic)
0536-ESJEP,1,monitor,54,74.55,Two year,DSL,Bank transfer (automatic)
7609-YBPXG,1,monitor,54,87.1,Two year,DSL,Bank transfer (automatic)
1333-PBMXB,1,monitor,54,24.75,One year,No,Bank transfer (automatic)
3719-TDVQB,1,monitor,54,18.95,Two year,No,Mailed check
7054-DMVAS,1,monitor,54,65.3,Two year,DSL,Bank transfer (automatic)
4547-FZJWE,1,monitor,55,59.45,One year,DSL,Credit card (automatic)
9018-PCIOK,1,monitor,55,64.75,Two year,DSL,Mailed check
7009-PCARS,1,monitor,55,19.1,One year,No,Bank transfer (automatic)
6504-VBLFL,1,monitor,55,58.6,Two year,DSL,Electronic check
0412-UCCNP,1,monitor,55,59.2,Two year,DSL,Electronic check
4644-OBGFZ,1,monitor,55,19.5,One year,No,Mailed check
0813-TAXXS,1,monitor,55,77.8,Two year,DSL,Bank transfer (automatic)
7269-JISCY,1,monitor,55,45.05,One year,DSL,Bank transfer (automatic)
2404-JIBFC,1,monitor,55,85.1,Two year,DSL,Bank transfer (automatic)
6051-PTVNS,1,monitor,55,19.15,One year,No,Credit card (automatic)
5451-MHQOF,1,monitor,56,24.45,One year,No,Mailed check
6922-NCEDI,1,monitor,56,21.2,One year,No,Mailed check
9150-HEPMB,1,monitor,56,52.7,One year,DSL,Mailed check
1088-AUUZZ,1,monitor,56,75.85,Two year,DSL,Credit card (automatic)
5893-PYOLZ,1,monitor,56,81.8,Two year,DSL,Credit card (automatic)
0621-TSSMU,1,monitor,56,19.95,One year,No,Credit card (automatic)
6481-LXPWL,1,monitor,56,36.1,One year,DSL,Credit card (automatic)
5181-OABFK,1,monitor,56,61.3,Two year,DSL,Credit card (automatic)
3050-RLLXC,1,monitor,56,81.25,Two year,DSL,Credit card (automatic)
9200-NLNPD,1,monitor,56,54.05,One year,DSL,Bank transfer (automatic)
6229-UOLQL,1,monitor,56,52,One year,DSL,Mailed check
7633-MVPUY,1,monitor,57,59.75,Two year,DSL,Electronic check
0602-DDUML,1,monitor,57,69.75,Two year,DSL,Mailed check
1023-BQXZE,1,monitor,57,74.35,Two year,DSL,Bank transfer (automatic)
5016-LIPDW,1,monitor,57,19.4,One year,No,Mailed check
6195-MELTI,1,monitor,57,54.65,One year,DSL,Mailed check
3950-VPYJB,1,monitor,57,59.6,One year,DSL,Mailed check
4188-PCPIG,1,monitor,57,70.35,Two year,DSL,Credit card (automatic)
8745-PVESG,1,monitor,57,41.1,One year,DSL,Credit card (automatic)
7153-CHRBV,1,monitor,57,59.3,One year,DSL,Mailed check
6169-PGNCD,1,monitor,57,74.3,Two year,DSL,Credit card (automatic)
7164-BPTUT,1,monitor,57,89.55,Two year,DSL,Mailed check
0104-PPXDV,1,monitor,58,50.3,One year,DSL,Credit card (automatic)
0556-FJEGU,1,monitor,58,70.1,Two year,DSL,Bank transfer (automatic)
4121-AGSIN,1,monitor,58,24.5,One year,No,Credit card (automatic)
9830-ECLEN,1,monitor,58,50,One year,DSL,Mailed check
6968-MHOMU,1,monitor,58,45,One year,DSL,Credit card (automatic)
7636-PEPNS,1,monitor,58,44.1,One year,DSL,Mailed check
5320-BRKGK,1,monitor,58,75.8,Two year,DSL,Mailed check
5614-DNZCE,1,monitor,58,64.9,Two year,DSL,Credit card (automatic)
7162-WPHPM,1,monitor,58,71.6,Two year,DSL,Credit card (automatic)
0604-THJFP,1,monitor,59,75.95,Two year,DSL,Credit card (automatic)
2123-VSCOT,1,monitor,59,72.1,Two year,DSL,Bank transfer (automatic)
9348-ROUAI,1,monitor,59,90.3,Two year,DSL,Credit card (automatic)
8295-KMENE,1,monitor,59,76.45,Two year,DSL,Mailed check
9581-GVBXT,1,monitor,59,34.8,One year,DSL,Mailed check
5075-JSDKI,1,monitor,59,24.45,Two year,No,Electronic check
1074-WVEVG,1,monitor,59,20.35,One year,No,Mailed check
5394-MEITZ,1,monitor,60,80.6,Two year,DSL,Bank transfer (automatic)
7471-WNSUF,1,monitor,60,24.15,One year,No,Bank transfer (automatic)
5110-CHOPY,1,monitor,60,53.6,Two year,DSL,Electronic check
1599-EAHXY,1,monitor,60,23.95,One year,No,Credit card (automatic)
4012-YCFAI,1,monitor,60,61.35,Two year,DSL,Mailed check
7139-JZFVG,1,monitor,60,60.5,Two year,DSL,Bank transfer (automatic)
1752-OZXFY,1,monitor,60,59.8,One year,DSL,Mailed check
9000-PLFUZ,1,monitor,60,49.45,Two year,DSL,Credit card (automatic)
6549-BTYPG,1,monitor,60,60.8,Two year,DSL,Credit card (automatic)
2661-GKBTK,1,monitor,60,76.95,Two year,DSL,Bank transfer (automatic)
3712-PKXZA,1,monitor,61,20.55,One year,No,Credit card (automatic)
0123-CRBRT,1,monitor,61,88.1,Two year,DSL,Mailed check
9548-LIGTA,1,monitor,61,81.05,Two year,DSL,Mailed check
7501-IWUNG,1,monitor,61,73.8,Two year,DSL,Bank transfer (automatic)
9068-VPWQQ,1,monitor,61,75.35,Two year,DSL,Credit card (automatic)
6614-YWYSC,1,monitor,61,25,Two year,No,Bank transfer (automatic)
3166-PNEOF,1,monitor,61,86.45,Two year,DSL,Credit card (automatic)
1697-LYYYX,1,monitor,61,19.1,One year,No,Credit card (automatic)
4825-XJGDM,1,monitor,61,43.7,One year,DSL,Credit card (automatic)
6897-RWMUB,1,monitor,61,68.05,Two year,DSL,Bank transfer (automatic)
1194-BHJYC,1,monitor,61,62.15,Two year,DSL,Mailed check
6248-BSHKG,1,monitor,61,20.4,One year,No,Mailed check
3654-ARMGP,1,monitor,61,88.65,Two year,DSL,Credit card (automatic)
6754-LZUKA,1,monitor,61,80.9,Two year,DSL,Bank transfer (automatic)
1534-OULXE,1,monitor,61,49.7,One year,DSL,Bank transfer (automatic)
8241-JUIQO,1,monitor,61,19.45,One year,No,Bank transfer (automatic)
6013-BHCAW,1,monitor,61,81,Two year,DSL,Bank transfer (automatic)
0916-KNFAJ,1,monitor,61,69.9,Two year,DSL,Mailed check
0909-SELIE,1,monitor,61,80.8,Two year,DSL,Bank transfer (automatic)
4891-NLUBA,1,monitor,61,61.45,Two year,DSL,Bank transfer (automatic)
2405-LBMUW,1,monitor,61,50.7,One year,DSL,Bank transfer (automatic)
6388-TABGU,1,monitor,62,56.15,One year,DSL,Bank transfer (automatic)
0784-GTUUK,1,monitor,62,23.75,One year,No,Credit card (automatic)
8390-FESFV,1,monitor,62,84.5,Two year,DSL,Bank transfer (automatic)
6418-PIQSP,1,monitor,62,81,Two year,DSL,Mailed check
4636-TVXVG,1,monitor,62,19.95,One year,No,Bank transfer (automatic)
5201-CBWYG,1,monitor,62,24.8,One year,No,Bank transfer (automatic)
0440-EKDCF,1,monitor,62,60.15,Two year,DSL,Credit card (automatic)
1221-GHZEP,1,monitor,62,65.1,Two year,DSL,Mailed check
0885-HMGPY,1,monitor,62,69.4,Two year,DSL,Bank transfer (automatic)
8050-XGRVL,1,monitor,62,54.75,One year,DSL,Credit card (automatic)
5130-YPIRV,1,monitor,62,72,Two year,DSL,Credit card (automatic)
4671-VJLCL,1,monitor,63,79.85,Two year,DSL,Credit card (automatic)
9639-BUJXT,1,monitor,63,20.5,One year,No,Mailed check
0459-SPZHJ,1,monitor,63,83.5,Two year,DSL,Credit card (automatic)
5125-CNDSP,1,monitor,63,40.6,One year,DSL,Bank transfer (automatic)
7643-RCHXS,1,monitor,63,19.35,Two year,No,Electronic check
9995-HOTOH,1,monitor,63,59,Two year,DSL,Electronic check
3795-GWTRD,1,monitor,63,75.55,Two year,DSL,Credit card (automatic)
3902-MIVLE,1,monitor,63,75.7,Two year,DSL,Mailed check
3055-VTCGS,1,monitor,63,58.55,One year,DSL,Credit card (automatic)
1187-WILMM,1,monitor,63,89.4,Two year,DSL,Credit card (automatic)
7860-UXCRM,1,monitor,63,74.5,Two year,DSL,Credit card (automatic)
4006-HKYHO,1,monitor,63,86.7,Two year,DSL,Bank transfer (automatic)
6741-QRLUP,1,monitor,63,80.3,Two year,DSL,Credit card (automatic)
4737-HOBAX,1,monitor,63,79.8,Two year,DSL,Credit card (automatic)
3796-ENZGF,1,monitor,63,67.25,Two year,DSL,Mailed check
9786-YWNHU,1,monitor,63,63.55,Two year,DSL,Mailed check
0674-GCDXG,1,monitor,63,71.9,Two year,DSL,Bank transfer (automatic)
5256-SKJGO,1,monitor,64,54.6,Two year,DSL,Electronic check
8592-PLTMQ,1,monitor,64,24.7,One year,No,Mailed check
9361-YNQWJ,1,monitor,64,24.4,One year,No,Bank transfer (automatic)
9091-WTUUY,1,monitor,64,69.25,Two year,DSL,Mailed check
2612-PHGOX,1,monitor,64,76.1,Two year,DSL,Bank transfer (automatic)
8060-HIWJJ,1,monitor,64,86.55,Two year,DSL,Credit card (automatic)
1813-JLKWR,1,monitor,64,19.8,One year,No,Bank transfer (automatic)
1897-OKVMW,1,monitor,64,90.6,Two year,DSL,Mailed check
5148-ORICT,1,monitor,64,74.35,Two year,DSL,Mailed check
1265-ZFOSD,1,monitor,64,81.3,Two year,DSL,Mailed check
6872-HXFNF,1,monitor,64,58.35,One year,DSL,Bank transfer (automatic)
1080-BWSYE,1,monitor,64,25.65,Two year,No,Credit card (automatic)
8259-DZLIZ,1,monitor,64,53.85,One year,DSL,Bank transfer (automatic)
7508-DQAKK,1,monitor,64,86.4,Two year,DSL,Credit card (automatic)
6139-ZZRBQ,1,monitor,64,20.05,Two year,No,Bank transfer (automatic)
3566-CAAYU,1,monitor,64,49.85,Two year,DSL,Electronic check
6096-EGVTU,1,monitor,64,24.9,One year,No,Mailed check
1468-DEFNC,1,monitor,64,24.4,Two year,No,Bank transfer (automatic)
9795-NREXC,1,monitor,64,85,Two year,DSL,Credit card (automatic)
2845-KDHVX,1,monitor,64,68.3,Two year,DSL,Mailed check
9888-ZCUMM,1,monitor,64,60.05,Two year,DSL,Bank transfer (automatic)
2040-LDIWQ,1,monitor,65,84.2,Two year,DSL,Bank transfer (automatic)
9565-FLVCG,1,monitor,65,69.55,Two year,DSL,Mailed check
2753-JMMCV,1,monitor,65,74.2,Two year,DSL,Credit card (automatic)
6916-HIJSE,1,monitor,65,84.85,Two year,DSL,Bank transfer (automatic)
9906-NHHVC,1,monitor,65,53.5,Two year,DSL,Bank transfer (automatic)
3227-WLKLI,1,monitor,65,91.55,Two year,DSL,Bank transfer (automatic)
2662-NNTDK,1,monitor,65,24.8,One year,No,Credit card (automatic)
4293-ETKAP,1,monitor,65,79.4,Two year,DSL,Bank transfer (automatic)
2649-HWLYB,1,monitor,65,76.15,Two year,DSL,Bank transfer (automatic)
0016-QLJIS,1,monitor,65,90.45,Two year,DSL,Mailed check
9227-YBAXE,1,monitor,65,82.5,Two year,DSL,Bank transfer (automatic)
2296-DKZFP,1,monitor,65,71,Two year,DSL,Bank transfer (automatic)
7233-PAHHL,1,monitor,66,84,Two year,DSL,Mailed check
2977-CEBSX,1,monitor,66,90.05,Two year,DSL,Credit card (automatic)
1525-LNLOJ,1,monitor,66,63.3,Two year,DSL,Bank transfer (automatic)
4999-IEZLT,1,monitor,66,29.45,One year,DSL,Credit card (automatic)
2430-RRYUW,1,monitor,66,54.8,One year,DSL,Mailed check
0839-JTCUD,1,monitor,66,89.9,Two year,DSL,Credit card (automatic)
5498-IBWPI,1,monitor,66,49.4,One year,DSL,Credit card (automatic)
8414-OOEEL,1,monitor,66,79.5,Two year,DSL,Credit card (automatic)
3948-KXDUF,1,monitor,66,68.75,Two year,DSL,Bank transfer (automatic)
5993-JSUWV,1,monitor,66,61.15,Two year,DSL,Bank transfer (automatic)
5485-ITNPC,1,monitor,66,85.9,Two year,DSL,Bank transfer (automatic)
8042-RNLKO,1,monitor,66,25.45,One year,No,Bank transfer (automatic)
0420-TXVSG,1,monitor,66,66.1,Two year,DSL,Credit card (automatic)
7975-JMZNT,1,monitor,66,91.7,Two year,DSL,Bank transfer (automatic)
5176-OLSKT,1,monitor,66,66.9,Two year,DSL,Bank transfer (automatic)
8404-VIOMB,1,monitor,66,62.5,Two year,DSL,Bank transfer (automatic)
7113-HIPFI,1,monitor,66,65.85,Two year,DSL,Mailed check
5317-FLPJF,1,monitor,66,61.35,Two year,DSL,Bank transfer (automatic)
3727-OVPRY,1,monitor,66,25.7,One year,No,Credit card (automatic)
0771-CHWSK,1,monitor,66,74.6,Two year,DSL,Credit card (automatic)
8232-CTLKO,1,monitor,66,59.75,Two year,DSL,Electronic check
5321-NTRKC,1,monitor,66,79.85,Two year,DSL,Bank transfer (automatic)
0531-XBKMM,1,monitor,66,65.7,Two year,DSL,Bank transfer (automatic)
4111-BNXIF,1,monitor,67,59.55,Two year,DSL,Electronic check
0379-DJQHR,1,monitor,67,81.35,Two year,DSL,Credit card (automatic)
4102-HLENU,1,monitor,67,65.65,Two year,DSL,Mailed check
6695-FRVEC,1,monitor,67,60.4,Two year,DSL,Bank transfer (automatic)
9993-LHIEB,1,monitor,67,67.85,Two year,DSL,Mailed check
3200-MNQTF,1,monitor,67,70.9,Two year,DSL,Credit card (automatic)
3470-OBUET,1,monitor,67,74,Two year,DSL,Credit card (automatic)
4176-RELJR,1,monitor,67,25.1,Two year,No,Credit card (automatic)
4702-HDRKD,1,monitor,67,49.35,One year,DSL,Bank transfer (automatic)
7197-VOJMM,1,monitor,67,69.2,Two year,DSL,Credit card (automatic)
1167-OYZJF,1,monitor,67,20.05,Two year,No,Bank transfer (automatic)
0436-TWFFZ,1,monitor,67,85.25,Two year,DSL,Mailed check
6980-CDGFC,1,monitor,67,20.85,One year,No,Bank transfer (automatic)
6729-FZWSY,1,monitor,67,19.45,One year,No,Mailed check
2990-OGYTD,1,monitor,67,86.15,Two year,DSL,Bank transfer (automatic)
6625-IUTTT,1,monitor,67,65.55,Two year,DSL,Bank transfer (automatic)
9610-WCESF,1,monitor,67,43.9,Two year,DSL,Electronic check
0254-WWRKD,1,monitor,67,50.55,One year,DSL,Credit card (automatic)
5996-EBTKM,1,monitor,67,69.9,Two year,DSL,Bank transfer (automatic)
8181-YHCMF,1,monitor,68,60.3,Two year,DSL,Credit card (automatic)
3067-SVMTC,1,monitor,68,55.9,One year,DSL,Bank transfer (automatic)
6152-ONASV,1,monitor,68,58.25,One year,DSL,Bank transfer (automatic)
2077-DDHJK,1,monitor,68,70.9,Two year,DSL,Credit card (automatic)
8100-PNJMH,1,monitor,68,88.85,Two year,DSL,Credit card (automatic)
3533-UVMOM,1,monitor,68,70.95,Two year,DSL,Bank transfer (automatic)
3500-NSDOA,1,monitor,68,70.8,Two year,DSL,Credit card (automatic)
1568-LJSZU,1,monitor,68,92.2,Two year,DSL,Credit card (automatic)
3638-VBZTA,1,monitor,68,86.5,Two year,DSL,Bank transfer (automatic)
5680-LQOGP,1,monitor,68,82.45,Two year,DSL,Credit card (automatic)
3889-VWBID,1,monitor,68,82.85,Two year,DSL,Bank transfer (automatic)
2378-YIZKA,1,monitor,68,85,Two year,DSL,Credit card (automatic)
8690-ZVLCL,1,monitor,68,88,Two year,DSL,Credit card (automatic)
9140-CZQZZ,1,monitor,68,79.6,Two year,DSL,Bank transfer (automatic)
2211-RMNHO,1,monitor,68,85.3,Two year,DSL,Bank transfer (automatic)
6094-ZIVKX,1,monitor,68,54.45,One year,DSL,Credit card (automatic)
0361-HJRDX,1,monitor,68,64.35,Two year,DSL,Credit card (automatic)
3563-SVYLG,1,monitor,68,62.65,Two year,DSL,Credit card (automatic)
2137-DQMEV,1,monitor,68,44.8,One year,DSL,Mailed check
6258-PVZWJ,1,monitor,68,90.8,Two year,DSL,Credit card (automatic)
2256-YLYLP,1,monitor,68,72.95,Two year,DSL,Bank transfer (automatic)
6369-MCAKO,1,monitor,68,89.05,Two year,DSL,Bank transfer (automatic)
3454-JFUBC,1,monitor,68,20,Two year,No,Credit card (automatic)
9281-CEDRU,1,monitor,68,64.1,Two year,DSL,Bank transfer (automatic)
2954-PIBKO,1,monitor,69,64.15,Two year,DSL,Credit card (automatic)
8626-PTQGE,1,monitor,69,60.05,Two year,DSL,Bank transfer (automatic)
5736-YEJAX,1,monitor,69,79.45,Two year,DSL,Credit card (automatic)
2882-WDTBA,1,monitor,69,75.75,Two year,DSL,Bank transfer (automatic)
5930-GBIWP,1,monitor,69,81.5,Two year,DSL,Credit card (automatic)
4115-UMJFQ,1,monitor,69,35.75,One year,DSL,Bank transfer (automatic)
9135-MGVPY,1,monitor,69,84.7,Two year,DSL,Mailed check
1085-LDWAM,1,monitor,69,20.35,One year,No,Credit card (automatic)
8039-EQPIM,1,monitor,69,60.25,Two year,DSL,Bank transfer (automatic)
9220-CXRSC,1,monitor,69,61.4,Two year,DSL,Credit card (automatic)
6023-GSSXW,1,monitor,69,61.45,Two year,DSL,Credit card (automatic)
5457-COLHT,1,monitor,69,80.65,Two year,DSL,Bank transfer (automatic)
8413-YNHNV,1,monitor,69,90.65,Two year,DSL,Mailed check
4302-ZYFEL,1,monitor,69,20.55,One year,No,Credit card (automatic)
5795-BKOYE,1,monitor,69,59.1,One year,DSL,Bank transfer (automatic)
7515-LODFU,1,monitor,69,20.3,Two year,No,Credit card (automatic)
2885-HIJDH,1,monitor,69,86.9,Two year,DSL,Bank transfer (automatic)
9110-HSGTV,1,monitor,69,82.45,Two year,DSL,Credit card (automatic)
8169-SAEJD,1,monitor,69,56.55,Two year,DSL,Credit card (automatic)
8645-KOMJQ,1,monitor,69,81.95,Two year,DSL,Bank transfer (automatic)
0383-CLDDA,1,monitor,69,85.35,Two year,DSL,Credit card (automatic)
8990-YOZLV,1,monitor,69,66.9,Two year,DSL,Mailed check
1122-YJBCS,1,monitor,69,53.65,One year,DSL,Credit card (automatic)
9489-DEDVP,1,monitor,70,69.2,Two year,DSL,Credit card (automatic)
9477-LGWQI,1,monitor,70,80.15,Two year,DSL,Credit card (automatic)
8590-YFFQO,1,monitor,70,64.95,Two year,DSL,Credit card (automatic)
6870-ZWMNX,1,monitor,70,76.1,Two year,DSL,Credit card (automatic)
6248-TKCQV,1,monitor,70,80.6,Two year,DSL,Bank transfer (automatic)
5816-JMLGY,1,monitor,70,80.4,Two year,DSL,Bank transfer (automatic)
6732-VAILE,1,monitor,70,85.95,Two year,DSL,Credit card (automatic)
7639-OPLNG,1,monitor,70,79.25,Two year,DSL,Bank transfer (automatic)
7706-YLMQA,1,monitor,70,19.7,One year,No,Bank transfer (automatic)
9067-YGSCA,1,monitor,70,26.05,One year,No,Credit card (automatic)
9481-WHGWY,1,monitor,70,75.35,Two year,DSL,Credit card (automatic)
3181-VTHOE,1,monitor,70,51.05,One year,DSL,Bank transfer (automatic)
8205-VSLRB,1,monitor,70,77.3,Two year,DSL,Credit card (automatic)
8174-TBVCF,1,monitor,70,94.8,Two year,DSL,Credit card (automatic)
2900-PHPLN,1,monitor,70,19.55,Two year,No,Credit card (automatic)
5915-ANOEI,1,monitor,70,79.15,Two year,DSL,Mailed check
2987-BJXIK,1,monitor,70,84.7,Two year,DSL,Mailed check
2126-GSEGL,1,monitor,70,84.8,Two year,DSL,Bank transfer (automatic)
5208-FVQKB,1,monitor,70,67.95,Two year,DSL,Mailed check
4915-BFSXL,1,monitor,70,68.95,Two year,DSL,Credit card (automatic)
3486-HOOGQ,1,monitor,70,79.7,Two year,DSL,Bank transfer (automatic)
6695-AMZUF,1,monitor,70,86.45,Two year,DSL,Credit card (automatic)
6122-LJADA,1,monitor,70,90.15,Two year,DSL,Credit card (automatic)
9415-ZNBSX,1,monitor,70,89,Two year,DSL,Bank transfer (automatic)
2535-PBCGC,1,monitor,70,64.55,Two year,DSL,Bank transfer (automatic)
6586-MYGKD,1,monitor,70,76.95,Two year,DSL,Credit card (automatic)
4654-ULTTN,1,monitor,70,74.8,Two year,DSL,Credit card (automatic)
8821-KVZKQ,1,monitor,70,58.4,One year,DSL,Bank transfer (automatic)
4701-LKOZD,1,monitor,70,89.75,Two year,DSL,Credit card (automatic)
7560-QJAVJ,1,monitor,70,79.6,Two year,DSL,Bank transfer (automatic)
6953-PBDIN,1,monitor,70,72.95,Two year,DSL,Bank transfer (automatic)
1131-QQZEB,1,monitor,71,23.95,Two year,No,Bank transfer (automatic)
6885-PKOAM,1,monitor,71,85.75,Two year,DSL,Credit card (automatic)
5846-NEQVZ,1,monitor,71,70.85,Two year,DSL,Credit card (automatic)
5781-RFZRP,1,monitor,71,73.5,Two year,DSL,Credit card (automatic)
5676-CFLYY,1,monitor,71,73.35,Two year,DSL,Credit card (automatic)
3429-IFLEM,1,monitor,71,77.35,Two year,DSL,Credit card (automatic)
7649-SIJJF,1,monitor,71,80.1,Two year,DSL,Mailed check
8146-QQKZH,1,monitor,71,81.85,Two year,DSL,Bank transfer (automatic)
7898-PDWQE,1,monitor,71,80.4,Two year,DSL,Credit card (automatic)
5377-NDTOU,1,monitor,71,91.05,Two year,DSL,Mailed check
7398-HPYZQ,1,monitor,71,90.55,Two year,DSL,Bank transfer (automatic)
5003-XZWWO,1,monitor,71,84.2,Two year,DSL,Credit card (automatic)
5494-WOZRZ,1,monitor,71,82,Two year,DSL,Credit card (automatic)
8619-IJNDK,1,monitor,71,64.05,Two year,DSL,Credit card (automatic)
7579-KKLOE,1,monitor,71,91.25,Two year,DSL,Mailed check
0730-BGQGF,1,monitor,71,90.3,Two year,DSL,Credit card (automatic)
5406-KGRMX,1,monitor,71,24.55,Two year,No,Electronic check
9668-PUGNU,1,monitor,71,24.5,Two year,No,Electronic check
1265-BCFEO,1,monitor,71,80.45,Two year,DSL,Bank transfer (automatic)
8766-PAFNE,1,monitor,71,79.1,Two year,DSL,Credit card (automatic)
6997-UVGOX,1,monitor,71,85.45,Two year,DSL,Bank transfer (automatic)
6461-SZMCV,1,monitor,71,87.95,Two year,DSL,Bank transfer (automatic)
9435-JMLSX,1,monitor,71,86.1,Two year,DSL,Bank transfer (automatic)
4674-HGNUA,1,monitor,71,89.9,Two year,DSL,Credit card (automatic)
5117-ZSMHQ,1,monitor,71,89.9,Two year,DSL,Bank transfer (automatic)
3911-RSNHI,1,monitor,71,61.4,Two year,DSL,Credit card (automatic)
5197-LQXXH,1,monitor,71,83.3,Two year,DSL,Credit card (automatic)
3508-VLHCZ,1,monitor,71,90.55,Two year,DSL,Credit card (automatic)
5699-BNCAS,1,monitor,71,24.65,Two year,No,Mailed check
2176-OSJUV,1,monitor,71,65.15,Two year,DSL,Bank transfer (automatic)
3836-FZSDJ,1,monitor,71,24.85,Two year,No,Bank transfer (automatic)
7998-WNZEM,1,monitor,71,80.6,Two year,DSL,Bank transfer (automatic)
5227-JSCFE,1,monitor,71,46.35,Two year,DSL,Credit card (automatic)
3996-ZNWYK,1,monitor,71,19.8,Two year,No,Credit card (automatic)
4973-MGTON,1,monitor,71,84.4,Two year,DSL,Credit card (automatic)
0363-SVHYR,1,monitor,71,86.85,Two year,DSL,Bank transfer (automatic)
9479-HYNYL,1,monitor,71,80.7,Two year,DSL,Credit card (automatic)
6283-GITPX,1,monitor,71,76.9,Two year,DSL,Credit card (automatic)
2194-IIQOF,1,monitor,71,89.3,Two year,DSL,Credit card (automatic)
1635-NZATJ,1,monitor,71,25.45,Two year,No,Credit card (automatic)
3779-OSWCF,1,monitor,71,93.2,Two year,DSL,Credit card (automatic)
7110-BDTWG,1,monitor,71,47.05,Two year,DSL,Electronic check
8722-PRFDV,1,monitor,71,77.55,Two year,DSL,Credit card (automatic)
6253-GNHWH,1,monitor,71,71.1,Two year,DSL,Mailed check
6365-HITVU,1,monitor,71,87.25,Two year,DSL,Credit card (automatic)
5248-YGIJN,1,monitor,72,90.25,Two year,DSL,Credit card (automatic)
5997-OPVFA,1,monitor,72,89.05,Two year,DSL,Bank transfer (automatic)
7301-ABVAD,1,monitor,72,86.6,Two year,DSL,Bank transfer (automatic)
7781-HVGMK,1,monitor,72,65.2,Two year,DSL,Credit card (automatic)
3649-JPUGY,1,monitor,72,88.6,Two year,DSL,Bank transfer (automatic)
4723-BEGSG,1,monitor,72,86.65,Two year,DSL,Credit card (automatic)
1775-KWJKQ,1,monitor,72,89.85,Two year,DSL,Credit card (automatic)
0078-XZMHT,1,monitor,72,85.15,Two year,DSL,Bank transfer (automatic)
8338-QIUNR,1,monitor,72,66.5,Two year,DSL,Credit card (automatic)
1266-NZYUI,1,monitor,72,66.85,Two year,DSL,Bank transfer (automatic)
0229-LFJAF,1,monitor,72,69.65,Two year,DSL,Bank transfer (automatic)
9926-PJHDQ,1,monitor,72,76.8,Two year,DSL,Bank transfer (automatic)
9778-OGKQZ,1,monitor,72,92,Two year,DSL,Credit card (automatic)
7408-OFWXJ,1,monitor,72,89.8,Two year,DSL,Credit card (automatic)
8374-UULRV,1,monitor,72,86.05,Two year,DSL,Credit card (automatic)
5275-PMFUT,1,monitor,72,64.8,Two year,DSL,Credit card (automatic)
4079-WWQQQ,1,monitor,72,65.55,Two year,DSL,Bank transfer (automatic)
6115-ZTBFQ,1,monitor,72,65.5,Two year,DSL,Bank transfer (automatic)
2226-ICFDO,1,monitor,72,85.9,Two year,DSL,Credit card (automatic)
7722-VJRQD,1,monitor,72,60.95,Two year,DSL,Bank transfer (automatic)
3084-DOWLE,1,monitor,72,92,Two year,DSL,Bank transfer (automatic)
3071-MVJCD,1,monitor,72,82.3,Two year,DSL,Bank transfer (automatic)
8039-ACLPL,1,monitor,72,68.75,Two year,DSL,Credit card (automatic)
9242-TKFSV,1,monitor,72,65.1,Two year,DSL,Credit card (automatic)
4751-ERMAN,1,monitor,72,75.4,Two year,DSL,Bank transfer (automatic)
1971-DTCZB,1,monitor,72,90.95,Two year,DSL,Bank transfer (automatic)
5980-BDHPY,1,monitor,72,87.1,Two year,DSL,Bank transfer (automatic)
4737-AQCPU,1,monitor,72,72.1,Two year,DSL,Credit card (automatic)
5605-XNWEN,1,monitor,72,25,Two year,No,Bank transfer (automatic)
7860-KSUGX,1,monitor,72,64.45,Two year,DSL,Credit card (automatic)
0973-KYVNF,1,monitor,72,70.65,Two year,DSL,Credit card (automatic)
7873-CVMAW,1,monitor,72,88.55,Two year,DSL,Credit card (automatic)
1951-IEYXM,1,monitor,72,90.6,Two year,DSL,Credit card (automatic)
0744-BIKKF,1,monitor,72,86.65,Two year,DSL,Bank transfer (automatic)
2251-PYLPB,1,monitor,72,79.55,Two year,DSL,Credit card (automatic)
4139-DETXS,1,monitor,72,64.45,Two year,DSL,Bank transfer (automatic)
7101-HRBLJ,1,monitor,72,83.7,Two year,DSL,Bank transfer (automatic)
2234-EOFPT,1,monitor,72,79.35,Two year,DSL,Bank transfer (automatic)
5334-AFQJB,1,monitor,72,25.1,Two year,No,Credit card (automatic)
9339-FIIJL,1,monitor,72,85.95,Two year,DSL,Bank transfer (automatic)
4967-WPNCF,1,monitor,72,63.7,Two year,DSL,Bank transfer (automatic)
8197-BFWVU,1,monitor,72,93.25,Two year,DSL,Bank transfer (automatic)
6585-WCEWR,1,monitor,72,20.35,Two year,No,Electronic check
8735-SDUFN,1,monitor,72,24.3,Two year,No,Bank transfer (automatic)
6384-VMJHP,1,monitor,72,73,Two year,DSL,Credit card (automatic)
9297-EONCV,1,monitor,72,91.35,Two year,DSL,Bank transfer (automatic)
0244-LGNFY,1,monitor,72,92.65,Two year,DSL,Bank transfer (automatic)
0301-FIDRB,1,monitor,72,63.8,Two year,DSL,Bank transfer (automatic)
9453-PATOS,1,monitor,72,85.1,Two year,DSL,Mailed check
9443-JUBUO,1,monitor,72,65.25,Two year,DSL,Credit card (automatic)
0238-WHBIQ,1,monitor,72,89.7,Two year,DSL,Credit card (automatic)
5879-HMFFH,1,monitor,72,88.05,Two year,DSL,Bank transfer (automatic)
4900-MSOMT,1,monitor,72,80.2,Two year,DSL,Bank transfer (automatic)
5766-FTRTS,1,monitor,72,84.45,Two year,DSL,Mailed check
2560-QTSBS,1,monitor,72,23.3,One year,No,Bank transfer (automatic)
6479-VDGRK,1,monitor,72,85.3,Two year,DSL,Bank transfer (automatic)
3569-JFODW,1,monitor,72,90.95,Two year,DSL,Credit card (automatic)
5296-PSYVW,1,monitor,72,24.55,Two year,No,Electronic check
9385-NXKDA,1,monitor,72,82.65,Two year,DSL,Credit card (automatic)
6701-YVNQG,1,monitor,72,88.7,Two year,DSL,Credit card (automatic)
9065-ZCPQX,1,monitor,72,78.85,Two year,DSL,Bank transfer (automatic)
9823-EALYC,1,monitor,72,80.85,Two year,DSL,Bank transfer (automatic)
5803-NQJZO,1,monitor,72,67.8,Two year,DSL,Bank transfer (automatic)
2235-EZAIK,1,monitor,72,79.2,Two year,DSL,Credit card (automatic)
0769-MURVM,1,monitor,72,65.7,Two year,DSL,Bank transfer (automatic)
2990-IAJSV,1,monitor,72,92,Two year,DSL,Bank transfer (automatic)
1227-UDMZR,1,monitor,72,91.15,Two year,DSL,Bank transfer (automatic)
8908-NMQTX,1,monitor,72,65.6,Two year,DSL,Bank transfer (automatic)
2824-DXNKN,1,monitor,72,71.45,Two year,DSL,Bank transfer (automatic)
9489-JMTTN,1,monitor,72,89.75,Two year,DSL,Credit card (automatic)
4077-HWUYD,1,monitor,72,87.55,Two year,DSL,Bank transfer (automatic)
6855-VLGOS,1,monitor,72,20.55,Two year,No,Electronic check
9499-XPZXM,1,monitor,72,64.75,Two year,DSL,Bank transfer (automatic)
8218-FFJDS,1,monitor,72,86.4,Two year,DSL,Bank transfer (automatic)
2192-CKRLV,1,monitor,72,49.2,Two year,DSL,Electronic check
0988-AADSA,1,monitor,72,80.85,Two year,DSL,Bank transfer (automatic)
8125-QPFJD,1,monitor,72,84.9,Two year,DSL,Bank transfer (automatic)
0562-FGDCR,1,monitor,72,74.55,Two year,DSL,Mailed check
4827-DPADN,1,monitor,72,83.3,Two year,DSL,Bank transfer (automatic)
5360-XGYAZ,1,monitor,72,65.65,Two year,DSL,Bank transfer (automatic)
3262-EIDHV,1,monitor,72,84.7,Two year,DSL,Credit card (automatic)
5727-MYATE,1,monitor,72,90.8,Two year,DSL,Credit card (automatic)
1676-MQAOA,1,monitor,72,75.1,Two year,DSL,Bank transfer (automatic)
5115-GZDEL,1,monitor,72,67.2,Two year,DSL,Credit card (automatic)
7399-QHBJS,1,monitor,72,66.75,Two year,DSL,Credit card (automatic)
9488-FVZCC,1,monitor,72,79.5,Two year,DSL,Bank transfer (automatic)
2725-TTRIQ,1,monitor,72,84.2,Two year,DSL,Bank transfer (automatic)
2302-OUZXB,1,monitor,72,82.15,Two year,DSL,Bank transfer (automatic)
3913-FCUUW,1,monitor,72,70.45,Two year,DSL,Bank transfer (automatic)
0336-KXKFK,1,monitor,72,61.2,Two year,DSL,Credit card (automatic)
0795-XCCTE,1,monitor,72,25.4,Two year,No,Bank transfer (automatic)
6408-WHTEF,1,monitor,72,89.4,Two year,DSL,Mailed check
4291-TPNFG,1,monitor,72,82.3,Two year,DSL,Bank transfer (automatic)
6087-YPWHO,1,monitor,72,68.15,Two year,DSL,Mailed check
8661-BOYNW,1,monitor,72,84.4,Two year,DSL,Credit card (automatic)
7169-YWAMK,1,monitor,72,68.4,Two year,DSL,Bank transfer (automatic)
9114-DPSIA,1,monitor,72,81,Two year,DSL,Credit card (automatic)
2925-VDZHY,1,monitor,72,88.7,Two year,DSL,Credit card (automatic)
4718-WXBGI,1,monitor,72,91.95,Two year,DSL,Credit card (automatic)
6631-HMANX,1,monitor,72,85.45,Two year,DSL,Credit card (automatic)
3544-FBCAS,1,monitor,72,83.6,Two year,DSL,Credit card (automatic)
1027-LKKQQ,1,monitor,72,80.45,Two year,DSL,Bank transfer (automatic)
6656-GULJQ,1,monitor,72,83.55,Two year,DSL,Credit card (automatic)
3938-YFPXD,1,monitor,72,84.3,Two year,DSL,Credit card (automatic)
3967-KXAPS,1,monitor,72,92.3,Two year,DSL,Credit card (automatic)
2452-MRMZF,1,monitor,72,25.7,Two year,No,Credit card (automatic)
0270-THENM,1,monitor,72,69.85,Two year,DSL,Bank transfer (automatic)
0191-EQUUH,0,monitor,25,35.05,Two year,DSL,Bank transfer (automatic)
7267-FRMJW,0,monitor,25,20.1,Two year,No,Mailed check
3458-IDMFK,0,monitor,25,20.75,Two year,No,Mailed check
2805-AUFQN,0,monitor,25,19.8,Two year,No,Credit card (automatic)
0071-NDAFP,0,monitor,25,25.5,Two year,No,Credit card (automatic)
9945-PSVIP,0,monitor,25,18.7,Two year,No,Mailed check
5859-HZYLF,0,monitor,26,19.15,Two year,No,Credit card (automatic)
7850-THJMU,0,monitor,26,19.65,Two year,No,Credit card (automatic)
7596-IIWYC,0,monitor,27,20.25,Two year,No,Bank transfer (automatic)
7552-KEYGT,0,monitor,27,19.55,Two year,No,Bank transfer (automatic)
9392-XBGTD,0,monitor,27,20.6,Two year,No,Mailed check
3721-WKIIL,0,monitor,27,19.6,Two year,No,Mailed check
5171-EPLKN,0,monitor,27,19.85,Two year,No,Credit card (automatic)
6064-ZATLR,0,monitor,27,52.85,Two year,DSL,Bank transfer (automatic)
9717-IOAAF,0,monitor,27,25.85,Two year,No,Credit card (automatic)
4609-KNNWG,0,monitor,27,19.9,Two year,No,Mailed check
2346-CZYIL,0,monitor,27,20.35,Two year,No,Credit card (automatic)
2595-KIWPV,0,monitor,27,19.7,Two year,No,Credit card (automatic)
9950-MTGYX,0,monitor,28,20.3,Two year,No,Credit card (automatic)
6199-IPCAO,0,monitor,29,26.1,Two year,No,Mailed check
0559-CKHUS,0,monitor,29,19.55,Two year,No,Mailed check
1627-AFWVJ,0,monitor,29,19.4,Two year,No,Mailed check
0625-AFOHS,0,monitor,29,20.2,Two year,No,Mailed check
0839-QNXME,0,monitor,30,19.4,Two year,No,Credit card (automatic)
3373-DIUUN,0,monitor,30,21.25,Two year,No,Mailed check
1821-BUCWY,0,monitor,30,55.65,Two year,DSL,Mailed check
6609-MXJHJ,0,monitor,30,25.1,Two year,No,Mailed check
4774-HHGGS,0,monitor,30,19.05,Two year,No,Mailed check
1270-XKUCC,0,monitor,30,19.7,Two year,No,Mailed check
4641-FROLU,0,monitor,30,19.3,Two year,No,Mailed check
7605-BDWDC,0,monitor,31,49.85,Two year,DSL,Bank transfer (automatic)
6265-FRMTQ,0,monitor,31,20.4,Two year,No,Bank transfer (automatic)
5480-XTFFL,0,monitor,31,21,Two year,No,Mailed check
5322-ZSMZY,0,monitor,31,25.75,Two year,No,Mailed check
5124-EOGYE,0,monitor,31,20.45,Two year,No,Mailed check
8174-LNWMW,0,monitor,31,20.9,Two year,No,Credit card (automatic)
0301-KOBTQ,0,monitor,32,20.05,Two year,No,Bank transfer (automatic)
7321-KKSDU,0,monitor,32,20.5,Two year,No,Mailed check
4635-EJYPD,0,monitor,32,18.95,Two year,No,Mailed check
4213-HKBJO,0,monitor,33,25.7,Two year,No,Credit card (automatic)
3769-MHZNV,0,monitor,33,20.1,Two year,No,Mailed check
4664-NJCMS,0,monitor,33,59.55,Two year,DSL,Bank transfer (automatic)
2729-VNVAP,0,monitor,33,19.8,Two year,No,Credit card (automatic)
8859-DZTGQ,0,monitor,33,20.35,Two year,No,Mailed check
3957-SQXML,0,monitor,34,24.95,Two year,No,Credit card (automatic)
3521-HTQTV,0,monitor,34,26.1,Two year,No,Bank transfer (automatic)
6551-VLJMV,0,monitor,34,20.05,Two year,No,Credit card (automatic)
9385-EHGDO,0,monitor,35,19.85,Two year,No,Mailed check
7601-GNDYK,0,monitor,35,19.6,Two year,No,Mailed check
5845-BZZIB,0,monitor,35,20.1,Two year,No,Mailed check
6169-PPETC,0,monitor,35,20.5,Two year,No,Bank transfer (automatic)
1970-KKFWL,0,monitor,35,23.3,Two year,No,Bank transfer (automatic)
9885-MFVSU,0,monitor,35,46.35,Two year,DSL,Credit card (automatic)
5622-UEJFI,0,monitor,35,25.4,Two year,No,Credit card (automatic)
3057-VJJQE,0,monitor,35,55.25,Two year,DSL,Mailed check
9631-RXVJM,0,monitor,35,19.25,Two year,No,Mailed check
4896-CPRPF,0,monitor,35,25.45,Two year,No,Bank transfer (automatic)
3451-VAWLI,0,monitor,35,19.7,Two year,No,Credit card (automatic)
7945-PRBVF,0,monitor,35,21.45,Two year,No,Bank transfer (automatic)
7815-PDTHL,0,monitor,35,20.2,Two year,No,Mailed check
2511-ALLCS,0,monitor,35,24.3,Two year,No,Bank transfer (automatic)
9560-BBZXK,0,monitor,36,31.05,Two year,DSL,Bank transfer (automatic)
2773-MADBQ,0,monitor,36,53.1,Two year,DSL,Mailed check
8966-KZXXA,0,monitor,36,25.1,Two year,No,Credit card (automatic)
6479-SZPLM,0,monitor,36,19.45,Two year,No,Credit card (automatic)
7665-NKLAV,0,monitor,36,40.65,Two year,DSL,Credit card (automatic)
2642-MAWLJ,0,monitor,36,20.25,Two year,No,Bank transfer (automatic)
0827-ITJPH,0,monitor,36,18.55,Two year,No,Credit card (automatic)
8917-FAEMR,0,monitor,37,19.85,Two year,No,Mailed check
7696-CFTAT,0,monitor,37,19.8,Two year,No,Bank transfer (automatic)
9624-EGDEQ,0,monitor,37,19.8,Two year,No,Mailed check
8450-LUGUK,0,monitor,37,24.1,Two year,No,Bank transfer (automatic)
3891-NLXJB,0,monitor,37,40.55,Two year,DSL,Mailed check
8727-XDPUD,0,monitor,37,35.8,Two year,DSL,Credit card (automatic)
9650-VBUOG,0,monitor,38,25.05,Two year,No,Credit card (automatic)
1087-GRUYI,0,monitor,38,20.4,Two year,No,Bank transfer (automatic)
0582-AVCLN,0,monitor,38,20.3,Two year,No,Mailed check
2300-RQGOI,0,monitor,38,20.05,Two year,No,Mailed check
9418-RUKPH,0,monitor,38,19.95,Two year,No,Mailed check
8577-QSOCG,0,monitor,38,20.2,Two year,No,Mailed check
8859-AXJZP,0,monitor,39,23.8,Two year,No,Mailed check
1271-UODNO,0,monitor,39,53.85,Two year,DSL,Credit card (automatic)
4835-YSJMR,0,monitor,39,49.8,Two year,DSL,Bank transfer (automatic)
1839-FBNFR,0,monitor,39,19.85,Two year,No,Bank transfer (automatic)
5804-JMYIO,0,monitor,39,19.75,Two year,No,Mailed check
4884-LEVMQ,0,monitor,39,20.45,Two year,No,Bank transfer (automatic)
8219-VYBVI,0,monitor,39,25,Two year,No,Mailed check
8874-EJNSR,0,monitor,39,25.2,Two year,No,Mailed check
5006-MXVRN,0,monitor,39,20.7,Two year,No,Credit card (automatic)
9710-NJERN,0,monitor,39,20.15,Two year,No,Mailed check
5249-QYHEX,0,monitor,40,24.8,Two year,No,Mailed check
1106-HRLKZ,0,monitor,40,19.6,Two year,No,Mailed check
4735-BJKOU,0,monitor,40,20.15,Two year,No,Mailed check
0362-RAOQO,0,monitor,40,19.65,Two year,No,Credit card (automatic)
7205-BAIAD,0,monitor,40,20.6,Two year,No,Bank transfer (automatic)
4526-EXKKN,0,monitor,40,24.6,Two year,No,Mailed check
9068-FHQHD,0,monitor,40,20.15,Two year,No,Bank transfer (automatic)
3472-QPRCH,0,monitor,40,25.25,Two year,No,Credit card (automatic)
4933-BSAIP,0,monitor,40,19.1,Two year,No,Mailed check
8402-OOOHJ,0,monitor,41,20.65,Two year,No,Mailed check
9938-PRCVK,0,monitor,41,19.7,Two year,No,Bank transfer (automatic)
0936-NQLJU,0,monitor,41,20.65,Two year,No,Credit card (automatic)
3097-FQTVJ,0,monitor,41,20,Two year,No,Mailed check
5465-BUBFA,0,monitor,41,19.3,Two year,No,Bank transfer (automatic)
5231-FIQPA,0,monitor,41,19.85,Two year,No,Mailed check
9585-KKMFD,0,monitor,41,20,Two year,No,Mailed check
6000-UKLWI,0,monitor,41,20.15,Two year,No,Mailed check
5542-NKVRU,0,monitor,42,20.75,Two year,No,Bank transfer (automatic)
5656-MJEFC,0,monitor,42,48.15,Two year,DSL,Credit card (automatic)
4878-BUNFV,0,monitor,42,20.7,Two year,No,Mailed check
8922-NPKBJ,0,monitor,42,19.35,Two year,No,Mailed check
8215-NGSPE,0,monitor,42,20,Two year,No,Mailed check
7799-LGRDP,0,monitor,43,25.7,Two year,No,Credit card (automatic)
1985-MBRYP,0,monitor,43,19.65,Two year,No,Bank transfer (automatic)
8234-GSZYK,0,monitor,43,26.45,Two year,No,Bank transfer (automatic)
2208-NKVVH,0,monitor,43,24.25,Two year,No,Mailed check
1047-RNXZV,0,monitor,43,19.55,Two year,No,Mailed check
8896-RAZCR,0,monitor,44,19.9,Two year,No,Mailed check
4625-LAMOB,0,monitor,44,20.4,Two year,No,Credit card (automatic)
7191-ADRGF,0,monitor,44,54.3,Two year,DSL,Bank transfer (automatic)
5583-EJXRD,0,monitor,44,54.05,Two year,DSL,Credit card (automatic)
6725-TPKJO,0,monitor,44,20.05,Two year,No,Mailed check
7242-EDTYC,0,monitor,44,19.55,Two year,No,Bank transfer (automatic)
8292-ITGYJ,0,monitor,45,24.65,Two year,No,Bank transfer (automatic)
4652-ODEVH,0,monitor,45,24.45,Two year,No,Mailed check
2208-MPXIO,0,monitor,45,20,Two year,No,Bank transfer (automatic)
5242-UOWHD,0,monitor,45,20.35,Two year,No,Mailed check
6619-RPLQZ,0,monitor,45,20.85,Two year,No,Mailed check
7284-ZZLOH,0,monitor,45,53.3,Two year,DSL,Credit card (automatic)
3284-SVCRO,0,monitor,45,25.5,Two year,No,Mailed check
1716-LSAMB,0,monitor,45,54.65,Two year,DSL,Bank transfer (automatic)
6813-GZQCG,0,monitor,45,24.65,Two year,No,Credit card (automatic)
2796-NNUFI,0,monitor,46,19.95,Two year,No,Mailed check
0386-CWRGM,0,monitor,46,19.4,Two year,No,Mailed check
5296-BFCYD,0,monitor,46,20.1,Two year,No,Mailed check
3764-MNMOI,0,monitor,46,19.2,Two year,No,Credit card (automatic)
5970-GHJAW,0,monitor,46,19.95,Two year,No,Credit card (automatic)
9674-EHPPG,0,monitor,46,40.4,Two year,DSL,Credit card (automatic)
0206-OYVOC,0,monitor,46,19.25,Two year,No,Mailed check
9975-GPKZU,0,monitor,46,19.75,Two year,No,Credit card (automatic)
6119-SPUDB,0,monitor,46,38.25,Two year,DSL,Mailed check
0506-YLVKJ,0,monitor,46,20.2,Two year,No,Mailed check
3190-ITQXP,0,monitor,46,20.25,Two year,No,Bank transfer (automatic)
6762-NSODU,0,monitor,46,19.4,Two year,No,Credit card (automatic)
2068-WWXQZ,0,monitor,46,20.05,Two year,No,Bank transfer (automatic)
5176-LMJXE,0,monitor,47,20.55,Two year,No,Mailed check
9646-NMHXE,0,monitor,47,19.65,Two year,No,Mailed check
5529-GIBVH,0,monitor,47,20.15,Two year,No,Mailed check
6961-MJKBO,0,monitor,47,20.45,Two year,No,Bank transfer (automatic)
5968-HYJRZ,0,monitor,47,24.55,Two year,No,Mailed check
9081-WWXKP,0,monitor,47,20.25,Two year,No,Credit card (automatic)
4837-PZTIC,0,monitor,47,41.9,Two year,DSL,Mailed check
4742-TXUEX,0,monitor,47,19.3,Two year,No,Bank transfer (automatic)
2888-ADFAO,0,monitor,47,21.3,Two year,No,Bank transfer (automatic)
0932-YIXYU,0,monitor,47,20.25,Two year,No,Credit card (automatic)
5093-FEGLU,0,monitor,47,19.65,Two year,No,Bank transfer (automatic)
1709-EJDOX,0,monitor,47,19.75,Two year,No,Mailed check
7634-HLQJR,0,monitor,47,20.05,Two year,No,Credit card (automatic)
1862-QRWPE,0,monitor,48,20.65,Two year,No,Bank transfer (automatic)
6425-JWTDV,0,monitor,48,19.25,Two year,No,Mailed check
5939-SXWHM,0,monitor,48,26.3,Two year,No,Bank transfer (automatic)
6177-PEVRA,0,monitor,48,55.5,Two year,DSL,Credit card (automatic)
2230-XTUWL,0,monitor,48,19.55,Two year,No,Mailed check
4361-FEBGN,0,monitor,48,20.15,Two year,No,Credit card (automatic)
7601-DHFWZ,0,monitor,48,24,Two year,No,Credit card (automatic)
9251-AWQGT,0,monitor,48,20,Two year,No,Mailed check
1116-FRYVH,0,monitor,48,39.4,Two year,DSL,Mailed check
0442-TDYUO,0,monitor,48,20.05,Two year,No,Mailed check
7033-CLAMM,0,monitor,48,20.2,Two year,No,Bank transfer (automatic)
4779-ZGICK,0,monitor,48,23.55,Two year,No,Mailed check
9916-AYHTC,0,monitor,48,19.85,Two year,No,Credit card (automatic)
0318-ZOPWS,0,monitor,49,20.15,Two year,No,Bank transfer (automatic)
6770-UAYGJ,0,monitor,49,25.25,Two year,No,Mailed check
1306-RPWXZ,0,monitor,49,20.45,Two year,No,Credit card (automatic)
1936-CZAKF,0,monitor,49,49.65,Two year,DSL,Credit card (automatic)
9588-YRFHY,0,monitor,49,19.9,Two year,No,Credit card (automatic)
3170-NMYVV,0,monitor,50,20.15,Two year,No,Bank transfer (automatic)
6292-TOSSS,0,monitor,50,24.9,Two year,No,Bank transfer (automatic)
3933-DQPWX,0,monitor,50,39.7,Two year,DSL,Credit card (automatic)
8957-THMOA,0,monitor,50,20.15,Two year,No,Credit card (automatic)
2817-LVCPP,0,monitor,50,19.4,Two year,No,Credit card (automatic)
1215-EXRMO,0,monitor,50,20.55,Two year,No,Mailed check
5549-ZGHFB,0,monitor,50,24.95,Two year,No,Mailed check
6340-DACFT,0,monitor,50,20.55,Two year,No,Credit card (automatic)
5044-XDPYX,0,monitor,51,25.5,Two year,No,Mailed check
7340-KEFQE,0,monitor,51,34.2,Two year,DSL,Bank transfer (automatic)
1574-DYCWE,0,monitor,51,19.95,Two year,No,Mailed check
2263-SFSQZ,0,monitor,51,24.95,Two year,No,Mailed check
8701-DGLVH,0,monitor,51,20.45,Two year,No,Mailed check
6582-PLFUU,0,monitor,51,19.55,Two year,No,Credit card (automatic)
6407-GSJNL,0,monitor,51,24.95,Two year,No,Bank transfer (automatic)
6080-LNESI,0,monitor,51,24.75,Two year,No,Mailed check
4807-IZYOZ,0,monitor,51,20.65,Two year,No,Bank transfer (automatic)
3212-KXOCR,0,monitor,52,21,Two year,No,Bank transfer (automatic)
1248-DYXUB,0,monitor,52,24.8,Two year,No,Mailed check
0732-OCQOC,0,monitor,52,25.05,Two year,No,Bank transfer (automatic)
8532-UEFWH,0,monitor,52,25.75,Two year,No,Mailed check
9565-AXSMR,0,monitor,52,19.2,Two year,No,Mailed check
7963-SHNDT,0,monitor,52,39.1,Two year,DSL,Mailed check
9371-BITHB,0,monitor,52,19.85,Two year,No,Mailed check
5762-TJXGK,0,monitor,52,58.75,Two year,DSL,Bank transfer (automatic)
9257-AZMTZ,0,monitor,52,20.1,Two year,No,Bank transfer (automatic)
3620-EHIMZ,0,monitor,52,19.35,Two year,No,Mailed check
1207-BLKSA,0,monitor,52,23.05,Two year,No,Mailed check
0463-TXOAK,0,monitor,52,25.6,Two year,No,Credit card (automatic)
2207-RYYRL,0,monitor,52,24.55,Two year,No,Mailed check
0298-XACET,0,monitor,52,50.2,Two year,DSL,Mailed check
1241-FPMOF,0,monitor,52,19.65,Two year,No,Mailed check
3088-FVYWK,0,monitor,53,25.55,Two year,No,Credit card (automatic)
0621-CXBKL,0,monitor,53,18.7,Two year,No,Mailed check
6518-PPLMZ,0,monitor,53,19.4,Two year,No,Mailed check
1657-DYMBM,0,monitor,53,19.9,Two year,No,Credit card (automatic)
3785-KTYSH,0,monitor,53,24.6,Two year,No,Mailed check
9504-YAZWB,0,monitor,53,20.25,Two year,No,Mailed check
9814-AOUDH,0,monitor,53,19.5,Two year,No,Credit card (automatic)
6349-JDHQP,0,monitor,53,19.85,Two year,No,Credit card (automatic)
2675-IJRGJ,0,monitor,53,19.65,Two year,No,Bank transfer (automatic)
9173-IVZVP,0,monitor,53,20.9,Two year,No,Mailed check
0040-HALCW,0,monitor,54,20.4,Two year,No,Credit card (automatic)
7427-AUFPY,0,monitor,54,19.65,Two year,No,Credit card (automatic)
8540-ZQGEA,0,monitor,54,20.05,Two year,No,Credit card (automatic)
0017-DINOC,0,monitor,54,45.2,Two year,DSL,Credit card (automatic)
4676-WLUHT,0,monitor,54,46.2,Two year,DSL,Bank transfer (automatic)
2228-BZDEE,0,monitor,54,20.1,Two year,No,Mailed check
3120-FAZKD,0,monitor,54,24.05,Two year,No,Bank transfer (automatic)
9507-HSMMZ,0,monitor,54,20,Two year,No,Mailed check
7647-GYYKX,0,monitor,54,20.35,Two year,No,Bank transfer (automatic)
8510-TMWYB,0,monitor,54,59.8,Two year,DSL,Bank transfer (automatic)
3662-FXJFO,0,monitor,54,20.5,Two year,No,Mailed check
5126-RCXYW,0,monitor,54,46,Two year,DSL,Credit card (automatic)
2075-PUEPR,0,monitor,55,19.35,Two year,No,Bank transfer (automatic)
5095-ETBRJ,0,monitor,55,56.8,Two year,DSL,Mailed check
1098-KFQEC,0,monitor,55,19.4,Two year,No,Credit card (automatic)
5793-YOLJN,0,monitor,55,21,Two year,No,Mailed check
8380-MQINP,0,monitor,55,20.3,Two year,No,Mailed check
1335-MXCSE,0,monitor,55,55.25,Two year,DSL,Credit card (automatic)
1073-XXCZD,0,monitor,55,25.7,Two year,No,Bank transfer (automatic)
8807-OPMBM,0,monitor,55,25.65,Two year,No,Credit card (automatic)
2400-FEQME,0,monitor,55,20.5,Two year,No,Mailed check
2418-TPEUN,0,monitor,56,19.8,Two year,No,Credit card (automatic)
2908-WGAXL,0,monitor,56,24.95,Two year,No,Credit card (automatic)
8129-GMVGI,0,monitor,56,20.05,Two year,No,Mailed check
4521-WFJAI,0,monitor,56,25.95,Two year,No,Bank transfer (automatic)
4299-OPXEJ,0,monitor,56,19.55,Two year,No,Bank transfer (automatic)
4979-HPRFL,0,monitor,56,24.15,Two year,No,Bank transfer (automatic)
0019-GFNTW,0,monitor,56,45.05,Two year,DSL,Bank transfer (automatic)
8626-XHBIE,0,monitor,56,24.8,Two year,No,Mailed check
6681-ZSEXG,0,monitor,56,59.5,Two year,DSL,Credit card (automatic)
3646-ITDGM,0,monitor,56,19.7,Two year,No,Bank transfer (automatic)
9593-CVZKR,0,monitor,56,24.45,Two year,No,Mailed check
7018-FPXHH,0,monitor,56,59.8,Two year,DSL,Bank transfer (automatic)
6217-KDYWC,0,monitor,57,19.6,Two year,No,Mailed check
8755-OGKNA,0,monitor,57,19.5,Two year,No,Bank transfer (automatic)
7416-CKTEP,0,monitor,57,19.6,Two year,No,Bank transfer (automatic)
3474-BAFSJ,0,monitor,57,57.5,Two year,DSL,Bank transfer (automatic)
5821-MMEIL,0,monitor,57,19.9,Two year,No,Bank transfer (automatic)
1139-WUOAH,0,monitor,57,53.35,Two year,DSL,Credit card (automatic)
8727-JQFHV,0,monitor,57,20.75,Two year,No,Mailed check
1399-OUPJN,0,monitor,57,19.75,Two year,No,Bank transfer (automatic)
8464-EETCQ,0,monitor,57,18.8,Two year,No,Credit card (automatic)
0780-XNZFN,0,monitor,57,20.65,Two year,No,Bank transfer (automatic)
7493-GVFIO,0,monitor,57,20.55,Two year,No,Credit card (automatic)
4990-ALDGW,0,monitor,57,20.75,Two year,No,Mailed check
0508-SQWPL,0,monitor,57,20.1,Two year,No,Bank transfer (automatic)
3638-WEABW,0,monitor,58,59.9,Two year,DSL,Credit card (automatic)
9661-JALZV,0,monitor,58,24.7,Two year,No,Credit card (automatic)
8361-LBRDI,0,monitor,58,24.35,Two year,No,Credit card (automatic)
4859-ZSRDZ,0,monitor,58,55.5,Two year,DSL,Credit card (automatic)
6625-FLENO,0,monitor,58,20.75,Two year,No,Mailed check
5356-KZCKT,0,monitor,58,24.45,Two year,No,Credit card (automatic)
3457-PQBYH,0,monitor,58,20.3,Two year,No,Credit card (automatic)
1231-YNDEK,0,monitor,58,19.15,Two year,No,Bank transfer (automatic)
6762-QVYJO,0,monitor,58,59.75,Two year,DSL,Mailed check
9084-OAYKL,0,monitor,58,20.8,Two year,No,Mailed check
3359-DSRKA,0,monitor,58,19.85,Two year,No,Mailed check
5567-GZKQY,0,monitor,58,20.3,Two year,No,Credit card (automatic)
5995-LFTLE,0,monitor,58,25.3,Two year,No,Credit card (automatic)
3777-XROBG,0,monitor,58,19.55,Two year,No,Credit card (automatic)
2346-LOCWC,0,monitor,58,20.5,Two year,No,Credit card (automatic)
4534-WGCIR,0,monitor,58,25.15,Two year,No,Credit card (automatic)
2146-EGVDT,0,monitor,59,19.3,Two year,No,Credit card (automatic)
8711-LOBKY,0,monitor,59,19.85,Two year,No,Mailed check
9764-REAFF,0,monitor,59,18.4,Two year,No,Bank transfer (automatic)
0603-TPMIB,0,monitor,59,25.45,Two year,No,Mailed check
1955-IBMMB,0,monitor,59,20.2,Two year,No,Bank transfer (automatic)
9102-OXKFY,0,monitor,59,54.15,Two year,DSL,Credit card (automatic)
8514-VZHEB,0,monitor,59,19.5,Two year,No,Mailed check
4458-KVRBJ,0,monitor,59,25,Two year,No,Mailed check
7328-ZJAJO,0,monitor,59,19.5,Two year,No,Credit card (automatic)
8164-OCKUJ,0,monitor,59,20.6,Two year,No,Mailed check
7293-LSCDV,0,monitor,60,19.25,Two year,No,Credit card (automatic)
7131-ZQZNK,0,monitor,60,59.85,Two year,DSL,Credit card (automatic)
0343-QLUZP,0,monitor,60,39.6,Two year,DSL,Bank transfer (automatic)
9087-EYCPR,0,monitor,60,25,Two year,No,Mailed check
7114-AEOZE,0,monitor,60,19.85,Two year,No,Bank transfer (automatic)
8917-SZTTJ,0,monitor,60,19.65,Two year,No,Credit card (automatic)
7717-BICXI,0,monitor,60,20.55,Two year,No,Mailed check
9372-TXXPS,0,monitor,60,59.85,Two year,DSL,Bank transfer (automatic)
2525-GVKQU,0,monitor,60,20.6,Two year,No,Mailed check
3154-HMWUU,0,monitor,60,20.5,Two year,No,Bank transfer (automatic)
3507-GASNP,0,monitor,60,19.95,Two year,No,Mailed check
1460-UZPRJ,0,monitor,60,19.95,Two year,No,Mailed check
6685-XSHHU,0,monitor,60,20.95,Two year,No,Bank transfer (automatic)
4940-KHCWD,0,monitor,60,37.7,Two year,DSL,Bank transfer (automatic)
7157-SMCFK,0,monitor,61,19.75,Two year,No,Mailed check
4785-FCIFB,0,monitor,61,24.4,Two year,No,Mailed check
8434-VGEQQ,0,monitor,61,20.55,Two year,No,Credit card (automatic)
4018-PPNDW,0,monitor,61,24.1,Two year,No,Mailed check
6701-DHKWQ,0,monitor,61,51.35,Two year,DSL,Credit card (automatic)
1241-EZFMJ,0,monitor,61,25.45,Two year,No,Bank transfer (automatic)
0704-VCUMB,0,monitor,61,20.25,Two year,No,Credit card (automatic)
2481-SBOYW,0,monitor,61,25,Two year,No,Credit card (automatic)
6370-ZVHDV,0,monitor,61,25.3,Two year,No,Bank transfer (automatic)
3580-GICBM,0,monitor,61,24.2,Two year,No,Mailed check
1830-IPXVJ,0,monitor,61,19.75,Two year,No,Credit card (automatic)
8028-PNXHQ,0,monitor,62,24.25,Two year,No,Bank transfer (automatic)
4335-BSMJS,0,monitor,62,25.8,Two year,No,Credit card (automatic)
0979-MOZQI,0,monitor,62,39,Two year,DSL,Bank transfer (automatic)
2632-TACXW,0,monitor,62,23.65,Two year,No,Bank transfer (automatic)
6485-QXWWE,0,monitor,62,26,Two year,No,Bank transfer (automatic)
7064-JHXCE,0,monitor,62,20.05,Two year,No,Credit card (automatic)
0962-CQPWQ,0,monitor,62,20.3,Two year,No,Bank transfer (automatic)
7274-CGTOD,0,monitor,62,43.7,Two year,DSL,Bank transfer (automatic)
7599-NTMDP,0,monitor,62,48.7,Two year,DSL,Bank transfer (automatic)
8046-DNVTL,0,monitor,62,38.6,Two year,DSL,Credit card (automatic)
6134-KWTBV,0,monitor,62,23.4,Two year,No,Bank transfer (automatic)
3635-QQRQD,0,monitor,62,20.05,Two year,No,Credit card (automatic)
7608-RGIRO,0,monitor,62,24.4,Two year,No,Mailed check
3970-XGJDU,0,monitor,62,19.2,Two year,No,Credit card (automatic)
0847-HGRML,0,monitor,62,20,Two year,No,Bank transfer (automatic)
2236-HILPA,0,monitor,62,20.65,Two year,No,Credit card (automatic)
5656-JAMLX,0,monitor,62,19.85,Two year,No,Bank transfer (automatic)
7268-WNTCP,0,monitor,62,20.45,Two year,No,Bank transfer (automatic)
3249-VHRIP,0,monitor,62,43.6,Two year,DSL,Credit card (automatic)
6621-NRZAK,0,monitor,63,20,Two year,No,Credit card (automatic)
8780-IHCRN,0,monitor,63,24.65,Two year,No,Credit card (automatic)
3498-LZGQZ,0,monitor,63,19.15,Two year,No,Mailed check
5799-JRCZO,0,monitor,63,19.5,Two year,No,Credit card (automatic)
9953-ZMKSM,0,monitor,63,25.25,Two year,No,Mailed check
8857-CUPFQ,0,monitor,63,19.25,Two year,No,Mailed check
8043-PNYSD,0,monitor,63,19.55,Two year,No,Mailed check
9625-RZFUK,0,monitor,63,19.7,Two year,No,Mailed check
2162-FRZAA,0,monitor,63,39.35,Two year,DSL,Bank transfer (automatic)
8838-GPHZP,0,monitor,63,20.6,Two year,No,Mailed check
0281-CNTZX,0,monitor,63,19.95,Two year,No,Bank transfer (automatic)
8946-BFWSG,0,monitor,63,25.25,Two year,No,Mailed check
5135-RDDQL,0,monitor,63,50.65,Two year,DSL,Bank transfer (automatic)
1705-GUHPV,0,monitor,63,24.2,Two year,No,Mailed check
3774-VBNXY,0,monitor,64,20.2,Two year,No,Mailed check
2616-FLVQC,0,monitor,64,19.55,Two year,No,Mailed check
1852-QSWCD,0,monitor,64,24.8,Two year,No,Mailed check
3027-YNWZU,0,monitor,64,25,Two year,No,Credit card (automatic)
8347-GDTMP,0,monitor,64,19.45,Two year,No,Credit card (automatic)
7503-EPSZW,0,monitor,64,24.05,Two year,No,Mailed check
3913-RDSJZ,0,monitor,64,25.55,Two year,No,Mailed check
9135-HSWOC,0,monitor,64,19.7,Two year,No,Bank transfer (automatic)
6848-HJTXY,0,monitor,64,19.45,Two year,No,Credit card (automatic)
0374-FIUCA,0,monitor,65,20.4,Two year,No,Credit card (automatic)
7596-ZYWBB,0,monitor,65,59.6,Two year,DSL,Mailed check
7969-FFOWG,0,monitor,65,19.9,Two year,No,Mailed check
7941-RCJOW,0,monitor,65,19.55,Two year,No,Credit card (automatic)
9359-JANWS,0,monitor,65,58.9,Two year,DSL,Credit card (automatic)
2050-ONYDQ,0,monitor,65,26,Two year,No,Credit card (automatic)
6734-JDTTV,0,monitor,65,19.85,Two year,No,Credit card (automatic)
8747-UDCOI,0,monitor,65,19.35,Two year,No,Bank transfer (automatic)
8316-BBQAY,0,monitor,65,59.95,Two year,DSL,Credit card (automatic)
6723-CEGQI,0,monitor,65,45.25,Two year,DSL,Mailed check
0485-ZBSLN,0,monitor,65,24.75,Two year,No,Credit card (automatic)
2799-TSLAG,0,monitor,65,25.3,Two year,No,Bank transfer (automatic)
5982-XMDEX,0,monitor,65,26.5,Two year,No,Bank transfer (automatic)
5666-MBJPT,0,monitor,65,25.1,Two year,No,Bank transfer (automatic)
1972-XMUWV,0,monitor,65,59.8,Two year,DSL,Credit card (automatic)
2097-YVPKN,0,monitor,65,25.75,Two year,No,Mailed check
0230-WEQUW,0,monitor,66,56.6,Two year,DSL,Bank transfer (automatic)
2804-ETQDK,0,monitor,66,20.55,Two year,No,Mailed check
5730-DBDSI,0,monitor,66,19.7,Two year,No,Bank transfer (automatic)
1764-VUUMT,0,monitor,66,19.95,Two year,No,Credit card (automatic)
1767-CJKBA,0,monitor,66,25.1,Two year,No,Mailed check
9795-SHUHB,0,monitor,66,58.2,Two year,DSL,Credit card (automatic)
9337-SRRNI,0,monitor,66,25.3,Two year,No,Credit card (automatic)
7996-MHXLW,0,monitor,66,25.15,Two year,No,Credit card (automatic)
0277-ORXQS,0,monitor,66,50.55,Two year,DSL,Bank transfer (automatic)
8780-YRMTT,0,monitor,66,47.4,Two year,DSL,Mailed check
3745-HRPHI,0,monitor,66,54.65,Two year,DSL,Bank transfer (automatic)
7008-LZVOZ,0,monitor,66,25.3,Two year,No,Credit card (automatic)
7729-XBTWX,0,monitor,66,19.75,Two year,No,Mailed check
8165-CBKXO,0,monitor,66,56.75,Two year,DSL,Credit card (automatic)
9800-OUIGR,0,monitor,66,20,Two year,No,Credit card (automatic)
1302-TPUBN,0,monitor,66,19.35,Two year,No,Bank transfer (automatic)
8587-XYZSF,0,monitor,67,50.55,Two year,DSL,Bank transfer (automatic)
9972-EWRJS,0,monitor,67,19.25,Two year,No,Bank transfer (automatic)
3813-DHBBB,0,monitor,67,50.95,Two year,DSL,Bank transfer (automatic)
3768-VHXQO,0,monitor,67,24.85,Two year,No,Credit card (automatic)
2626-VEEWG,0,monitor,67,19.4,Two year,No,Credit card (automatic)
8069-RHUXK,0,monitor,67,35.7,Two year,DSL,Credit card (automatic)
5067-WJEUN,0,monitor,67,54.2,Two year,DSL,Bank transfer (automatic)
2143-LJULT,0,monitor,67,25.25,Two year,No,Credit card (automatic)
5397-NSKQG,0,monitor,67,50.9,Two year,DSL,Credit card (automatic)
0397-ZXWQF,0,monitor,67,20.5,Two year,No,Bank transfer (automatic)
6651-RLGGM,0,monitor,67,26.3,Two year,No,Mailed check
3873-WOSBC,0,monitor,67,25.6,Two year,No,Credit card (automatic)
1945-XISKS,0,monitor,67,19.65,Two year,No,Mailed check
1240-HCBOH,0,monitor,67,26.1,Two year,No,Mailed check
3884-UEBXB,0,monitor,67,36.15,Two year,DSL,Bank transfer (automatic)
6857-TKDJV,0,monitor,67,24.65,Two year,No,Bank transfer (automatic)
7167-PCEYD,0,monitor,67,19.8,Two year,No,Mailed check
5010-IPEAQ,0,monitor,67,54.2,Two year,DSL,Credit card (automatic)
3967-VQOGC,0,monitor,67,24.9,Two year,No,Mailed check
7558-IMLMT,0,monitor,67,20.8,Two year,No,Mailed check
8441-SHIPE,0,monitor,67,25.6,Two year,No,Bank transfer (automatic)
5146-YYFRZ,0,monitor,67,19.95,Two year,No,Bank transfer (automatic)
9574-BOSMD,0,monitor,68,25.4,Two year,No,Bank transfer (automatic)
7695-PKLCZ,0,monitor,68,20.5,Two year,No,Credit card (automatic)
8819-WFGGJ,0,monitor,68,54.1,Two year,DSL,Bank transfer (automatic)
5848-FHRFC,0,monitor,68,20.05,Two year,No,Bank transfer (automatic)
2007-QVGAW,0,monitor,68,19.35,Two year,No,Bank transfer (automatic)
2560-WBWXF,0,monitor,68,24.15,Two year,No,Bank transfer (automatic)
5472-CVMDX,0,monitor,68,38.9,Two year,DSL,Mailed check
6484-LATFU,0,monitor,68,24.55,Two year,No,Mailed check
7225-IILWY,0,monitor,68,25.75,Two year,No,Mailed check
2181-TIDSV,0,monitor,68,19.95,Two year,No,Bank transfer (automatic)
5220-AGAAX,0,monitor,68,24,Two year,No,Bank transfer (automatic)
3696-DFHHB,0,monitor,68,25.5,Two year,No,Bank transfer (automatic)
2696-RZVZW,0,monitor,68,25.05,Two year,No,Credit card (automatic)
3678-MNGZX,0,monitor,68,19.95,Two year,No,Bank transfer (automatic)
3274-NSDWE,0,monitor,68,19.6,Two year,No,Credit card (automatic)
1209-VFFOC,0,monitor,68,56.4,Two year,DSL,Mailed check
1619-YWUBB,0,monitor,68,24.95,Two year,No,Credit card (automatic)
2072-ZVJJX,0,monitor,68,25.25,Two year,No,Bank transfer (automatic)
3118-UHVVQ,0,monitor,68,25.8,Two year,No,Credit card (automatic)
6345-FZOQH,0,monitor,69,19.9,Two year,No,Mailed check
2984-RGEYA,0,monitor,69,19.75,Two year,No,Bank transfer (automatic)
0971-QIFJK,0,monitor,69,24.25,Two year,No,Bank transfer (automatic)
9397-TZSHA,0,monitor,69,24.6,Two year,No,Credit card (automatic)
6980-IMXXE,0,monitor,69,20.2,Two year,No,Bank transfer (automatic)
0042-RLHYP,0,monitor,69,19.7,Two year,No,Bank transfer (automatic)
4656-CAURT,0,monitor,69,23.95,Two year,No,Bank transfer (automatic)
7876-DNYAP,0,monitor,69,19.8,Two year,No,Credit card (automatic)
8232-UTFOZ,0,monitor,69,19.95,Two year,No,Credit card (automatic)
5346-BZCHP,0,monitor,69,19.4,Two year,No,Mailed check
4195-PNGZS,0,monitor,69,24.45,Two year,No,Bank transfer (automatic)
3148-AOIQT,0,monitor,69,24.95,Two year,No,Credit card (automatic)
2253-KPMNB,0,monitor,69,46.25,Two year,DSL,Bank transfer (automatic)
9537-JALFH,0,monitor,69,19.9,Two year,No,Bank transfer (automatic)
7306-YDSOI,0,monitor,69,59.75,Two year,DSL,Bank transfer (automatic)
6522-OIQSX,0,monitor,69,54.95,Two year,DSL,Credit card (automatic)
0902-XKXPN,0,monitor,69,20.2,Two year,No,Bank transfer (automatic)
0567-XRHCU,0,monitor,69,43.95,Two year,DSL,Credit card (automatic)
7673-BQGKU,0,monitor,69,20.15,Two year,No,Bank transfer (automatic)
8882-TLVRW,0,monitor,69,39.1,Two year,DSL,Mailed check
7480-SPLEF,0,monitor,69,26,Two year,No,Bank transfer (automatic)
9500-WBGRP,0,monitor,69,19.1,Two year,No,Mailed check
3308-DGHKL,0,monitor,69,19.3,Two year,No,Bank transfer (automatic)
5115-SQAAU,0,monitor,69,25.6,Two year,No,Bank transfer (automatic)
8966-SNIZF,0,monitor,70,19.45,Two year,No,Bank transfer (automatic)
2996-XAUVF,0,monitor,70,40.05,Two year,DSL,Mailed check
0505-SPOOW,0,monitor,70,19.8,Two year,No,Bank transfer (automatic)
1403-GYAFU,0,monitor,70,20.05,Two year,No,Credit card (automatic)
0214-JHPFW,0,monitor,70,57.8,Two year,DSL,Bank transfer (automatic)
1459-QNFQT,0,monitor,70,59.5,Two year,DSL,Bank transfer (automatic)
1299-AURJA,0,monitor,70,24.7,Two year,No,Bank transfer (automatic)
0562-KBDVM,0,monitor,70,44.6,Two year,DSL,Bank transfer (automatic)
4312-GVYNH,0,monitor,70,49.85,Two year,DSL,Bank transfer (automatic)
1837-YQUCE,0,monitor,70,58.35,Two year,DSL,Bank transfer (automatic)
6060-QBMGV,0,monitor,70,19.85,Two year,No,Credit card (automatic)
5854-KSRBJ,0,monitor,70,25.4,Two year,No,Mailed check
8285-ABVLB,0,monitor,70,19.85,Two year,No,Credit card (automatic)
6963-KQYQB,0,monitor,70,24.05,Two year,No,Mailed check
8207-VVMYB,0,monitor,70,26,Two year,No,Bank transfer (automatic)
8242-PDSGJ,0,monitor,70,39.15,Two year,DSL,Credit card (automatic)
5902-WBLSE,0,monitor,70,20.15,Two year,No,Credit card (automatic)
0394-YONDK,0,monitor,70,25.15,Two year,No,Credit card (automatic)
3810-PJUHR,0,monitor,70,25.35,Two year,No,Mailed check
6010-DDPPW,0,monitor,70,25.15,Two year,No,Bank transfer (automatic)
4589-IUAJB,0,monitor,70,24.25,Two year,No,Bank transfer (automatic)
8750-QWZAJ,0,monitor,70,19.8,Two year,No,Bank transfer (automatic)
0613-WUXUM,0,monitor,70,19.2,Two year,No,Mailed check
0848-SOMKO,0,monitor,70,48.4,Two year,DSL,Bank transfer (automatic)
4957-SREEC,0,monitor,70,20.35,Two year,No,Credit card (automatic)
4443-EMBNA,0,monitor,71,24.75,Two year,No,Bank transfer (automatic)
7014-ZZXAW,0,monitor,71,24.25,Two year,No,Credit card (automatic)
3973-SKMLN,0,monitor,71,19.9,Two year,No,Credit card (automatic)
0114-IGABW,0,monitor,71,58.25,Two year,DSL,Bank transfer (automatic)
3261-CQXOL,0,monitor,71,25.45,Two year,No,Bank transfer (automatic)
6614-YOLAC,0,monitor,71,58.65,Two year,DSL,Mailed check
0831-JNISG,0,monitor,71,19.8,Two year,No,Mailed check
4565-NLZBV,0,monitor,71,24.65,Two year,No,Bank transfer (automatic)
9964-WBQDJ,0,monitor,71,24.4,Two year,No,Credit card (automatic)
3173-WSSUE,0,monitor,71,19.7,Two year,No,Credit card (automatic)
3279-DYZQM,0,monitor,71,19.45,Two year,No,Mailed check
8229-BUJHX,0,monitor,71,20.5,Two year,No,Bank transfer (automatic)
4872-JCVCA,0,monitor,71,47.6,Two year,DSL,Bank transfer (automatic)
3612-YVGSJ,0,monitor,71,24.45,Two year,No,Credit card (automatic)
9153-BTBVV,0,monitor,71,25,Two year,No,Bank transfer (automatic)
6164-HAQTX,0,monitor,71,53.95,Two year,DSL,Bank transfer (automatic)
3642-BYHDO,0,monitor,71,19.9,Two year,No,Bank transfer (automatic)
1591-XWLGB,0,monitor,71,19.85,Two year,No,Credit card (automatic)
0174-QRVVY,0,monitor,71,25.35,Two year,No,Credit card (automatic)
7688-AWMDX,0,monitor,71,54.5,Two year,DSL,Bank transfer (automatic)
9365-CSLBQ,0,monitor,71,24.35,Two year,No,Mailed check
2961-VNFKL,0,monitor,71,25.95,Two year,No,Credit card (automatic)
7602-DBTOU,0,monitor,71,19.6,Two year,No,Mailed check
5743-KHMNA,0,monitor,71,25.55,Two year,No,Bank transfer (automatic)
2718-YSKCS,0,monitor,71,19.6,Two year,No,Bank transfer (automatic)
0825-CPPQH,0,monitor,71,19.1,Two year,No,Credit card (automatic)
1052-QJIBV,0,monitor,71,19.9,Two year,No,Credit card (automatic)
7161-DFHUF,0,monitor,71,23.85,Two year,No,Mailed check
0264-CNITK,0,monitor,71,20.1,Two year,No,Bank transfer (automatic)
1987-AUELQ,0,monitor,71,25.05,Two year,No,Credit card (automatic)
5846-ABOBJ,0,monitor,71,24.45,Two year,No,Bank transfer (automatic)
6892-BOGQE,0,monitor,71,20.9,Two year,No,Bank transfer (automatic)
0774-RMNUW,0,monitor,71,59.7,Two year,DSL,Bank transfer (automatic)
4817-KEQSP,0,monitor,71,19.85,Two year,No,Bank transfer (automatic)
1555-HAPSU,0,monitor,71,23.9,Two year,No,Credit card (automatic)
0562-HKHML,0,monitor,71,23.9,Two year,No,Credit card (automatic)
7711-GQBZC,0,monitor,71,24.7,Two year,No,Bank transfer (automatic)
2169-RRLFW,0,monitor,71,25.6,Two year,No,Credit card (automatic)
4086-WITJG,0,monitor,71,19.7,Two year,No,Credit card (automatic)
0526-SXDJP,0,monitor,72,42.1,Two year,DSL,Bank transfer (automatic)
2848-YXSMW,0,monitor,72,19.4,Two year,No,Credit card (automatic)
6734-PSBAW,0,monitor,72,23.55,Two year,No,Bank transfer (automatic)
6348-SNFUS,0,monitor,72,55.45,Two year,DSL,Credit card (automatic)
9286-BHDQG,0,monitor,72,45.25,Two year,DSL,Credit card (automatic)
7083-MIOPC,0,monitor,72,20.25,Two year,No,Credit card (automatic)
7606-BPHHN,0,monitor,72,19.8,Two year,No,Credit card (automatic)
4312-KFRXN,0,monitor,72,25.4,Two year,No,Mailed check
4992-LTJNE,0,monitor,72,55.3,Two year,DSL,Bank transfer (automatic)
6024-RUGGH,0,monitor,72,25.2,Two year,No,Bank transfer (automatic)
5787-KXGIY,0,monitor,72,19.3,Two year,No,Credit card (automatic)
8165-ZJRNM,0,monitor,72,23.75,Two year,No,Bank transfer (automatic)
2545-LXYVJ,0,monitor,72,20.7,Two year,No,Bank transfer (automatic)
7115-IRDHS,0,monitor,72,24.65,Two year,No,Bank transfer (automatic)
4821-WQOYN,0,monitor,72,20.1,Two year,No,Credit card (automatic)
3910-MRQOY,0,monitor,72,19.4,Two year,No,Bank transfer (automatic)
7684-XSZIY,0,monitor,72,24.3,Two year,No,Bank transfer (automatic)
0640-YJTPY,0,monitor,72,21,Two year,No,Bank transfer (automatic)
2429-AYKKO,0,monitor,72,19.85,Two year,No,Bank transfer (automatic)
4836-WNFNO,0,monitor,72,25,Two year,No,Credit card (automatic)
0404-AHASP,0,monitor,72,19.7,Two year,No,Credit card (automatic)
6181-AXXYF,0,monitor,72,24.75,Two year,No,Credit card (automatic)
4193-IBKSW,0,monitor,72,24.75,Two year,No,Bank transfer (automatic)
1927-QEWMY,0,monitor,72,20.5,Two year,No,Credit card (automatic)
0794-YVSGE,0,monitor,72,20.3,Two year,No,Bank transfer (automatic)
7010-BRBUU,0,monitor,72,24.1,Two year,No,Credit card (automatic)
4277-BWBML,0,monitor,72,19.95,Two year,No,Bank transfer (automatic)
1926-QUZNN,0,monitor,72,25.25,Two year,No,Bank transfer (automatic)
0784-ZQJZX,0,monitor,72,19.9,Two year,No,Credit card (automatic)
0739-UUAJR,0,monitor,72,53.8,Two year,DSL,Credit card (automatic)
8237-ULIXL,0,monitor,72,24.85,Two year,No,Credit card (automatic)
3976-HXHCE,0,monitor,72,19.3,Two year,No,Bank transfer (automatic)
4231-LZUYM,0,monitor,72,25.65,Two year,No,Bank transfer (automatic)
9838-BFCQT,0,monitor,72,26.1,Two year,No,Mailed check
5598-IKHQQ,0,monitor,72,25.45,Two year,No,Credit card (automatic)
1814-WFGVS,0,monitor,72,48.9,Two year,DSL,Mailed check
0464-WJTKO,0,monitor,72,20.1,Two year,No,Bank transfer (automatic)
6285-FTQBF,0,monitor,72,25.55,Two year,No,Credit card (automatic)
9430-NKQLY,0,monitor,72,25.1,Two year,No,Credit card (automatic)
8749-TZYEC,0,monitor,72,24.8,Two year,No,Credit card (automatic)
7463-IFMQU,0,monitor,72,20.05,Two year,No,Bank transfer (automatic)
5884-FBCTL,0,monitor,72,25.1,Two year,No,Bank transfer (automatic)
2607-DHDAK,0,monitor,72,19.8,Two year,No,Credit card (automatic)
7980-MHFLQ,0,monitor,72,24.9,Two year,No,Mailed check
1166-PQLGG,0,monitor,72,19.55,Two year,No,Bank transfer (automatic)
6917-FIJHC,0,monitor,72,26,Two year,No,Mailed check
4625-XMOYM,0,monitor,72,26.25,Two year,No,Bank transfer (automatic)
0626-QXNGV,0,monitor,72,24.15,Two year,No,Credit card (automatic)
1820-DJFPH,0,monitor,72,24.05,Two year,No,Bank transfer (automatic)
8544-JNBOX,0,monitor,72,20.8,Two year,No,Mailed check
8224-KDLKN,0,monitor,72,25,Two year,No,Bank transfer (automatic)
6928-ONTRW,0,monitor,72,19.7,Two year,No,Credit card (automatic)
8774-GSBUN,0,monitor,72,25.4,Two year,No,Mailed check
8092-NLTGF,0,monitor,72,24.75,Two year,No,Bank transfer (automatic)
7096-ZNBZI,0,monitor,72,26.45,Two year,No,Credit card (automatic)
3511-BFTJW,0,monitor,72,38.5,Two year,DSL,Credit card (automatic)
0402-OAMEN,0,monitor,72,24.45,Two year,No,Bank transfer (automatic)
1293-BSEUN,0,monitor,72,20.7,Two year,No,Mailed check
7921-BEPCI,0,monitor,72,59.75,Two year,DSL,Bank transfer (automatic)
0480-KYJVA,0,monitor,72,24.25,Two year,No,Credit card (automatic)
3704-IEAXF,0,monitor,72,53.65,Two year,DSL,Credit card (automatic)
2509-TFPJU,0,monitor,72,25.75,Two year,No,Credit card (automatic)
5893-KCLGT,0,monitor,72,19.75,Two year,No,Mailed check
4707-MAXGU,0,monitor,72,25.85,Two year,No,Credit card (automatic)
6976-BWGLQ,0,monitor,72,25.2,Two year,No,Bank transfer (automatic)
2314-TNDJQ,0,monitor,72,55.65,Two year,DSL,Credit card (automatic)
2569-WGERO,0,monitor,72,21.15,Two year,No,Bank transfer (automatic)
